[2026-03-05T05:11:25.031Z] GET /api/user/me | Body: 0 | Token: eyJraWQi | Raw: GET|/api/user/me|1772687485| | Sign: qlxnYOyI1T3ZF62OvtNirowwoojKDnJCj23lIfJyiDE=
[2026-03-05T05:11:25.363Z] GET /api/posts/background-color | Body: 0 | Token: eyJraWQi | Raw: GET|/api/posts/background-color|1772687485| | Sign: AvooSChZvXOoXlNnXNff1YIAiO4xeHHdQiYTA6Ywekw=
[2026-03-05T05:11:25.493Z] GET /api/friend/myFriends | Body: 0 | Token: eyJraWQi | Raw: GET|/api/friend/myFriends|1772687485| | Sign: 94E9cnWKU07vl75kisQR9/7mwyrU/1fWjEsR+329ka0=
[2026-03-05T05:11:25.708Z] GET /api/user/me | Body: 0 | Token: eyJraWQi | Raw: GET|/api/user/me|1772687485| | Sign: qlxnYOyI1T3ZF62OvtNirowwoojKDnJCj23lIfJyiDE=
[2026-03-05T05:11:25.881Z] GET /api/missions/current-user | Body: 0 | Token: eyJraWQi | Raw: GET|/api/missions/current-user|1772687485| | Sign: 1UAgdjGlRol/kCCLGTEktQAq1cc+DAE37VTcurUr4Ew=
[2026-03-05T05:11:26.079Z] GET /api/reaction/list | Body: 0 | Token: eyJraWQi | Raw: GET|/api/reaction/list|1772687486| | Sign: nvbvZwbg+1TJeJOshqJZSZBDiCkjE8y+/oPLQRTq5Mo=
[2026-03-05T05:11:26.214Z] GET /api/v1/notification/list | Body: 0 | Token: eyJraWQi | Raw: GET|/api/v1/notification/list|1772687486| | Sign: Sj9WpCTmBaRaBu0GJLbfXYPesPv942pa1c1fA+V/L8I=
[2026-03-05T05:11:26.334Z] GET /api/feed/home | Body: 0 | Token: eyJraWQi | Raw: GET|/api/feed/home|1772687486| | Sign: PF1OKlQGFM2oCFtH33z7bgjctkVJ/DQwXg3CJvssBy8=
[2026-03-05T05:11:26.497Z] GET /api/surf/home | Body: 0 | Token: eyJraWQi | Raw: GET|/api/surf/home|1772687486| | Sign: iBuW4SyS3da1acyoBsYrzM7rA1A7fee5fJ6HZ40MkIE=
[2026-03-05T05:12:14.327Z] GET /api/user/me | Body: 0 | Token: eyJraWQi | Raw: GET|/api/user/me|1772687534| | Sign: TxE6qFvEG0PM9EzpiERzTM2dEWIHCt+RY90ou3moQQg=
[2026-03-05T05:12:14.708Z] GET /api/posts/background-color | Body: 0 | Token: eyJraWQi | Raw: GET|/api/posts/background-color|1772687534| | Sign: +rTfqfb0307EB/JYzmzQnpFuVLJM+8gvNoZzIolV6TI=
[2026-03-05T05:12:14.836Z] GET /api/friend/myFriends | Body: 0 | Token: eyJraWQi | Raw: GET|/api/friend/myFriends|1772687534| | Sign: 3uHlYLwvlZkG5gwPuDpeLghENEvrvxRg0twgsuCBkQk=
[2026-03-05T05:12:14.983Z] GET /api/user/me | Body: 0 | Token: eyJraWQi | Raw: GET|/api/user/me|1772687534| | Sign: TxE6qFvEG0PM9EzpiERzTM2dEWIHCt+RY90ou3moQQg=
[2026-03-05T05:12:15.131Z] GET /api/missions/current-user | Body: 0 | Token: eyJraWQi | Raw: GET|/api/missions/current-user|1772687535| | Sign: +4KEOvXAcqv5Vz3T8+K6TtX0NfzqKnJgofrtCBh96Os=
[2026-03-05T05:12:15.306Z] GET /api/reaction/list | Body: 0 | Token: eyJraWQi | Raw: GET|/api/reaction/list|1772687535| | Sign: E4UObq8M2xhdP7hmt5Z9VmYfUXl5yW4ymlgxpVD/NK8=
[2026-03-05T05:12:15.455Z] GET /api/v1/notification/list | Body: 0 | Token: eyJraWQi | Raw: GET|/api/v1/notification/list|1772687535| | Sign: aOLad+6pDL9BVL4ThwbtgJoGQuiRdc77qfdWMSnkCSg=
[2026-03-05T05:12:15.568Z] GET /feed/home | Body: 0 | Token: eyJraWQi | Raw: GET|/feed/home|1772687535| | Sign: AjPlKtzo8/ytKId+OSmWdXJtsmJ5DrfoXc+J4WFcc7A=
[2026-03-05T05:12:15.686Z] GET /api/surf/home | Body: 0 | Token: eyJraWQi | Raw: GET|/api/surf/home|1772687535| | Sign: oRnu//TuE8ZN02+YOWVDtQWl7a+KNNG+Kf8ddZPgZ3Y=
[2026-03-05T05:13:15.808Z] GET /api/user/me | Body: 0 | Token: eyJraWQi | Raw: GET|/api/user/me|1772687595| | Sign: kel2wf7gsnLFitMQioBN4NaJiOoJOVgyodgrnn935D4=
[2026-03-05T05:13:16.118Z] GET /api/posts/background-color | Body: 0 | Token: eyJraWQi | Raw: GET|/api/posts/background-color|1772687596| | Sign: 8L/wFsekaYi+njOANKxFLo3tPNW/umDUur7apkZRepg=
[2026-03-05T05:13:16.231Z] GET /api/friend/myFriends | Body: 0 | Token: eyJraWQi | Raw: GET|/api/friend/myFriends|1772687596| | Sign: rlTbIsdV+DgC6TeIVDuuPw05M9ZzJZMVetGgX+6zDJ8=
[2026-03-05T05:13:16.389Z] GET /api/user/me | Body: 0 | Token: eyJraWQi | Raw: GET|/api/user/me|1772687596| | Sign: /r42Xh6PgbtX0DapwSuvH3lO/KWtSORCPB+isEOykNU=
[2026-03-05T05:13:16.539Z] GET /api/missions/current-user | Body: 0 | Token: eyJraWQi | Raw: GET|/api/missions/current-user|1772687596| | Sign: MZyPtlrrJNdQYrEeO11FmSZeIcLZ0rVY+qICy9oKJQ4=
[2026-03-05T05:13:16.716Z] GET /api/reaction/list | Body: 0 | Token: eyJraWQi | Raw: GET|/api/reaction/list|1772687596| | Sign: KqAuQ2JQKA2dzA/TsACPmaWsm1D4sKQ1hCyk+q1qlUY=
[2026-03-05T05:13:16.853Z] GET /api/v1/notification/list | Body: 0 | Token: eyJraWQi | Raw: GET|/api/v1/notification/list|1772687596| | Sign: DloZFFymzlsn42xqJJRE//Llrl2USZwvq0BLfP9snls=
[2026-03-05T05:13:16.968Z] GET /feed/home | Body: 0 | Token: eyJraWQi | Raw: GET|/feed/home|1772687596| | Sign: FSHp26g+ERO5blAus1luyip5Ucf10TPtqP/mYhLkbnk=
[2026-03-05T05:13:17.080Z] GET /api/surf/home | Body: 0 | Token: eyJraWQi | Raw: GET|/api/surf/home|1772687597| | Sign: +kmY2ITd4lkcnGlgK+3XXmkWAqLuhLYHomv9j2+by4Y=
[2026-03-05T05:14:15.807Z] GET /api/user/me | Body: 0 | Token: eyJraWQi | Raw: GET|/api/user/me|1772687655| | Sign: ua1/fSmMtY1r/cNfA/yJmm7AUigzNVNnOwSa4NZXnEQ=
[2026-03-05T05:14:16.281Z] GET /api/posts/background-color | Body: 0 | Token: eyJraWQi | Raw: GET|/api/posts/background-color|1772687656| | Sign: b7qa2OehF8Vs5YaRZkyMYV1M9ht8n++XRNBbEouRB1E=
[2026-03-05T05:14:16.446Z] GET /api/friend/myFriends | Body: 0 | Token: eyJraWQi | Raw: GET|/api/friend/myFriends|1772687656| | Sign: 9JYLGWsaotiKZQTm8LgZ9t8Jm2Jyi0xQZqxHvPYGLwM=
[2026-03-05T05:14:16.641Z] GET /api/user/me | Body: 0 | Token: eyJraWQi | Raw: GET|/api/user/me|1772687656| | Sign: +VsePLnkt91qg3ACBT272QihrjxJdVj2KF3GY0M51I0=
[2026-03-05T05:14:16.837Z] GET /api/missions/current-user | Body: 0 | Token: eyJraWQi | Raw: GET|/api/missions/current-user|1772687656| | Sign: u7auCC1EozyNTwFSeOUr7+yXkL7UOI9W7nJBUmOTo6Y=
[2026-03-05T05:14:17.071Z] GET /api/reaction/list | Body: 0 | Token: eyJraWQi | Raw: GET|/api/reaction/list|1772687657| | Sign: 3Aw2uB/SwjGb9C/Q5sH+SIY2RdEPbWVPk5IMmdMke2o=
[2026-03-05T05:14:17.251Z] GET /api/v1/notification/list | Body: 0 | Token: eyJraWQi | Raw: GET|/api/v1/notification/list|1772687657| | Sign: X258ErG2z5+nYyXjPeoYFFnpJ0x1FZaq+IRmjovgiYo=
[2026-03-05T05:14:17.410Z] GET /feed/home | Body: 0 | Token: eyJraWQi | Raw: GET|/feed/home|1772687657| | Sign: yYVVOPo3+PVJODKasKr0j2rsDrBVwOOREdP1LOhRUCY=
[2026-03-05T05:14:17.573Z] GET /api/surf/home | Body: 0 | Token: eyJraWQi | Raw: GET|/api/surf/home|1772687657| | Sign: h0qriK10LJAqs6dlrWUIu1WqdDAIr8kx6Ze3g7g92n0=
[2026-03-05T05:14:26.026Z] GET /api/user/me | Body: 0 | Token: eyJraWQi | Raw: GET|/api/user/me|1772687666| | Sign: tz3h+Kv4sxf5HlPss/O3C4g1aH5s+nvokEHItMXDJjY=
[2026-03-05T05:14:26.513Z] GET /api/posts/background-color | Body: 0 | Token: eyJraWQi | Raw: GET|/api/posts/background-color|1772687666| | Sign: Yuv0ezKEQKES5qi60nqURi2s9jmz2fy/URHvwCgDWbQ=
[2026-03-05T05:14:26.690Z] GET /api/friend/myFriends | Body: 0 | Token: eyJraWQi | Raw: GET|/api/friend/myFriends|1772687666| | Sign: D7f3yglU2NM8UMPc8O5OEy3XygKGAm8xu1k+yOgRmjo=
[2026-03-05T05:14:26.886Z] GET /api/user/me | Body: 0 | Token: eyJraWQi | Raw: GET|/api/user/me|1772687666| | Sign: tz3h+Kv4sxf5HlPss/O3C4g1aH5s+nvokEHItMXDJjY=
[2026-03-05T05:14:27.086Z] GET /api/missions/current-user | Body: 0 | Token: eyJraWQi | Raw: GET|/api/missions/current-user|1772687667| | Sign: Kwg6vEvizPKtxBApAQjlxJtuutr8+5y+knqX5vyjsv8=
[2026-03-05T05:15:15.808Z] GET /api/user/me | Body: 0 | Token: eyJraWQi | Raw: GET|/api/user/me|1772687715| | Sign: gI/hoBM41NaIeLoMS3i38mCclbYKiM4Z10ABeyGFqRw=
[2026-03-05T05:15:16.130Z] GET /api/posts/background-color | Body: 0 | Token: eyJraWQi | Raw: GET|/api/posts/background-color|1772687716| | Sign: 6gH/A7jLXgVPNk8p0qZ9FBsaUFcCEABYvxKripcwLx4=
[2026-03-05T05:15:16.243Z] GET /api/friend/myFriends | Body: 0 | Token: eyJraWQi | Raw: GET|/api/friend/myFriends|1772687716| | Sign: WKYPxqOf2PlPzC8cx1vJ2LOzYUOxAhxZTW24Jr1NTJs=
[2026-03-05T05:15:16.396Z] GET /api/user/me | Body: 0 | Token: eyJraWQi | Raw: GET|/api/user/me|1772687716| | Sign: 9uTA9sVqP90+u5Sr+VNkymvLjWoTNMxO+eAlYD9BVc0=
[2026-03-05T05:15:16.576Z] GET /api/missions/current-user | Body: 0 | Token: eyJraWQi | Raw: GET|/api/missions/current-user|1772687716| | Sign: 0U8PhrQ8vUYGiQRzNu3ZZTOVa05P7ujM7jtMzch3G+Y=
[2026-03-05T05:15:16.782Z] GET /api/reaction/list | Body: 0 | Token: eyJraWQi | Raw: GET|/api/reaction/list|1772687716| | Sign: Tfkf3PxFP9b5JrAB8gQ5sqZ6/FiuCLK0bIW/ZS66eYI=
[2026-03-05T05:15:16.912Z] GET /api/v1/notification/list | Body: 0 | Token: eyJraWQi | Raw: GET|/api/v1/notification/list|1772687716| | Sign: AHJLslBQ3I1Nuau2jS09ROg9n9ju5WgMAjQsqiuF8kI=
[2026-03-05T05:15:17.024Z] GET /feed/home | Body: 0 | Token: eyJraWQi | Raw: GET|/feed/home|1772687717| | Sign: VRmBiKNeiaoDZrPKu25OLmruM8lLJmPquSj5xNFbBtI=
[2026-03-05T05:15:17.134Z] GET /api/surf/home | Body: 0 | Token: eyJraWQi | Raw: GET|/api/surf/home|1772687717| | Sign: JAXXcnY6yM7VVLCKywDQQY+pT4GSD3Xz3U/6SXJMlhk=
[2026-03-05T05:16:15.813Z] GET /api/user/me | Body: 0 | Token: eyJraWQi | Raw: GET|/api/user/me|1772687775| | Sign: nbm02jVeExDUSIEufBw3tA5RuhXSCYzZzTjNXeHGUhA=
[2026-03-05T05:16:16.085Z] GET /api/posts/background-color | Body: 0 | Token: eyJraWQi | Raw: GET|/api/posts/background-color|1772687776| | Sign: dSxjj2UFquL10A+JXhhiD47X6C41dvnvEF73XH99rwA=
[2026-03-05T05:16:16.200Z] GET /api/friend/myFriends | Body: 0 | Token: eyJraWQi | Raw: GET|/api/friend/myFriends|1772687776| | Sign: RYUygnIEsz10sRsBGRhyHQ/8I/zOe0EbBNvAoDtrCs8=
[2026-03-05T05:16:16.349Z] GET /api/user/me | Body: 0 | Token: eyJraWQi | Raw: GET|/api/user/me|1772687776| | Sign: VMxFUZnaaTEZntgjKmzIjl0NfGyKWmp79HE1mxO1rQI=
[2026-03-05T05:16:16.504Z] GET /api/missions/current-user | Body: 0 | Token: eyJraWQi | Raw: GET|/api/missions/current-user|1772687776| | Sign: 7whdExu3R8IdFMAkjzZLo0Ijy9NYKwa1mvrZu3iFCmU=
[2026-03-05T05:16:16.683Z] GET /api/reaction/list | Body: 0 | Token: eyJraWQi | Raw: GET|/api/reaction/list|1772687776| | Sign: c8OumjdW5oHDB/OWceMiEh6BEi+pj20LdVXOL/qmfzQ=
[2026-03-05T05:16:16.806Z] GET /api/v1/notification/list | Body: 0 | Token: eyJraWQi | Raw: GET|/api/v1/notification/list|1772687776| | Sign: 1mXWaT4fHJvtr1pwUuYCRjdaW8jzEbL56pi87qdTdBY=
[2026-03-05T05:16:16.921Z] GET /feed/home | Body: 0 | Token: eyJraWQi | Raw: GET|/feed/home|1772687776| | Sign: StFMouvQ8TbCzr4tZakX73wHQViahptQT0zxR8jntbU=
[2026-03-05T05:16:17.047Z] GET /api/surf/home | Body: 0 | Token: eyJraWQi | Raw: GET|/api/surf/home|1772687777| | Sign: wnJnI7LqoQuB3quM8iKUTbeb+ZaqeCpiU98s6y5RpyM=
[2026-03-05T05:17:15.813Z] GET /api/user/me | Body: 0 | Token: eyJraWQi | Raw: GET|/api/user/me|1772687835| | Sign: +XKiX9+n1z7rGg0D9sTUclMV1m2ct3i2GvtQEZf9iB0=
[2026-03-05T05:17:16.175Z] GET /api/posts/background-color | Body: 0 | Token: eyJraWQi | Raw: GET|/api/posts/background-color|1772687836| | Sign: pbMWqWKj1VdCmW/wTymsZpmIDfdnkxcilgL457ekKRQ=
[2026-03-05T05:17:16.301Z] GET /api/friend/myFriends | Body: 0 | Token: eyJraWQi | Raw: GET|/api/friend/myFriends|1772687836| | Sign: oP4449UXVsdMMLM8D+svf0dPANSgr41FNuocuAFc2oQ=
[2026-03-05T05:17:16.465Z] GET /api/user/me | Body: 0 | Token: eyJraWQi | Raw: GET|/api/user/me|1772687836| | Sign: GgqvWU2jznGFFp8n9XCWkRZt2qvuOmgR6AJxANqY8w0=
[2026-03-05T05:17:16.617Z] GET /api/missions/current-user | Body: 0 | Token: eyJraWQi | Raw: GET|/api/missions/current-user|1772687836| | Sign: PWaEYUc3xfYiO4Q6Cg9bvi2UX4cNRmggZYNtc/65BvA=
[2026-03-05T05:17:16.799Z] GET /api/reaction/list | Body: 0 | Token: eyJraWQi | Raw: GET|/api/reaction/list|1772687836| | Sign: 91tFhB/Gi0DC1Jgvx97KI7fL0n10rxpxVtKjlnCqmiM=
[2026-03-05T05:17:16.946Z] GET /api/v1/notification/list | Body: 0 | Token: eyJraWQi | Raw: GET|/api/v1/notification/list|1772687836| | Sign: EmVX4A5EBzg27xLWcYDe3cfyQw96tcNRZNHf18W7XgE=
[2026-03-05T05:17:17.071Z] GET /feed/home | Body: 0 | Token: eyJraWQi | Raw: GET|/feed/home|1772687837| | Sign: t0em5cS/P9AnD7v1dhpRXO58Pb76rJox4N2a5uMZLyI=
[2026-03-05T05:17:17.200Z] GET /api/surf/home | Body: 0 | Token: eyJraWQi | Raw: GET|/api/surf/home|1772687837| | Sign: 6ffP/FQ/OK00nmdCh9Rv5OhH3iZ9kVvrdXTEee0LrWU=
[2026-03-05T05:18:15.818Z] GET /api/user/me | Body: 0 | Token: eyJraWQi | Raw: GET|/api/user/me|1772687895| | Sign: WfyOa3+v+ORJnucGnrL0v5V4vtif+aT7IiqqxzssgH8=
[2026-03-05T05:18:16.166Z] GET /api/posts/background-color | Body: 0 | Token: eyJraWQi | Raw: GET|/api/posts/background-color|1772687896| | Sign: vCODhRct1nfVvYtxebSv7REGZR6FmLg66CrydR1i5h8=
[2026-03-05T05:18:16.289Z] GET /api/friend/myFriends | Body: 0 | Token: eyJraWQi | Raw: GET|/api/friend/myFriends|1772687896| | Sign: +0l0xw4HiJp8iypwBme8Wu3Q3j+3emiUa40PWGm4XiY=
[2026-03-05T05:18:16.459Z] GET /api/user/me | Body: 0 | Token: eyJraWQi | Raw: GET|/api/user/me|1772687896| | Sign: l43530OOsdhONPfE5Hy8NThMTCj06twNSQ5WEaq6PeA=
[2026-03-05T05:18:16.632Z] GET /api/missions/current-user | Body: 0 | Token: eyJraWQi | Raw: GET|/api/missions/current-user|1772687896| | Sign: pH2oscnvMiNd/cvemM7BNpFd88VP08r3s0pHVgm8poU=
[2026-03-05T05:18:16.833Z] GET /api/reaction/list | Body: 0 | Token: eyJraWQi | Raw: GET|/api/reaction/list|1772687896| | Sign: neZgQGsjhVAhW6WGkRU91pIVypAquUOeT/1TBMwqywg=
[2026-03-05T05:18:16.980Z] GET /api/v1/notification/list | Body: 0 | Token: eyJraWQi | Raw: GET|/api/v1/notification/list|1772687896| | Sign: i/xPzJTuMqHC1MZf8TCmAWC6w87G3rkiLGheT3PJXLc=
[2026-03-05T05:18:17.104Z] GET /feed/home | Body: 0 | Token: eyJraWQi | Raw: GET|/feed/home|1772687897| | Sign: s9evvokeiymBUJ6VJxY8mQlXmvF/vDlPu/NT6hq5VU8=
[2026-03-05T05:18:17.225Z] GET /api/surf/home | Body: 0 | Token: eyJraWQi | Raw: GET|/api/surf/home|1772687897| | Sign: OrmCjhz76Xmk1q3j3OakMANj4LotDZMn6BdewRB8M+4=
[2026-03-05T05:19:15.828Z] GET /api/user/me | Body: 0 | Token: eyJraWQi | Raw: GET|/api/user/me|1772687955| | Sign: KMA+YR8m8gq54IekF+uuXEl+8BW3kP/LRWD4u8jto20=
[2026-03-05T05:19:16.203Z] GET /api/posts/background-color | Body: 0 | Token: eyJraWQi | Raw: GET|/api/posts/background-color|1772687956| | Sign: 8mmWkp0eWkm/4YcN1mpax4gb91WuiWguo97el7W3y80=
[2026-03-05T05:19:16.329Z] GET /api/friend/myFriends | Body: 0 | Token: eyJraWQi | Raw: GET|/api/friend/myFriends|1772687956| | Sign: JAf6MpGuOgkLQQxTzrTWZDXpZnqdDWTetl4FBVpjDdY=
[2026-03-05T05:19:16.513Z] GET /api/user/me | Body: 0 | Token: eyJraWQi | Raw: GET|/api/user/me|1772687956| | Sign: VVHnNAr87guDGwQsPPN1UNq36vvwTw1cqYVCLO1gIBg=
[2026-03-05T05:19:16.681Z] GET /api/missions/current-user | Body: 0 | Token: eyJraWQi | Raw: GET|/api/missions/current-user|1772687956| | Sign: Harx1jQYT6lrs5YXufPpzED36/FJHpc0CwXRDofbNGE=
[2026-03-05T05:19:16.880Z] GET /api/reaction/list | Body: 0 | Token: eyJraWQi | Raw: GET|/api/reaction/list|1772687956| | Sign: j4DHRP6jVKheVDU3o5JYOWSMwx7O21Rzc8GdKRO5/is=
[2026-03-05T05:19:17.033Z] GET /api/v1/notification/list | Body: 0 | Token: eyJraWQi | Raw: GET|/api/v1/notification/list|1772687957| | Sign: ir03JBvLhHdpFhrzQQiXvd70CgdLrAJGlwzWVF9aDzw=
[2026-03-05T05:19:17.153Z] GET /feed/home | Body: 0 | Token: eyJraWQi | Raw: GET|/feed/home|1772687957| | Sign: lNmVp2RLGQdsJ80T86y67e1AAfzChgeswTjLFdupo2s=
[2026-03-05T05:19:17.273Z] GET /api/surf/home | Body: 0 | Token: eyJraWQi | Raw: GET|/api/surf/home|1772687957| | Sign: Zw46GPxF/rOG1O9+0eTX9NAYqOyMMAuicOulH2F4rjw=
[2026-03-05T05:20:15.831Z] GET /api/user/me | Body: 0 | Token: eyJraWQi | Raw: GET|/api/user/me|1772688015| | Sign: wIBSR58a5XAFwXxmn8aIRu1rF85aIN1JB9kHLRy/KYc=
[2026-03-05T05:20:16.087Z] GET /api/posts/background-color | Body: 0 | Token: eyJraWQi | Raw: GET|/api/posts/background-color|1772688016| | Sign: f5jjNExCp9ctm6PFT6p1BDDgPJQ4h7tQSB5F7ao6jLk=
[2026-03-05T05:20:16.202Z] GET /api/friend/myFriends | Body: 0 | Token: eyJraWQi | Raw: GET|/api/friend/myFriends|1772688016| | Sign: zhgyKqTgLpmniX3CGI60NBRkx451O+H6po6c+0NRAQY=
[2026-03-05T05:20:16.357Z] GET /api/user/me | Body: 0 | Token: eyJraWQi | Raw: GET|/api/user/me|1772688016| | Sign: K9etU9Aagmpn4/ZXUAkrEdPu21DaqPHSZidmpPQtOSc=
[2026-03-05T05:20:16.507Z] GET /api/missions/current-user | Body: 0 | Token: eyJraWQi | Raw: GET|/api/missions/current-user|1772688016| | Sign: EpV3vWRcAQsJf0yb1lPBdWDWO52bdYkOWi6jypsiG4Y=
[2026-03-05T05:20:16.699Z] GET /api/reaction/list | Body: 0 | Token: eyJraWQi | Raw: GET|/api/reaction/list|1772688016| | Sign: a/FcrNP3D7TNabHZKSw+yiq3whfn0touI2wz+4RKKp4=
[2026-03-05T05:20:16.827Z] GET /api/v1/notification/list | Body: 0 | Token: eyJraWQi | Raw: GET|/api/v1/notification/list|1772688016| | Sign: QgB1GLcGZj84jc1SWZNGNQojzx+CN0QxMF/1bKZ3LH0=
[2026-03-05T05:20:16.936Z] GET /feed/home | Body: 0 | Token: eyJraWQi | Raw: GET|/feed/home|1772688016| | Sign: WVEgTrNEeZcXX09tcabNN34EsPi9QaBTGwrpHm0oQwI=
[2026-03-05T05:20:17.052Z] GET /api/surf/home | Body: 0 | Token: eyJraWQi | Raw: GET|/api/surf/home|1772688017| | Sign: KXjv77fdfWDsqrFdwr3F8YQulglmQG6Vdpn3rIIPQRs=
[2026-03-05T05:21:15.832Z] GET /api/user/me | Body: 0 | Token: eyJraWQi | Raw: GET|/api/user/me|1772688075| | Sign: J9Wn5EbBJWB6gslVIEteFHbTwJhaR/VIsRXaB8moYoc=
[2026-03-05T05:21:16.200Z] GET /api/posts/background-color | Body: 0 | Token: eyJraWQi | Raw: GET|/api/posts/background-color|1772688076| | Sign: 5p+h/hs0gjvG8HiAhnElFVNXQ6ovI4Y0h9910u/vMRk=
[2026-03-05T05:21:16.324Z] GET /api/friend/myFriends | Body: 0 | Token: eyJraWQi | Raw: GET|/api/friend/myFriends|1772688076| | Sign: N4RFZVt2vvq4YrJnw+tRSFkXFHb2czWmtzjSjVarKVk=
[2026-03-05T05:21:16.490Z] GET /api/user/me | Body: 0 | Token: eyJraWQi | Raw: GET|/api/user/me|1772688076| | Sign: wGTqY8Kd2lc2fPDrU43Sa7Ysb3J20IddyE4U6YnOn9c=
[2026-03-05T05:21:16.654Z] GET /api/missions/current-user | Body: 0 | Token: eyJraWQi | Raw: GET|/api/missions/current-user|1772688076| | Sign: XXq7JHRdvvgyWngaSSWMkSZ8JJqLqxQFf3sY70A2vLs=
[2026-03-05T05:21:16.836Z] GET /api/reaction/list | Body: 0 | Token: eyJraWQi | Raw: GET|/api/reaction/list|1772688076| | Sign: OEITe0ekipQgEZAXKUtkS/vFg8t9/HzAy0jGP6EkxKo=
[2026-03-05T05:21:16.985Z] GET /api/v1/notification/list | Body: 0 | Token: eyJraWQi | Raw: GET|/api/v1/notification/list|1772688076| | Sign: PT9EtZOCidW3CoPucvMUYlljXjACqvz8cwvK/Zl6b3s=
[2026-03-05T05:21:17.111Z] GET /feed/home | Body: 0 | Token: eyJraWQi | Raw: GET|/feed/home|1772688077| | Sign: ZTzmVGaldpJrR4v00d0DHX3NykwqbLgN7Op7bw8nU8I=
[2026-03-05T05:21:17.243Z] GET /api/surf/home | Body: 0 | Token: eyJraWQi | Raw: GET|/api/surf/home|1772688077| | Sign: Ox6/7hDCqD1Rfr+EaQR/c1G5hLLbsVIGs63sMFIE0yI=
[2026-03-05T05:22:15.846Z] GET /api/user/me | Body: 0 | Token: eyJraWQi | Raw: GET|/api/user/me|1772688135| | Sign: Z/RtJ4RT/LSXR98l55ebBF70URzEkFPvfFs7XUJOxt0=
[2026-03-05T05:22:16.211Z] GET /api/posts/background-color | Body: 0 | Token: eyJraWQi | Raw: GET|/api/posts/background-color|1772688136| | Sign: H8XLZ7vmXKPRCY/9+gilRQGytFnPHowjVa85BVD+j6k=
[2026-03-05T05:22:16.330Z] GET /api/friend/myFriends | Body: 0 | Token: eyJraWQi | Raw: GET|/api/friend/myFriends|1772688136| | Sign: Ey5Vi0kn8XGBIB5qBUQ2WRe+eTof+jmLWMhz3Wr/EQw=
[2026-03-05T05:22:16.484Z] GET /api/user/me | Body: 0 | Token: eyJraWQi | Raw: GET|/api/user/me|1772688136| | Sign: hDv0z7C7g6irTTWoC6JMGtl0t1kTujedQG9+DMG3DPo=
[2026-03-05T05:22:16.641Z] GET /api/missions/current-user | Body: 0 | Token: eyJraWQi | Raw: GET|/api/missions/current-user|1772688136| | Sign: g9KOSx4VjfT9NRp46iWpzFmYVycG59E9hD/D4KKsiW8=
[2026-03-05T05:22:16.821Z] GET /api/reaction/list | Body: 0 | Token: eyJraWQi | Raw: GET|/api/reaction/list|1772688136| | Sign: tmqu19CEawvv5yUrT7WYoACaU14/1jzniTdkwhWRVuI=
[2026-03-05T05:22:16.951Z] GET /api/v1/notification/list | Body: 0 | Token: eyJraWQi | Raw: GET|/api/v1/notification/list|1772688136| | Sign: p47huXZcgEgSFLIB48g91uLX2NK2KUIiKqohFrVDWDQ=
[2026-03-05T05:22:17.072Z] GET /feed/home | Body: 0 | Token: eyJraWQi | Raw: GET|/feed/home|1772688137| | Sign: YJhz9dYiq6NkTj4hIH8LSb73xtAXfMUsC2TxSltxOeM=
[2026-03-05T05:22:17.193Z] GET /api/surf/home | Body: 0 | Token: eyJraWQi | Raw: GET|/api/surf/home|1772688137| | Sign: k1p0Mj9JHo7l/ZYq2f7ZCK8bTsEVZTDdMyln7ioV+fQ=
[2026-03-05T05:22:19.708Z] GET /api/user/me | Body: 0 | Token: eyJraWQi | Raw: GET|/api/user/me|1772688139| | Sign: 4NTYWsQ/iAjAlKzBClEdch0ejKRu29KXyjSlTR7dHb4=
[2026-03-05T05:22:20.096Z] GET /api/posts/background-color | Body: 0 | Token: eyJraWQi | Raw: GET|/api/posts/background-color|1772688140| | Sign: vL+Ruhbf2mT2fSN8hrsWb3sVTfVtmKfmNQyc71xLxmA=
[2026-03-05T05:22:20.234Z] GET /api/friend/myFriends | Body: 0 | Token: eyJraWQi | Raw: GET|/api/friend/myFriends|1772688140| | Sign: CkGx/pPRpInDfHCorYNiKBiNasofD8k/Vs+6wi8l9lE=
[2026-03-05T05:22:20.403Z] GET /api/user/me | Body: 0 | Token: eyJraWQi | Raw: GET|/api/user/me|1772688140| | Sign: 2oWoFWj+UhXwgRGjB7qnDDbDpO+KKpy4o3SeFsWaJ4I=
[2026-03-05T05:22:20.557Z] GET /api/missions/current-user | Body: 0 | Token: eyJraWQi | Raw: GET|/api/missions/current-user|1772688140| | Sign: /TFHlj9oB6JilVmmxDIN3UaxC2LQ/7Bne3zWuScPVQc=
[2026-03-05T05:22:20.751Z] GET /api/reaction/list | Body: 0 | Token: eyJraWQi | Raw: GET|/api/reaction/list|1772688140| | Sign: lenQ3bYlz8ex0ssMI2BZVr75Uw+ScBbuesSkT2DU38E=
[2026-03-05T05:22:20.889Z] GET /api/v1/notification/list | Body: 0 | Token: eyJraWQi | Raw: GET|/api/v1/notification/list|1772688140| | Sign: Y2cJNYkjLbAtF5m1zCDbxHHL4543vPY/mWeCpbaEiOo=
[2026-03-05T05:22:21.057Z] GET /api/feed/home | Body: 0 | Token: V0yM*oA! | Raw: GET|/api/feed/home|1772688141| | Sign: 4X1JAqB1lDpJt7gbj+5h0V0M78wyVqGio8m/twTGUpw=
[2026-03-05T05:22:21.180Z] GET /api/surf/home | Body: 0 | Token: eyJraWQi | Raw: GET|/api/surf/home|1772688141| | Sign: nTlOG5+AogRNL7U2ybNvrG+pSaOVDjNezb5M+eErGn8=
[2026-03-05T05:23:15.850Z] GET /api/user/me | Body: 0 | Token: eyJraWQi | Raw: GET|/api/user/me|1772688195| | Sign: 6mO5w9mzJQ6zMWJtfz4Fm1Y+a+DKGxElkGiUUYI7sqQ=
[2026-03-05T05:23:16.127Z] GET /api/posts/background-color | Body: 0 | Token: eyJraWQi | Raw: GET|/api/posts/background-color|1772688196| | Sign: AlpZHwYOJ+0xsP/3gkLED/0zqhag3e8Ejmrrx1Hi7xw=
[2026-03-05T05:23:16.250Z] GET /api/friend/myFriends | Body: 0 | Token: eyJraWQi | Raw: GET|/api/friend/myFriends|1772688196| | Sign: YszscKZ2H7JC8WoxhNwNgPJCU5+pYq+6TgemLzaELBY=
[2026-03-05T05:23:16.420Z] GET /api/user/me | Body: 0 | Token: eyJraWQi | Raw: GET|/api/user/me|1772688196| | Sign: jkaZf3OvnWVxxRaigLpIQT7nLhbT/UPtp7k+pgCmbfw=
[2026-03-05T05:23:16.586Z] GET /api/missions/current-user | Body: 0 | Token: eyJraWQi | Raw: GET|/api/missions/current-user|1772688196| | Sign: juKTZPy8WWG7qQXiOmFSQjyp6OYTW+zrWl68ruKEVkI=
[2026-03-05T05:23:16.786Z] GET /api/reaction/list | Body: 0 | Token: eyJraWQi | Raw: GET|/api/reaction/list|1772688196| | Sign: 0gW6mEx5ksaFTFsYoMtx1Ygfji2fOofuZtj76i04Zek=
[2026-03-05T05:23:16.917Z] GET /api/v1/notification/list | Body: 0 | Token: eyJraWQi | Raw: GET|/api/v1/notification/list|1772688196| | Sign: n+QatR/9vOmGfhVOu7Hn+ek6Taenbq8kZUuICQ2rpko=
[2026-03-05T05:23:17.030Z] GET /feed/home | Body: 0 | Token: eyJraWQi | Raw: GET|/feed/home|1772688197| | Sign: aD8TgAsrxvX/+eR4WqqMSQx14qbAd0MgzJI5yKYut8o=
[2026-03-05T05:23:17.147Z] GET /api/surf/home | Body: 0 | Token: eyJraWQi | Raw: GET|/api/surf/home|1772688197| | Sign: +OraKQwntQ0CJdpmGzvVbGZR8IzaLw/aXxCZQRJ2dbw=
[2026-03-05T05:24:15.851Z] GET /api/user/me | Body: 0 | Token: eyJraWQi | Raw: GET|/api/user/me|1772688255| | Sign: HXQK3kNbWqBVI+DCdqei+e7Igs71lhUMBXICd6Ahzms=
[2026-03-05T05:24:16.108Z] GET /api/posts/background-color | Body: 0 | Token: eyJraWQi | Raw: GET|/api/posts/background-color|1772688256| | Sign: nsb37nTtb0Wzy7gtFtfW1eg1ubNVyLgb6WVlHZJiLoo=
[2026-03-05T05:24:16.218Z] GET /api/friend/myFriends | Body: 0 | Token: eyJraWQi | Raw: GET|/api/friend/myFriends|1772688256| | Sign: Q/ONPQN3G9UmBD/EggUgFAz2wHc0TQN0oeEt5RfrsrU=
[2026-03-05T05:24:16.362Z] GET /api/user/me | Body: 0 | Token: eyJraWQi | Raw: GET|/api/user/me|1772688256| | Sign: ioF7dvhl6iZ5m5bqTUBHWNyPCdtsbELoj+4/zk0k334=
[2026-03-05T05:24:16.509Z] GET /api/missions/current-user | Body: 0 | Token: eyJraWQi | Raw: GET|/api/missions/current-user|1772688256| | Sign: RIxBYvpu4prY3Ns6wqUEcAY5614WmVIQU3VmAe37uyw=
[2026-03-05T05:24:16.665Z] GET /api/reaction/list | Body: 0 | Token: eyJraWQi | Raw: GET|/api/reaction/list|1772688256| | Sign: rKiobSGcGDg59eU5I7uboocYf9Epq2hMExoUe6prstA=
[2026-03-05T05:24:16.790Z] GET /api/v1/notification/list | Body: 0 | Token: eyJraWQi | Raw: GET|/api/v1/notification/list|1772688256| | Sign: hOQCHvoWn6oGaIMjrFk+BCN3swruAYK3rKVKJLqKbGM=
[2026-03-05T05:24:16.903Z] GET /feed/home | Body: 0 | Token: eyJraWQi | Raw: GET|/feed/home|1772688256| | Sign: CUpp+qe567C/EovlGYQ1jBZkryUQ8YleYDs4c9EXd1o=
[2026-03-05T05:24:17.025Z] GET /api/surf/home | Body: 0 | Token: eyJraWQi | Raw: GET|/api/surf/home|1772688257| | Sign: gFN/EwBQzWblS/xHBZySXcPIn1d47MLk+XsEujg6YLc=
[2026-03-05T05:24:52.841Z] GET /api/user/me | Body: 0 | Token: eyJraWQi | Raw: GET|/api/user/me|1772688292| | Sign: +X8AbC5V0Sq1KHlIlPZVNngk9quvYfyQWtccg5oM9lQ=
[2026-03-05T05:24:53.113Z] GET /api/posts/background-color | Body: 0 | Token: eyJraWQi | Raw: GET|/api/posts/background-color|1772688293| | Sign: jsx7qhUCFha9epDhmtMTGFYKnkw8BgC+AoObF83fWtM=
[2026-03-05T05:24:53.260Z] GET /api/friend/myFriends | Body: 0 | Token: eyJraWQi | Raw: GET|/api/friend/myFriends|1772688293| | Sign: AtEI5KoiQJA2kC8x59G1SaSjMIA6Vf9l+I8JvQROymA=
[2026-03-05T05:24:53.437Z] GET /api/user/me | Body: 0 | Token: eyJraWQi | Raw: GET|/api/user/me|1772688293| | Sign: nlHZO3PasvIeL8av9yi59WjBB47I8XhVYux4xBpMrmw=
[2026-03-05T05:24:53.633Z] GET /api/missions/current-user | Body: 0 | Token: eyJraWQi | Raw: GET|/api/missions/current-user|1772688293| | Sign: ORN/h6c/vfQKVTyxGHKuKUlnd7lw6lH87XcNn70I/vI=
[2026-03-05T05:24:53.825Z] GET /api/reaction/list | Body: 0 | Token: eyJraWQi | Raw: GET|/api/reaction/list|1772688293| | Sign: xJCQPCPBX3IMW8OKPG6oiq93Dlv5DCqj+32nP+YBp4g=
[2026-03-05T05:24:53.967Z] GET /api/v1/notification/list | Body: 0 | Token: eyJraWQi | Raw: GET|/api/v1/notification/list|1772688293| | Sign: TVBGlFuNURJISENjvzhFmLixRejedrqyxln+PQKeRJU=
[2026-03-05T05:24:54.084Z] GET /api/feed/home | Body: 0 | Token: V0yM*oA! | Raw: GET|/api/feed/home|1772688294| | Sign: A2PoKS9YD613NTphpEDtBGw1yc86HOshGBOZbbQcjc4=
[2026-03-05T05:24:54.249Z] GET /api/surf/home | Body: 0 | Token: eyJraWQi | Raw: GET|/api/surf/home|1772688294| | Sign: KHL/KE0G7mvQF6nfa0r8Y36ATqXkcbhQOgGzsyX8DvM=
[2026-03-05T05:25:15.853Z] GET /api/user/me | Body: 0 | Token: eyJraWQi | Raw: GET|/api/user/me|1772688315| | Sign: e1MZVi6mxX2F+tUGZCDm70f1ry9ekCQAkqVKIQayQ+U=
[2026-03-05T05:25:16.203Z] GET /api/posts/background-color | Body: 0 | Token: eyJraWQi | Raw: GET|/api/posts/background-color|1772688316| | Sign: DKCUFB2r6/5zh+DOkF5Xk6TxI/0sL0Qu3pokQ2hiQA8=
[2026-03-05T05:25:16.325Z] GET /api/friend/myFriends | Body: 0 | Token: eyJraWQi | Raw: GET|/api/friend/myFriends|1772688316| | Sign: dHnJuToDxZg9G2HiSCKyJV5SS+Kume/cXJ0IHCR52Lw=
[2026-03-05T05:25:16.494Z] GET /api/user/me | Body: 0 | Token: eyJraWQi | Raw: GET|/api/user/me|1772688316| | Sign: jshpKuJg2VT7f1ingXU18XZv6iQ9v6qOpcZaVIAYqWg=
[2026-03-05T05:25:16.637Z] GET /api/missions/current-user | Body: 0 | Token: eyJraWQi | Raw: GET|/api/missions/current-user|1772688316| | Sign: AMP7u8VYWkSzVNw/S1UGExl1R2EKO1mnWZ6w2+AIEPU=
[2026-03-05T05:25:16.846Z] GET /api/reaction/list | Body: 0 | Token: eyJraWQi | Raw: GET|/api/reaction/list|1772688316| | Sign: qQ2SMSwhL4JJQ8bssSUiCOHKxUADQsnkxp9+thdpqZM=
[2026-03-05T05:25:16.981Z] GET /api/v1/notification/list | Body: 0 | Token: eyJraWQi | Raw: GET|/api/v1/notification/list|1772688316| | Sign: d1bJ9ZJ7JPfZAo50Xcj753hncyePOJXcrOE7QD97fSk=
[2026-03-05T05:25:17.102Z] GET /feed/home | Body: 0 | Token: eyJraWQi | Raw: GET|/feed/home|1772688317| | Sign: oxjYHibkKp3mJEzs1h9fRwl6rwh3Np9sXa86Ck5YDHU=
[2026-03-05T05:25:17.228Z] GET /api/surf/home | Body: 0 | Token: eyJraWQi | Raw: GET|/api/surf/home|1772688317| | Sign: MPg5/urUBw0c6A/4WFDxWI3ur1vQALQmJYcQuaM8Zu4=
[2026-03-05T05:25:40.013Z] GET /api/user/me | Body: 0 | Token: eyJraWQi | Raw: GET|/api/user/me|1772688340| | Sign: or5iB0RNZiMIMns+DMZWjSfxzNWiLtSVVcK/RnIpnHk=
[2026-03-05T05:25:40.345Z] GET /api/posts/background-color | Body: 0 | Token: eyJraWQi | Raw: GET|/api/posts/background-color|1772688340| | Sign: tUSOYw/K6qzpG3wbabOJ4C5X7JutP57mH9H4oqfCkVo=
[2026-03-05T05:25:40.523Z] GET /api/friend/myFriends | Body: 0 | Token: eyJraWQi | Raw: GET|/api/friend/myFriends|1772688340| | Sign: OOmO6V0JHBqleA/0DliJFBMiEn6qMtWhRhoeIYld9eY=
[2026-03-05T05:25:40.746Z] GET /api/user/me | Body: 0 | Token: eyJraWQi | Raw: GET|/api/user/me|1772688340| | Sign: or5iB0RNZiMIMns+DMZWjSfxzNWiLtSVVcK/RnIpnHk=
[2026-03-05T05:25:40.942Z] GET /api/missions/current-user | Body: 0 | Token: eyJraWQi | Raw: GET|/api/missions/current-user|1772688340| | Sign: s+DmT+0+tyd6KTpgESpXIy5GrffR0zEXdL5MHB+UUgo=
[2026-03-05T05:25:41.197Z] GET /api/reaction/list | Body: 0 | Token: eyJraWQi | Raw: GET|/api/reaction/list|1772688341| | Sign: Q/TRYgY1y637fT+1vLn3RYC8+i8wQHioHGAKzk1GKCM=
[2026-03-05T05:25:41.390Z] GET /api/v1/notification/list | Body: 0 | Token: eyJraWQi | Raw: GET|/api/v1/notification/list|1772688341| | Sign: Lk7nmEVy/sZWc8aFjYeE3YMxMnudWgV9FCf+a/aOaEo=
[2026-03-05T05:25:41.560Z] GET /api/feed/home | Body: 0 | Token: V0yM*oA! | Raw: GET|/api/feed/home|1772688341| | Sign: 7hb4H1FqNRYRH7hg6nVAqJZqA01FarUsy8a9Bvd+JSg=
[2026-03-05T05:25:41.730Z] GET /api/surf/home | Body: 0 | Token: eyJraWQi | Raw: GET|/api/surf/home|1772688341| | Sign: smZTCFwhFj0cIXQiHVFTUt9cBs5JGOO0jMnfc1S67hg=
[2026-03-05T05:26:15.866Z] GET /api/user/me | Body: 0 | Token: eyJraWQi | Raw: GET|/api/user/me|1772688375| | Sign: kuqrg1bVjBhHUv0hek3MK0LGIerT27+vEFSySZM0mNQ=
[2026-03-05T05:26:16.224Z] GET /api/posts/background-color | Body: 0 | Token: eyJraWQi | Raw: GET|/api/posts/background-color|1772688376| | Sign: IwTQepzWh6G4ZJkA3obMsb3bKFEmNXE97ijD1/6RaSI=
[2026-03-05T05:26:16.348Z] GET /api/friend/myFriends | Body: 0 | Token: eyJraWQi | Raw: GET|/api/friend/myFriends|1772688376| | Sign: 4MZY8pTQFaxDuDoxHRCnMgETvZ+Z9YLibfqSvSqrsv0=
[2026-03-05T05:26:16.505Z] GET /api/user/me | Body: 0 | Token: eyJraWQi | Raw: GET|/api/user/me|1772688376| | Sign: OoxahUpYGlgXVRHNCdf/p5/Lh6j1i1FGlJ2aulSF5z0=
[2026-03-05T05:26:16.666Z] GET /api/missions/current-user | Body: 0 | Token: eyJraWQi | Raw: GET|/api/missions/current-user|1772688376| | Sign: dSHUhKJUAi30oXxWlQv+hsfjH5TUlSkqIjvsKxMlk5g=
[2026-03-05T05:26:16.841Z] GET /api/reaction/list | Body: 0 | Token: eyJraWQi | Raw: GET|/api/reaction/list|1772688376| | Sign: KzvIKhAUFtGkR1FIaPaXW9pU8myVWNiC8otAolPxZKY=
[2026-03-05T05:26:16.975Z] GET /api/v1/notification/list | Body: 0 | Token: eyJraWQi | Raw: GET|/api/v1/notification/list|1772688376| | Sign: a5GK3WwVX46ERjtdeqLF4Zrh6DKSJsuQJL6D9BQP2AQ=
[2026-03-05T05:26:17.097Z] GET /feed/home | Body: 0 | Token: eyJraWQi | Raw: GET|/feed/home|1772688377| | Sign: u9Y3zi/BeSe4QBF9ern4/5oP1v/1grXbh0xr7WdqVDM=
[2026-03-05T05:26:17.222Z] GET /api/surf/home | Body: 0 | Token: eyJraWQi | Raw: GET|/api/surf/home|1772688377| | Sign: UOCTHyWfuHyUtxtqpWkm+/aPPfnWxGgIMv6F2VZ7l8w=
[2026-03-05T05:27:15.878Z] GET /api/user/me | Body: 0 | Token: eyJraWQi | Raw: GET|/api/user/me|1772688435| | Sign: /mU8qjAFDHywsi7RjibOUg/lgNs5iSUWK15EPPnqiHE=
[2026-03-05T05:27:16.183Z] GET /api/posts/background-color | Body: 0 | Token: eyJraWQi | Raw: GET|/api/posts/background-color|1772688436| | Sign: QQD9BoGjc5SPFcSGoZQmZCFmMTtqSm+Cx7O5iekno/Y=
[2026-03-05T05:27:16.313Z] GET /api/friend/myFriends | Body: 0 | Token: eyJraWQi | Raw: GET|/api/friend/myFriends|1772688436| | Sign: WbBZ0iDaZ+fhtIjSUgdYnlSiYlJsheU2Y/2nVOYN7V4=
[2026-03-05T05:27:16.489Z] GET /api/user/me | Body: 0 | Token: eyJraWQi | Raw: GET|/api/user/me|1772688436| | Sign: 3CBBDAAKsWKB3LADktAA0HyqCwmt9/AcjR/Jbx/8J9E=
[2026-03-05T05:27:16.658Z] GET /api/missions/current-user | Body: 0 | Token: eyJraWQi | Raw: GET|/api/missions/current-user|1772688436| | Sign: m8SRVYXqBvak6CmO1/pkMY7ag+l83R9rInZKdW/GtDU=
[2026-03-05T05:27:16.859Z] GET /api/reaction/list | Body: 0 | Token: eyJraWQi | Raw: GET|/api/reaction/list|1772688436| | Sign: lfTVoaE7j3zesOjsnDW7fMkktMTpdOYPTG0WOI+8XdA=
[2026-03-05T05:27:17.009Z] GET /api/v1/notification/list | Body: 0 | Token: eyJraWQi | Raw: GET|/api/v1/notification/list|1772688437| | Sign: FXuCfPbdHPQvq5lCk4DhLWWIruwi8/kPGODcyVO2B8s=
[2026-03-05T05:27:17.139Z] GET /feed/home | Body: 0 | Token: eyJraWQi | Raw: GET|/feed/home|1772688437| | Sign: yBeDPswhbHXeoRYKVjFoq+yhX6jvQ2Ef5X/s0FANglc=
[2026-03-05T05:27:17.272Z] GET /api/surf/home | Body: 0 | Token: eyJraWQi | Raw: GET|/api/surf/home|1772688437| | Sign: 9fcM9+VKJ0YRmlvEnwu5trP/AaCz8g/uPrVMJDXrpr4=
[2026-03-05T05:28:15.883Z] GET /api/user/me | Body: 0 | Token: eyJraWQi | Raw: GET|/api/user/me|1772688495| | Sign: gFaL+lIc0EqsGaJKrEcijwNFbxtUduTqt6oiJmOmsmE=
[2026-03-05T05:28:16.151Z] GET /api/posts/background-color | Body: 0 | Token: eyJraWQi | Raw: GET|/api/posts/background-color|1772688496| | Sign: NX8ICGboB1yEF6gTc7EzmowO6K00pqCMSFR2EL8Gci4=
[2026-03-05T05:28:16.267Z] GET /api/friend/myFriends | Body: 0 | Token: eyJraWQi | Raw: GET|/api/friend/myFriends|1772688496| | Sign: aj3YP7+/ybdxP4fut3J/ER5ng2O75nxiSdLRv4ZARaM=
[2026-03-05T05:28:16.423Z] GET /api/user/me | Body: 0 | Token: eyJraWQi | Raw: GET|/api/user/me|1772688496| | Sign: smY20nE6xKT1WOuOgewpc697PzPIwTEGksziOY8dv0w=
[2026-03-05T05:28:16.582Z] GET /api/missions/current-user | Body: 0 | Token: eyJraWQi | Raw: GET|/api/missions/current-user|1772688496| | Sign: OfY/0jmqerCcA09sYaRrUormxM6ZcLhpDcDmjrcRdtc=
[2026-03-05T05:28:16.764Z] GET /api/reaction/list | Body: 0 | Token: eyJraWQi | Raw: GET|/api/reaction/list|1772688496| | Sign: s43zlwZGDBScUYpgWY8oaASSXenAW8QvGMRe7JcejbM=
[2026-03-05T05:28:16.896Z] GET /api/v1/notification/list | Body: 0 | Token: eyJraWQi | Raw: GET|/api/v1/notification/list|1772688496| | Sign: fNfBFz3LEa9YZQ/39qCGRVdjbJst0X5qAO+QmnswVAc=
[2026-03-05T05:28:17.013Z] GET /feed/home | Body: 0 | Token: eyJraWQi | Raw: GET|/feed/home|1772688497| | Sign: jPxjbtwuBTJAH/wzzM6aWszAuhrT39RlxvOR5yE93UQ=
[2026-03-05T05:28:17.131Z] GET /api/surf/home | Body: 0 | Token: eyJraWQi | Raw: GET|/api/surf/home|1772688497| | Sign: 2y8gdNiyzXbc5utvSGPz+VI5f4Be/Hli/Ey00QsjY4o=
[2026-03-05T05:29:15.886Z] GET /api/user/me | Body: 0 | Token: eyJraWQi | Raw: GET|/api/user/me|1772688555| | Sign: P0OvlDFDuVIefRFlOdD9SqJYmDobIZv5zRNszKwzKL0=
[2026-03-05T05:29:16.346Z] GET /api/posts/background-color | Body: 0 | Token: eyJraWQi | Raw: GET|/api/posts/background-color|1772688556| | Sign: Xa+vbGHt0oq9ym7eVRl8mLdaO6st8oI+qOpaD+4jrKk=
[2026-03-05T05:29:16.503Z] GET /api/friend/myFriends | Body: 0 | Token: eyJraWQi | Raw: GET|/api/friend/myFriends|1772688556| | Sign: GY+A0DqRNuiRLspk+yarP8DV8E9v65XHfwxZ6yMaLHE=
[2026-03-05T05:29:16.947Z] GET /api/user/me | Body: 0 | Token: eyJraWQi | Raw: GET|/api/user/me|1772688556| | Sign: RQ8xJtnXlo+UFLnUKfMU6cTyXVjBp9/yEKB+heQ+7HU=
[2026-03-05T05:29:17.146Z] GET /api/missions/current-user | Body: 0 | Token: eyJraWQi | Raw: GET|/api/missions/current-user|1772688557| | Sign: lWRRTXuOYRgu0hDp6dQU55CQNRwnr/tWBRn17oEBDdE=
[2026-03-05T05:29:17.411Z] GET /api/reaction/list | Body: 0 | Token: eyJraWQi | Raw: GET|/api/reaction/list|1772688557| | Sign: FZrge13Xndj2t6bKS/ORLeknGeTvqA6cR6XGhx7gXv4=
[2026-03-05T05:29:17.585Z] GET /api/v1/notification/list | Body: 0 | Token: eyJraWQi | Raw: GET|/api/v1/notification/list|1772688557| | Sign: XNLiRooaLLJU3FgxZUbyDeqpX0MCb3WxXHbNgrFzynA=
[2026-03-05T05:29:17.741Z] GET /feed/home | Body: 0 | Token: eyJraWQi | Raw: GET|/feed/home|1772688557| | Sign: 5gRdPafbbC5/Xkyv1Jpf9LyGmZi0cq9Cm4ihBiJXTGM=
[2026-03-05T05:29:17.896Z] GET /api/surf/home | Body: 0 | Token: eyJraWQi | Raw: GET|/api/surf/home|1772688557| | Sign: DrfTTc0SyNGOZC5PJYX7vdsAzOBDjUmWcCGFq3l6wu0=
[2026-03-05T05:47:48.814Z] POST /api/auth/login | Body: 57 | Token: None | Raw: POST|/api/auth/login|1772689668|{"username":"longh1248@gmail.com","password":"Admin@123"} | Sign: KbIbV4GnwBqADhfxjVwrR3eur1/Vyfd0DxB1pdVfI/4=
[2026-03-05T05:47:50.839Z] GET /api/user/me | Body: 0 | Token: eyJraWQi | Raw: GET|/api/user/me|1772689670| | Sign: k5V3EqFmfUnWCn7CACrzmCPij0uskFkHL/skEJYXuMY=
[2026-03-05T05:47:51.019Z] GET /api/posts/background-color | Body: 0 | Token: eyJraWQi | Raw: GET|/api/posts/background-color|1772689671| | Sign: LcUafkpC+2Zg/0lu5B8UvZiomPdMpDHPa4kePCY4yIo=
[2026-03-05T05:47:51.611Z] GET /api/friend/myFriends | Body: 0 | Token: eyJraWQi | Raw: GET|/api/friend/myFriends|1772689671| | Sign: QZs460N+uf3CEUyGpUvdXE7W7W15SgxGQ0X3pt/H9MM=
[2026-03-05T05:47:51.746Z] GET /api/user/me | Body: 0 | Token: eyJraWQi | Raw: GET|/api/user/me|1772689671| | Sign: hhkD6PviA3ySwcKZEAlHV0CLI38UItk+CHSpxOzBMNU=
[2026-03-05T05:47:51.856Z] GET /api/missions/current-user | Body: 0 | Token: eyJraWQi | Raw: GET|/api/missions/current-user|1772689671| | Sign: 7Bx6X0UDD8EFrGCaiXZ6MITcJv+GGFRjMxpP7ZigrYw=
[2026-03-05T05:47:52.006Z] GET /api/reaction/list | Body: 0 | Token: eyJraWQi | Raw: GET|/api/reaction/list|1772689672| | Sign: NV+HHAJYiRwyleWGm/hBhvwe7mqWfUaGUuZfIcDfVwc=
[2026-03-05T05:47:52.109Z] GET /api/v1/notification/list | Body: 0 | Token: eyJraWQi | Raw: GET|/api/v1/notification/list|1772689672| | Sign: DIkswk5rBJvR3Tjdih6KuyEieDo7VuTP8sSOWFA32iM=
[2026-03-05T05:47:52.185Z] GET /feed/home | Body: 0 | Token: eyJraWQi | Raw: GET|/feed/home|1772689672| | Sign: wGrHaMg8pnJAYScxK7YdujyyZha+kLL0qTN9pcG4S+g=
[2026-03-05T05:47:52.263Z] GET /api/surf/home | Body: 0 | Token: eyJraWQi | Raw: GET|/api/surf/home|1772689672| | Sign: hd6fwXKBZTaIyb2rdluAdrKeLHJM6sT/Di2NncvgFAw=
[2026-03-05T05:48:46.827Z] GET /api/user/me | Body: 0 | Token: eyJraWQi | Raw: GET|/api/user/me|1772689726| | Sign: wVZJ1dHNVHXQWMymzHeC+eEz7OXeyP7prIsFqCtUznA=
[2026-03-05T05:48:47.306Z] GET /api/posts/background-color | Body: 0 | Token: eyJraWQi | Raw: GET|/api/posts/background-color|1772689727| | Sign: pPDaHSqqvHjVnSO/tt9PzdJkTqdPLsdgYSjmblCRpvQ=
[2026-03-05T05:48:47.481Z] GET /api/friend/myFriends | Body: 0 | Token: eyJraWQi | Raw: GET|/api/friend/myFriends|1772689727| | Sign: gD/Zzp6Nylen04oQDvmDx0ORQUQljvJAW5vseQNQ0vk=
[2026-03-05T05:48:47.677Z] GET /api/user/me | Body: 0 | Token: eyJraWQi | Raw: GET|/api/user/me|1772689727| | Sign: NlvWKc6NKV3pOm6depX95Q5SPHxF4rFZcwVHs826Tsk=
[2026-03-05T05:48:47.868Z] GET /api/missions/current-user | Body: 0 | Token: eyJraWQi | Raw: GET|/api/missions/current-user|1772689727| | Sign: oHQX/u2nOR47TYg1TGYKsAPZMpZL2Av1Gr1Z1mf/fGk=
[2026-03-05T05:48:48.095Z] GET /api/reaction/list | Body: 0 | Token: eyJraWQi | Raw: GET|/api/reaction/list|1772689728| | Sign: daoT6QbGpHLvnq8ByqQPFGHrZFxiqXiQAHBKt4GRmwg=
[2026-03-05T05:48:48.260Z] GET /api/v1/notification/list | Body: 0 | Token: eyJraWQi | Raw: GET|/api/v1/notification/list|1772689728| | Sign: 7Ijep3F6A9zgCwvaqxelsXCUO6zyZu0gnT03iJHlYSs=
[2026-03-05T05:48:48.417Z] GET /api/feed/home | Body: 0 | Token: V0yM*oA! | Raw: GET|/api/feed/home|1772689728| | Sign: rQXcUAXA/gxASYLHrnENvPE/W/qo5f7j+ZCkJuTflX0=
[2026-03-05T05:48:48.578Z] GET /api/surf/home | Body: 0 | Token: eyJraWQi | Raw: GET|/api/surf/home|1772689728| | Sign: D9Hv/hKlbrAOf8wpxz880J8cFoWoORiuEnfPzKQ0mx0=
[2026-03-05T05:48:48.827Z] POST /api/auth/login | Body: 57 | Token: None | Raw: POST|/api/auth/login|1772689728|{"username":"longh1248@gmail.com","password":"Admin@123"} | Sign: hh/osbBoB7bgrhQSEk4i7VW6zHLWb/p0HTNDV8KRtJs=
[2026-03-05T05:48:49.309Z] GET /api/user/me | Body: 0 | Token: eyJraWQi | Raw: GET|/api/user/me|1772689729| | Sign: fqsCbmEHwZX4Qxf3y0OXpYsfNJMQrq8UhiMfm9xCptU=
[2026-03-05T05:48:49.505Z] GET /api/posts/background-color | Body: 0 | Token: eyJraWQi | Raw: GET|/api/posts/background-color|1772689729| | Sign: K3s/s/ccLleC4N+cXT2QcehYD3Kz6TkYuPThsrh9328=
[2026-03-05T05:48:49.666Z] GET /api/friend/myFriends | Body: 0 | Token: eyJraWQi | Raw: GET|/api/friend/myFriends|1772689729| | Sign: to26T4Hyzng8BV81tDFxBwZClOdR0y+Th+LFUOhFN5o=
[2026-03-05T05:48:49.879Z] GET /api/user/me | Body: 0 | Token: eyJraWQi | Raw: GET|/api/user/me|1772689729| | Sign: fqsCbmEHwZX4Qxf3y0OXpYsfNJMQrq8UhiMfm9xCptU=
[2026-03-05T05:48:50.052Z] GET /api/missions/current-user | Body: 0 | Token: eyJraWQi | Raw: GET|/api/missions/current-user|1772689730| | Sign: eQUa0gakdJBc10Q6phWS7XXhGrGNJsMMc84VPb/f0ew=
[2026-03-05T05:48:50.226Z] GET /api/reaction/list | Body: 0 | Token: eyJraWQi | Raw: GET|/api/reaction/list|1772689730| | Sign: D4pK1Lzrm6gtz4OyaqvSHtmS9eQGfTuCL61hduKt3FQ=
[2026-03-05T05:48:50.398Z] GET /api/v1/notification/list | Body: 0 | Token: eyJraWQi | Raw: GET|/api/v1/notification/list|1772689730| | Sign: GCfPX2Tg0MFjhJ/X3EzzhoNdvnczTpinZq9TEfq4ruw=
[2026-03-05T05:48:50.558Z] GET /feed/home | Body: 0 | Token: eyJraWQi | Raw: GET|/feed/home|1772689730| | Sign: 50SNPxZtCosWIQBdsKjeyJEa+zVJa6n6SVx3buV9/UM=
[2026-03-05T05:48:50.723Z] GET /api/surf/home | Body: 0 | Token: eyJraWQi | Raw: GET|/api/surf/home|1772689730| | Sign: ZX9CZViU8ibzgpe+KM7iQuqBs6muzoYXCpAC9tflEOA=
[2026-03-05T05:49:48.828Z] GET /api/user/me | Body: 0 | Token: eyJraWQi | Raw: GET|/api/user/me|1772689788| | Sign: osiR+t4SDmvGlGM+oK5vIm7k1SkvfwmooOfs0boMPMs=
[2026-03-05T05:49:49.086Z] GET /api/posts/background-color | Body: 0 | Token: eyJraWQi | Raw: GET|/api/posts/background-color|1772689789| | Sign: c6QNSm85m2E9e+6Ynl7FLnXSANKzEv7T5WFw148J/34=
[2026-03-05T05:49:49.204Z] GET /api/friend/myFriends | Body: 0 | Token: eyJraWQi | Raw: GET|/api/friend/myFriends|1772689789| | Sign: SZLCTeFaIrw359Y6bcxOp5NaMZhtQOudpe9FcLII1PQ=
[2026-03-05T05:49:49.331Z] GET /api/user/me | Body: 0 | Token: eyJraWQi | Raw: GET|/api/user/me|1772689789| | Sign: c3ErUSmrEP4j45j7oZXXP5UqVJCPa51TTtRIDBsAqVY=
[2026-03-05T05:49:49.494Z] GET /api/missions/current-user | Body: 0 | Token: eyJraWQi | Raw: GET|/api/missions/current-user|1772689789| | Sign: 5cMdi2jWEndzvTl1IQ0Sz2dcSkvwdq/kbRZEiE2mViM=
[2026-03-05T05:49:49.655Z] GET /api/reaction/list | Body: 0 | Token: eyJraWQi | Raw: GET|/api/reaction/list|1772689789| | Sign: dKrDKNpj8PH/VGlc5SGIj4CVqnXk0KJEdpuRPh86frc=
[2026-03-05T05:49:49.787Z] GET /api/v1/notification/list | Body: 0 | Token: eyJraWQi | Raw: GET|/api/v1/notification/list|1772689789| | Sign: t8v1dPTyWvyBs4dvwMBymdC2BJ1IK6PQs4AE/eoktpk=
[2026-03-05T05:49:49.911Z] GET /feed/home | Body: 0 | Token: eyJraWQi | Raw: GET|/feed/home|1772689789| | Sign: v1hsNoDtV1gZcbVLN5KqRGoefmOImJD9u8TQ8tG0yvE=
[2026-03-05T05:49:50.030Z] GET /api/surf/home | Body: 0 | Token: eyJraWQi | Raw: GET|/api/surf/home|1772689790| | Sign: DPeg/P1U99/hDhlrhBc4ezPmYuj24aVJ4HrzBkk0yAE=
[2026-03-05T05:50:48.833Z] GET /api/user/me | Body: 0 | Token: eyJraWQi | Raw: GET|/api/user/me|1772689848| | Sign: BWlVtThcrb1/DKPV90u59d9B+n6m+OJR8wAcMXNzrbU=
[2026-03-05T05:50:49.195Z] GET /api/posts/background-color | Body: 0 | Token: eyJraWQi | Raw: GET|/api/posts/background-color|1772689849| | Sign: 7UMmDv2BhUoK6NmqJSTefeDNJAtoVMF/F2HkLX8jL6Y=
[2026-03-05T05:50:49.316Z] GET /api/friend/myFriends | Body: 0 | Token: eyJraWQi | Raw: GET|/api/friend/myFriends|1772689849| | Sign: RpBdJhw74ehZTLZikS8ZJom6g9XiBrhAm3D5/tdMBDY=
[2026-03-05T05:50:49.454Z] GET /api/user/me | Body: 0 | Token: eyJraWQi | Raw: GET|/api/user/me|1772689849| | Sign: f1o+aGNVu7mA183UldTyRe/2Z7kcQVhpczNhwkRD9Oc=
[2026-03-05T05:50:49.584Z] GET /api/missions/current-user | Body: 0 | Token: eyJraWQi | Raw: GET|/api/missions/current-user|1772689849| | Sign: RwFygWS+HjAzYhcO+Scst9ZDZFOqwS5SjhmjHwMLkRU=
[2026-03-05T05:50:49.719Z] GET /api/reaction/list | Body: 0 | Token: eyJraWQi | Raw: GET|/api/reaction/list|1772689849| | Sign: IhTFzSncMvqgY1w36L21ivdkieYUYfweOTApaC30PgE=
[2026-03-05T05:50:49.857Z] GET /api/v1/notification/list | Body: 0 | Token: eyJraWQi | Raw: GET|/api/v1/notification/list|1772689849| | Sign: Lc8PkAGknCci/OYT4ziw/RJc8CCVmgG/ibmHqPs7ZmU=
[2026-03-05T05:50:49.977Z] GET /feed/home | Body: 0 | Token: eyJraWQi | Raw: GET|/feed/home|1772689849| | Sign: NG/tcNAZ3EX6gHxftH9cliQuW11vY24fGtUzPAIdA3g=
[2026-03-05T05:50:50.094Z] GET /api/surf/home | Body: 0 | Token: eyJraWQi | Raw: GET|/api/surf/home|1772689850| | Sign: GLDoHNVL0xmDD7UHHvNw59k2a2x8duzgKl8SmzmJm9U=
[2026-03-05T05:51:48.843Z] GET /api/user/me | Body: 0 | Token: eyJraWQi | Raw: GET|/api/user/me|1772689908| | Sign: rjLZxQw1dOyMqzP1N8XeQT8drT5qLtmOzkxbN8Myx14=
[2026-03-05T05:51:49.160Z] GET /api/posts/background-color | Body: 0 | Token: eyJraWQi | Raw: GET|/api/posts/background-color|1772689909| | Sign: anNOtk7NRprO0RcF4gqAUDSHP1krEUCK9ao930qXTYs=
[2026-03-05T05:51:49.278Z] GET /api/friend/myFriends | Body: 0 | Token: eyJraWQi | Raw: GET|/api/friend/myFriends|1772689909| | Sign: 56uCDeiNtXzjjZpTZcVcxKQo0iEVNTyBXslQtBqkG88=
[2026-03-05T05:51:49.409Z] GET /api/user/me | Body: 0 | Token: eyJraWQi | Raw: GET|/api/user/me|1772689909| | Sign: foK/zDEeABsoN8FIBV2qejEA+tn5bbVuM33XHgM9Rq4=
[2026-03-05T05:51:49.563Z] GET /api/missions/current-user | Body: 0 | Token: eyJraWQi | Raw: GET|/api/missions/current-user|1772689909| | Sign: yNwskUIYFl+joQyPDJLLfqputPu7pRpSu0SdHo3WMP8=
[2026-03-05T05:51:49.693Z] GET /api/reaction/list | Body: 0 | Token: eyJraWQi | Raw: GET|/api/reaction/list|1772689909| | Sign: cOpDwlw6W98oqkOYOk3+4Bx4L9U5GUOgZqNcIinspzQ=
[2026-03-05T05:51:49.819Z] GET /api/v1/notification/list | Body: 0 | Token: eyJraWQi | Raw: GET|/api/v1/notification/list|1772689909| | Sign: BAKcA6U39BUG29M9AYq/cfdRHHXM6YD0BuWkkIkrIqM=
[2026-03-05T05:51:49.943Z] GET /feed/home | Body: 0 | Token: eyJraWQi | Raw: GET|/feed/home|1772689909| | Sign: zSQ39FsYqGg/HMCvzxMV+pie7eVrtjQu9fza+dHmdi0=
[2026-03-05T05:51:50.062Z] GET /api/surf/home | Body: 0 | Token: eyJraWQi | Raw: GET|/api/surf/home|1772689910| | Sign: 8tGqf+QtaoaQmr8TSgkP+vX0pPtqMyVdESUqKFC3K88=
[2026-03-05T05:52:48.848Z] GET /api/user/me | Body: 0 | Token: eyJraWQi | Raw: GET|/api/user/me|1772689968| | Sign: k4Gy7+LFklxbzd+wihd1ryyjC6IyQvnootVjkijdXsc=
[2026-03-05T05:52:49.281Z] GET /api/posts/background-color | Body: 0 | Token: eyJraWQi | Raw: GET|/api/posts/background-color|1772689969| | Sign: xnQhhSYQtHQlUniNse9d3LlOBBZ9VSbN2A2GgMHXiS0=
[2026-03-05T05:52:49.408Z] GET /api/friend/myFriends | Body: 0 | Token: eyJraWQi | Raw: GET|/api/friend/myFriends|1772689969| | Sign: pbn2c4kz7BSJmEal9XsQzU3FUYk9aywKgeb+2/qv7Lg=
[2026-03-05T05:52:49.552Z] GET /api/user/me | Body: 0 | Token: eyJraWQi | Raw: GET|/api/user/me|1772689969| | Sign: 5ghEkgJWWz6EZSXYVD4rSBQBASrrhFMDcRggn+W2aBo=
[2026-03-05T05:52:49.687Z] GET /api/missions/current-user | Body: 0 | Token: eyJraWQi | Raw: GET|/api/missions/current-user|1772689969| | Sign: 0brZ52vOyl06Q8P+DFgOjIt2fLPTRJjDQT89c87VEWc=
[2026-03-05T05:52:49.826Z] GET /api/reaction/list | Body: 0 | Token: eyJraWQi | Raw: GET|/api/reaction/list|1772689969| | Sign: t+yJgzhkDfNjd70HoOOt2UhqtIksrYGvJAkBhgqONGI=
[2026-03-05T05:52:49.975Z] GET /api/v1/notification/list | Body: 0 | Token: eyJraWQi | Raw: GET|/api/v1/notification/list|1772689969| | Sign: E9zbMqXatZjwbm67rjYXj9sS8+J17xj0mjWQDUoU/y4=
[2026-03-05T05:52:50.096Z] GET /feed/home | Body: 0 | Token: eyJraWQi | Raw: GET|/feed/home|1772689970| | Sign: qR6JGQziYWmNGczOtUETN0pei0mtBpBuCJ7635+7Mg0=
[2026-03-05T05:52:50.221Z] GET /api/surf/home | Body: 0 | Token: eyJraWQi | Raw: GET|/api/surf/home|1772689970| | Sign: R3Wg8GY1/9ZU4cQNCUvmcMMnNUYTq6k4wvPm+LDy+rY=
[2026-03-05T05:53:48.858Z] GET /api/user/me | Body: 0 | Token: eyJraWQi | Raw: GET|/api/user/me|1772690028| | Sign: AqA+iDTtFCF1gd3lSWJa8Ii3FeQVlyuVYgI3ntmeowE=
[2026-03-05T05:53:49.151Z] GET /api/posts/background-color | Body: 0 | Token: eyJraWQi | Raw: GET|/api/posts/background-color|1772690029| | Sign: fytRIZLSEDmvnPiXve3x9BQVm3OVamygfpO8U+ejTQY=
[2026-03-05T05:53:49.266Z] GET /api/friend/myFriends | Body: 0 | Token: eyJraWQi | Raw: GET|/api/friend/myFriends|1772690029| | Sign: stXuyTXyqdaBWDcqMtye0tkM2DXrgyBWgo3Rjw+q8g4=
[2026-03-05T05:53:49.391Z] GET /api/user/me | Body: 0 | Token: eyJraWQi | Raw: GET|/api/user/me|1772690029| | Sign: 0xp+G+DlwzVQVyeXAWdrqmgrDSwSyS2cumoLKOMeH6s=
[2026-03-05T05:53:49.511Z] GET /api/missions/current-user | Body: 0 | Token: eyJraWQi | Raw: GET|/api/missions/current-user|1772690029| | Sign: ivNS2ffdSwhxs9EU++Ab3QfhNupIBPPLz5nnW55g0XI=
[2026-03-05T05:53:49.647Z] GET /api/reaction/list | Body: 0 | Token: eyJraWQi | Raw: GET|/api/reaction/list|1772690029| | Sign: nV7X/vU/socWPcwkRtfQ46hcDatb/FMFzoJFYApeBeo=
[2026-03-05T05:53:49.778Z] GET /api/v1/notification/list | Body: 0 | Token: eyJraWQi | Raw: GET|/api/v1/notification/list|1772690029| | Sign: WzEn/Vlwa2cEBepgdgLONoiXHj9JfvaYAjIqftXTcOU=
[2026-03-05T05:53:49.890Z] GET /feed/home | Body: 0 | Token: eyJraWQi | Raw: GET|/feed/home|1772690029| | Sign: WvS1wpQQ+aLfywE6nHmMe93UXtoI7PB3SKC+jAz9FrY=
[2026-03-05T05:53:50.006Z] GET /api/surf/home | Body: 0 | Token: eyJraWQi | Raw: GET|/api/surf/home|1772690030| | Sign: YVvLBHmOU/mBqCeRHpcQ1vJRitr3CvSh2oeQ36JLS2w=
[2026-03-05T05:54:48.869Z] GET /api/user/me | Body: 0 | Token: eyJraWQi | Raw: GET|/api/user/me|1772690088| | Sign: W61cCE/xmbHpf4F0CAYylUXOawPs/JU4l3xDkU48ieQ=
[2026-03-05T05:54:49.205Z] GET /api/posts/background-color | Body: 0 | Token: eyJraWQi | Raw: GET|/api/posts/background-color|1772690089| | Sign: T+O4kDjOZIVOWoVfG8ASiyytCRlSUbYh6/+8syVAylY=
[2026-03-05T05:54:49.325Z] GET /api/friend/myFriends | Body: 0 | Token: eyJraWQi | Raw: GET|/api/friend/myFriends|1772690089| | Sign: gFsLpQK8n69botP70+kJw07bQukPeFNjxPogwqkkO14=
[2026-03-05T05:54:49.456Z] GET /api/user/me | Body: 0 | Token: eyJraWQi | Raw: GET|/api/user/me|1772690089| | Sign: 1GFCR3wmjN/vszQnPf/U9vMsdSMBU+ZxSwyCezLuWlc=
[2026-03-05T05:54:49.590Z] GET /api/missions/current-user | Body: 0 | Token: eyJraWQi | Raw: GET|/api/missions/current-user|1772690089| | Sign: 1mQEAHJwFUq8bSWpYDcOUwCuMEHHBHUTViFNgJ2qe6o=
[2026-03-05T05:54:49.725Z] GET /api/reaction/list | Body: 0 | Token: eyJraWQi | Raw: GET|/api/reaction/list|1772690089| | Sign: SqenuNtE5VBGRQR0Uh3G4d0NcMmKFOZEV5Q89q6RzE8=
[2026-03-05T05:54:49.863Z] GET /api/v1/notification/list | Body: 0 | Token: eyJraWQi | Raw: GET|/api/v1/notification/list|1772690089| | Sign: Xlqid6BWVhgguA7i4ekKsoSr+DYIIR1JdKgVj0mkKm0=
[2026-03-05T05:54:49.984Z] GET /feed/home | Body: 0 | Token: eyJraWQi | Raw: GET|/feed/home|1772690089| | Sign: 3UXTbo94VyS3chiDkf+EqEuQ/C+Aci6L2Ap/uZp2h8o=
[2026-03-05T05:54:50.103Z] GET /api/surf/home | Body: 0 | Token: eyJraWQi | Raw: GET|/api/surf/home|1772690090| | Sign: 2MapnpL41awHK7RRbxI5gSxTG80z8HL95Xnkz9VW+vU=
[2026-03-05T05:55:48.872Z] GET /api/user/me | Body: 0 | Token: eyJraWQi | Raw: GET|/api/user/me|1772690148| | Sign: c4EVzhpZtK767PYk2atC0T0ZhYLvCWaFhsixEH0Jj1Q=
[2026-03-05T05:55:49.215Z] GET /api/posts/background-color | Body: 0 | Token: eyJraWQi | Raw: GET|/api/posts/background-color|1772690149| | Sign: tfOkRO2zGu9+nznZKbB3LvtriJCUQ9WSm3psqsVR2iY=
[2026-03-05T05:55:49.341Z] GET /api/friend/myFriends | Body: 0 | Token: eyJraWQi | Raw: GET|/api/friend/myFriends|1772690149| | Sign: 96ATzpxRM5Gfns1nY5fIW5I4WtUA8Ux7LllLUxHmzp4=
[2026-03-05T05:55:49.483Z] GET /api/user/me | Body: 0 | Token: eyJraWQi | Raw: GET|/api/user/me|1772690149| | Sign: 4r079z/QDT17TqrBKGc4jVbXheQy5DHCOUqruTLhc3I=
[2026-03-05T05:55:49.615Z] GET /api/missions/current-user | Body: 0 | Token: eyJraWQi | Raw: GET|/api/missions/current-user|1772690149| | Sign: SnRfb94v+ms99lhi4MkAej+dO9RyK6b+ambz+iWeeEw=
[2026-03-05T05:55:49.768Z] GET /api/reaction/list | Body: 0 | Token: eyJraWQi | Raw: GET|/api/reaction/list|1772690149| | Sign: 7BJez/ARFbG6FTk8NhSVawYbX8o/80UmxzvtzRCJ43Y=
[2026-03-05T05:55:49.927Z] GET /api/v1/notification/list | Body: 0 | Token: eyJraWQi | Raw: GET|/api/v1/notification/list|1772690149| | Sign: eOD1exr95elyusAI6uU1NVe61tRI2PBHOry/WQ3+D9Q=
[2026-03-05T05:55:50.052Z] GET /feed/home | Body: 0 | Token: eyJraWQi | Raw: GET|/feed/home|1772690150| | Sign: T2CCtqzhe51frxGRf/0KpsEdAT2heq6lHNkuw7XyCRE=
[2026-03-05T05:55:50.174Z] GET /api/surf/home | Body: 0 | Token: eyJraWQi | Raw: GET|/api/surf/home|1772690150| | Sign: b4r+FOKWwXyd0pwN44+LRQ679m3AJDkPxpjbZg25bBQ=
[2026-03-05T05:56:48.872Z] POST /api/auth/login | Body: 57 | Token: None | Raw: POST|/api/auth/login|1772690208|{"username":"longh1248@gmail.com","password":"Admin@123"} | Sign: qcfE8lF72BQiaMjviXYGvxF4eATCf5kcuDXVIflCxxc=
[2026-03-05T05:56:49.278Z] GET /api/user/me | Body: 0 | Token: eyJraWQi | Raw: GET|/api/user/me|1772690209| | Sign: NBTr3I4AKvTZOywugjSSgK16jXJDKHZKmOEYTXsU2Mw=
[2026-03-05T05:56:49.423Z] GET /api/posts/background-color | Body: 0 | Token: eyJraWQi | Raw: GET|/api/posts/background-color|1772690209| | Sign: SEwOD7QfVSNONt4GL+i5bfJWBfdNxI93k+0Yw7Ui0eM=
[2026-03-05T05:56:49.538Z] GET /api/friend/myFriends | Body: 0 | Token: eyJraWQi | Raw: GET|/api/friend/myFriends|1772690209| | Sign: mr4MADZK1V01erQ8dG+0Y57YRD3Q47ytNk6LqomHVos=
[2026-03-05T05:56:49.716Z] GET /api/user/me | Body: 0 | Token: eyJraWQi | Raw: GET|/api/user/me|1772690209| | Sign: NBTr3I4AKvTZOywugjSSgK16jXJDKHZKmOEYTXsU2Mw=
[2026-03-05T05:56:49.856Z] GET /api/missions/current-user | Body: 0 | Token: eyJraWQi | Raw: GET|/api/missions/current-user|1772690209| | Sign: vV95GsLkM7ywrR+8gdvb8PxcM3X5x9au7ReZwKRLEtQ=
[2026-03-05T05:56:50.005Z] GET /api/reaction/list | Body: 0 | Token: eyJraWQi | Raw: GET|/api/reaction/list|1772690210| | Sign: ZxEVKdfmHBWjpF6RpMsS9wJgLvROd+RwlHL6EX+f4lQ=
[2026-03-05T05:56:50.147Z] GET /api/v1/notification/list | Body: 0 | Token: eyJraWQi | Raw: GET|/api/v1/notification/list|1772690210| | Sign: QOWC2/zy/mcBFrBpByNb6BJPyh7aC7D7QQEoIURXgUI=
[2026-03-05T05:56:50.264Z] GET /feed/home | Body: 0 | Token: eyJraWQi | Raw: GET|/feed/home|1772690210| | Sign: +woAMv5yy0fT7YOAgkvZl3ak70A9nuVebphwdRTGJa8=
[2026-03-05T05:56:50.376Z] GET /api/surf/home | Body: 0 | Token: eyJraWQi | Raw: GET|/api/surf/home|1772690210| | Sign: 5CjO/JxDE4kA0Lkqi8om/jK38h4urbhCUO4oNgQg8Mw=
[2026-03-05T05:57:48.877Z] GET /api/user/me | Body: 0 | Token: eyJraWQi | Raw: GET|/api/user/me|1772690268| | Sign: 2GYvdsKseM+ZB9M2iLaKo+8Gr/YC1/OfB7qpbtolDLY=
[2026-03-05T05:57:49.322Z] GET /api/posts/background-color | Body: 0 | Token: eyJraWQi | Raw: GET|/api/posts/background-color|1772690269| | Sign: SdRuNW5nSxHSyoeEADGtHyfX+Xqye7z8HNMM1aIuLjs=
[2026-03-05T05:57:49.442Z] GET /api/friend/myFriends | Body: 0 | Token: eyJraWQi | Raw: GET|/api/friend/myFriends|1772690269| | Sign: aBu8WEfbKIEfVZatpkdNYVc3WBRAQuSmj4BfvTnwOlc=
[2026-03-05T05:57:49.681Z] GET /api/user/me | Body: 0 | Token: eyJraWQi | Raw: GET|/api/user/me|1772690269| | Sign: HGwO33i1n3dZWB434ENnji8WNfdDFgO6BEAOG5HWzLE=
[2026-03-05T05:57:49.816Z] GET /api/missions/current-user | Body: 0 | Token: eyJraWQi | Raw: GET|/api/missions/current-user|1772690269| | Sign: k3D2rE0YO2TwZWbENv+vCrMBuEw2jTrJRRpHXxNp1Vs=
[2026-03-05T05:57:49.950Z] GET /api/reaction/list | Body: 0 | Token: eyJraWQi | Raw: GET|/api/reaction/list|1772690269| | Sign: 0L+Tt5tVDFZb+qZP3y50qOHaB9izDWsAm91H4sRQKF4=
[2026-03-05T05:57:50.099Z] GET /api/v1/notification/list | Body: 0 | Token: eyJraWQi | Raw: GET|/api/v1/notification/list|1772690270| | Sign: M1h3F/EkG+NEpnUgEz0ByPQXXlkVc78htHNRmRBbNTg=
[2026-03-05T05:57:50.223Z] GET /feed/home | Body: 0 | Token: eyJraWQi | Raw: GET|/feed/home|1772690270| | Sign: cDeFCXPcbO7dANiT1t/Asjx4WX1QkDudHfEpIi4QkDA=
[2026-03-05T05:57:50.351Z] GET /api/surf/home | Body: 0 | Token: eyJraWQi | Raw: GET|/api/surf/home|1772690270| | Sign: RQPTpaR6zGseskumvf4mK8TlIrkYx7CQ7fHVcFdD6NE=
[2026-03-05T05:58:48.891Z] GET /api/user/me | Body: 0 | Token: eyJraWQi | Raw: GET|/api/user/me|1772690328| | Sign: dceRXe1vbKkxqghNEqJA+fmq5XK+u5rY7GmeWEdm6zY=
[2026-03-05T05:58:49.290Z] GET /api/posts/background-color | Body: 0 | Token: eyJraWQi | Raw: GET|/api/posts/background-color|1772690329| | Sign: /ted2L8cGjASRoTsr8nCMqBQtYUQx1O5T3i4XGVfXPU=
[2026-03-05T05:58:49.415Z] GET /api/friend/myFriends | Body: 0 | Token: eyJraWQi | Raw: GET|/api/friend/myFriends|1772690329| | Sign: hKzwXbJjC1/FRaW63r5kuRNkuzGQnXerBdXiWw3EedY=
[2026-03-05T05:58:49.548Z] GET /api/user/me | Body: 0 | Token: eyJraWQi | Raw: GET|/api/user/me|1772690329| | Sign: 4uIyK9JgC0Bu9SUIkRXleFbiHaopjSsKBSqED+p2glI=
[2026-03-05T05:58:49.672Z] GET /api/missions/current-user | Body: 0 | Token: eyJraWQi | Raw: GET|/api/missions/current-user|1772690329| | Sign: 176JanADWgJEiVwPpQAQy9CzhxyOKITVotWZ+OToSao=
[2026-03-05T05:58:49.829Z] GET /api/reaction/list | Body: 0 | Token: eyJraWQi | Raw: GET|/api/reaction/list|1772690329| | Sign: Mp69vtDgQ8HaSwj0N8rjT89Ef+Wcny+Yiw0ZuXZpk1I=
[2026-03-05T05:58:49.975Z] GET /api/v1/notification/list | Body: 0 | Token: eyJraWQi | Raw: GET|/api/v1/notification/list|1772690329| | Sign: X9TSWSIC/iP0Psco+FF6FKXdi2v8cabAUQoh/Bii53A=
[2026-03-05T05:58:50.123Z] GET /feed/home | Body: 0 | Token: eyJraWQi | Raw: GET|/feed/home|1772690330| | Sign: HDHEQYogmTKLsAXOCdUOihwjyai1Q7Zigw0yQD+KGmM=
[2026-03-05T05:58:50.246Z] GET /api/surf/home | Body: 0 | Token: eyJraWQi | Raw: GET|/api/surf/home|1772690330| | Sign: P3o00LYCL48vq3hsAr86ZMgAMqdpjxaegKwjzgTfZ7k=
[2026-03-05T05:59:48.929Z] POST /api/auth/login | Body: 57 | Token: None | Raw: POST|/api/auth/login|1772690388|{"username":"longh1248@gmail.com","password":"Admin@123"} | Sign: OffowemQLZCWueXllS53plViZEedYa4uFMjZOYHCiMg=
[2026-03-05T05:59:49.515Z] GET /api/user/me | Body: 0 | Token: eyJraWQi | Raw: GET|/api/user/me|1772690389| | Sign: 6bZNl7lPFFrj/Z50MR1EfjVBiQbodKrnPMwaPiYCvGc=
[2026-03-05T05:59:49.701Z] GET /api/posts/background-color | Body: 0 | Token: eyJraWQi | Raw: GET|/api/posts/background-color|1772690389| | Sign: 7874gk95naENOQlFeVcgv2SVSS+180iHPfY4OlfUTpw=
[2026-03-05T05:59:49.861Z] GET /api/friend/myFriends | Body: 0 | Token: eyJraWQi | Raw: GET|/api/friend/myFriends|1772690389| | Sign: 5HlZs+SVDKz6YS2imk5h0ZGnsNyrjPjWuN48J19+/xA=
[2026-03-05T05:59:50.030Z] GET /api/user/me | Body: 0 | Token: eyJraWQi | Raw: GET|/api/user/me|1772690390| | Sign: UbY5Y3BUg3S93C/ynq7/9KZef8FEGwROtSXhogLUt6o=
[2026-03-05T05:59:50.222Z] GET /api/missions/current-user | Body: 0 | Token: eyJraWQi | Raw: GET|/api/missions/current-user|1772690390| | Sign: ogQYHWjHRqPYgiDzAQVFaHtfBOQjQNumHEJ84VGI3gY=
[2026-03-05T05:59:50.424Z] GET /api/reaction/list | Body: 0 | Token: eyJraWQi | Raw: GET|/api/reaction/list|1772690390| | Sign: 6XRBdW64bH6LDHR7CEMGVUOfcItVIYZgGkGDmT0w04k=
[2026-03-05T05:59:50.603Z] GET /api/v1/notification/list | Body: 0 | Token: eyJraWQi | Raw: GET|/api/v1/notification/list|1772690390| | Sign: osOJuGmytlPs28P75PxxUzPrIPG4u3pZ8ZNFI3SjCRQ=
[2026-03-05T05:59:50.724Z] GET /feed/home | Body: 0 | Token: eyJraWQi | Raw: GET|/feed/home|1772690390| | Sign: uUigQJYzGhE486wLbycbVHKBZixHMMnqRdXch04xfJo=
[2026-03-05T05:59:50.893Z] GET /api/surf/home | Body: 0 | Token: eyJraWQi | Raw: GET|/api/surf/home|1772690390| | Sign: qE67fA3qTGlZkVOq04E679cN/W8HL6jYgUJeV+ZAidY=
[2026-03-05T06:00:48.931Z] POST /api/auth/login | Body: 57 | Token: None | Raw: POST|/api/auth/login|1772690448|{"username":"longh1248@gmail.com","password":"Admin@123"} | Sign: HpNJi6xvrriHyEr35fo/A0uos4wA9bbETypEbW/LfKA=
[2026-03-05T06:00:49.423Z] GET /api/user/me | Body: 0 | Token: eyJraWQi | Raw: GET|/api/user/me|1772690449| | Sign: 622jRBTs8aNCFdP4s22zSlsC/9EPt1eQy8X2XIASOHM=
[2026-03-05T06:00:50.053Z] GET /api/posts/background-color | Body: 0 | Token: eyJraWQi | Raw: GET|/api/posts/background-color|1772690450| | Sign: gao1AWeXFjtuzp356QlnJ7A2sHq2GLkf7Zv28TEz6pY=
[2026-03-05T06:00:50.164Z] GET /api/friend/myFriends | Body: 0 | Token: eyJraWQi | Raw: GET|/api/friend/myFriends|1772690450| | Sign: rbvAcXBLstWUcH0lgPlVjMTQdY/VHruF3IHXtTR9Ifs=
[2026-03-05T06:00:50.287Z] GET /api/user/me | Body: 0 | Token: eyJraWQi | Raw: GET|/api/user/me|1772690450| | Sign: kIT2xGJPEO7+N05hbkz3ccjECaDozgrBXhPj80st72I=
[2026-03-05T06:00:50.424Z] GET /api/missions/current-user | Body: 0 | Token: eyJraWQi | Raw: GET|/api/missions/current-user|1772690450| | Sign: gaOgsdJoxheL9qnnl1TRaRV7SNeC6VHlSY0v5XE8vrQ=
[2026-03-05T06:00:50.567Z] GET /api/reaction/list | Body: 0 | Token: eyJraWQi | Raw: GET|/api/reaction/list|1772690450| | Sign: vp739sUd0/1ogcgoIFVdTgQNOfPV7W+V92jLZ87/n+k=
[2026-03-05T06:00:50.699Z] GET /api/v1/notification/list | Body: 0 | Token: eyJraWQi | Raw: GET|/api/v1/notification/list|1772690450| | Sign: 7DYZnUyiVmwy26SK9nZrjkHlqkQZIxIQkREx/6+hucM=
[2026-03-05T06:00:50.816Z] GET /feed/home | Body: 0 | Token: eyJraWQi | Raw: GET|/feed/home|1772690450| | Sign: YOqmVWenX7+MHC4tQkrjRqe0ZGGZ5YuclmvZysz3D0Y=
[2026-03-05T06:00:50.935Z] GET /api/surf/home | Body: 0 | Token: eyJraWQi | Raw: GET|/api/surf/home|1772690450| | Sign: GNO6jcqKRjqYXD6QB85LlTp4vafuK5xgw80oByrO3ew=
[2026-03-05T06:01:48.948Z] GET /api/user/me | Body: 0 | Token: eyJraWQi | Raw: GET|/api/user/me|1772690508| | Sign: LFwacbDpMQCcSk9jMgtOCwmdXLdNv/1Bge6LcAkFzq0=
[2026-03-05T06:01:49.257Z] GET /api/posts/background-color | Body: 0 | Token: eyJraWQi | Raw: GET|/api/posts/background-color|1772690509| | Sign: 8RhHc3rnsxwtLtEgs5Z/8zzLo7llWHJqxVSWsY6dN9I=
[2026-03-05T06:01:49.427Z] GET /api/friend/myFriends | Body: 0 | Token: eyJraWQi | Raw: GET|/api/friend/myFriends|1772690509| | Sign: 7cLB431ihShh7fZLgyPUg0n9C7AdhZvoiObKigC81xg=
[2026-03-05T06:01:49.613Z] GET /api/user/me | Body: 0 | Token: eyJraWQi | Raw: GET|/api/user/me|1772690509| | Sign: f59/B6K+4xgEuaVFsSTWvJjuCymthBlm+MoHQr8hDaA=
[2026-03-05T06:01:49.817Z] GET /api/missions/current-user | Body: 0 | Token: eyJraWQi | Raw: GET|/api/missions/current-user|1772690509| | Sign: AiiBX/pZ21vk0k/iVjYBZZVsHmUgFdMyujD6+agQLZ8=
[2026-03-05T06:01:50.017Z] GET /api/reaction/list | Body: 0 | Token: eyJraWQi | Raw: GET|/api/reaction/list|1772690510| | Sign: HFgTxvMtzQF0CDB52ZWuGI6Xwf5/Gxwi5d6O6H0/ZXQ=
[2026-03-05T06:01:50.209Z] GET /api/v1/notification/list | Body: 0 | Token: eyJraWQi | Raw: GET|/api/v1/notification/list|1772690510| | Sign: 6SHeXjeKYxjAzOl8BVQlE7k2AK1pPpVTP08KyWUpJEA=
[2026-03-05T06:01:50.378Z] GET /feed/home | Body: 0 | Token: eyJraWQi | Raw: GET|/feed/home|1772690510| | Sign: N5Bt/vAkEl5uSqLk6tUbqb9XIYGdLXwUcSGFGtk1zc0=
[2026-03-05T06:01:50.548Z] GET /api/surf/home | Body: 0 | Token: eyJraWQi | Raw: GET|/api/surf/home|1772690510| | Sign: 41QofmPbjFIYrRWDDhP0eV4cM0+raD14Y+yKFfSQ+pg=
[2026-03-05T06:02:48.947Z] POST /api/auth/login | Body: 57 | Token: None | Raw: POST|/api/auth/login|1772690568|{"username":"longh1248@gmail.com","password":"Admin@123"} | Sign: rLO80SqYvyiZXCHuD2rRkNh1qN0dX9R/gNDqLmNubxs=
[2026-03-05T06:02:49.476Z] GET /api/user/me | Body: 0 | Token: eyJraWQi | Raw: GET|/api/user/me|1772690569| | Sign: JX4f/l7ecgziB8Td2cuGSKzRptXQ9Tl3D3FLI/dlk0Q=
[2026-03-05T06:02:49.665Z] GET /api/posts/background-color | Body: 0 | Token: eyJraWQi | Raw: GET|/api/posts/background-color|1772690569| | Sign: 34nVNS/OWiUP3UtWyOK9e+t3njwdBZ9T5tlfbRwlL8M=
[2026-03-05T06:02:49.831Z] GET /api/friend/myFriends | Body: 0 | Token: eyJraWQi | Raw: GET|/api/friend/myFriends|1772690569| | Sign: J8uzBLirfeOCgtsii/7DeNCHi5ZMJt7Kt0W4yYs00XI=
[2026-03-05T06:02:50.023Z] GET /api/user/me | Body: 0 | Token: eyJraWQi | Raw: GET|/api/user/me|1772690570| | Sign: 1fUWkShIy2mW2D09yYPHhVZmPqLrR9mq9aBxCMtK47M=
[2026-03-05T06:02:50.217Z] GET /api/missions/current-user | Body: 0 | Token: eyJraWQi | Raw: GET|/api/missions/current-user|1772690570| | Sign: gt6RjrCqLs4CnIrrYYLGdCo6SVBS9V627XYob66YkSk=
[2026-03-05T06:02:50.424Z] GET /api/reaction/list | Body: 0 | Token: eyJraWQi | Raw: GET|/api/reaction/list|1772690570| | Sign: lHK2gey2V5jFxIGXqYV13/vK8+oJ+SAbsPvIY0u1oZI=
[2026-03-05T06:02:50.613Z] GET /api/v1/notification/list | Body: 0 | Token: eyJraWQi | Raw: GET|/api/v1/notification/list|1772690570| | Sign: /Xs3iXPo8NbnfwPXZUdKsybh2l9Ib9jGVM5syiM/v0s=
[2026-03-05T06:02:50.780Z] GET /feed/home | Body: 0 | Token: eyJraWQi | Raw: GET|/feed/home|1772690570| | Sign: r6BNPIt01otL4MFn/C39HJ0UUhOyxYkKuVKlirMMun4=
[2026-03-05T06:02:50.945Z] GET /api/surf/home | Body: 0 | Token: eyJraWQi | Raw: GET|/api/surf/home|1772690570| | Sign: NamptSF1PPYJrF6ect2+V9B1kivTdtgoCKqL7e/Hx34=
[2026-03-05T06:03:48.961Z] GET /api/user/me | Body: 0 | Token: eyJraWQi | Raw: GET|/api/user/me|1772690628| | Sign: D9CIIZsxXIqcNDSX6YHiOKiKJVDva6vnYVzLNMvjBWc=
[2026-03-05T06:03:49.293Z] GET /api/posts/background-color | Body: 0 | Token: eyJraWQi | Raw: GET|/api/posts/background-color|1772690629| | Sign: CNDLPc/QuGWddI39qTAu7RYGzlCYINNLezBUt/G3jsk=
[2026-03-05T06:03:49.416Z] GET /api/friend/myFriends | Body: 0 | Token: eyJraWQi | Raw: GET|/api/friend/myFriends|1772690629| | Sign: aDQGYXMiXbhyPwK8u+UWDwgaoe9N8QdMJtFnEdWe+0g=
[2026-03-05T06:03:49.593Z] GET /api/user/me | Body: 0 | Token: eyJraWQi | Raw: GET|/api/user/me|1772690629| | Sign: 2fxD7Z02cnRplh5N6InzFCJ/VvVXC/W1NK8x8w23UA4=
[2026-03-05T06:03:49.720Z] GET /api/missions/current-user | Body: 0 | Token: eyJraWQi | Raw: GET|/api/missions/current-user|1772690629| | Sign: aCVv0l3dvr5hKPWC2g7KYgdW5qZXO/LZI6DZfCLLXQg=
[2026-03-05T06:03:49.849Z] GET /api/reaction/list | Body: 0 | Token: eyJraWQi | Raw: GET|/api/reaction/list|1772690629| | Sign: 4fVGpOgKAzbtfWlMYbTHly3Boe///gOqjv+veOM9Sds=
[2026-03-05T06:03:49.979Z] GET /api/v1/notification/list | Body: 0 | Token: eyJraWQi | Raw: GET|/api/v1/notification/list|1772690629| | Sign: kjHS65nbxYHpAD6iZtdnz4nCVdhSkCR/EdofSVBmV3A=
[2026-03-05T06:03:50.098Z] GET /feed/home | Body: 0 | Token: eyJraWQi | Raw: GET|/feed/home|1772690630| | Sign: +ZZQqp5IxXD8oeYSeVYjbKk0CmMxtGn2iR257Qz6ojU=
[2026-03-05T06:03:50.225Z] GET /api/surf/home | Body: 0 | Token: eyJraWQi | Raw: GET|/api/surf/home|1772690630| | Sign: YSe6U8Vx7Vn1RPFJFWQYbTeNfAOcS4VjYB33grT6Jkw=
[2026-03-05T06:04:48.970Z] POST /api/auth/login | Body: 57 | Token: None | Raw: POST|/api/auth/login|1772690688|{"username":"longh1248@gmail.com","password":"Admin@123"} | Sign: ULU3DgGGaUWzIGG9+JsPBJyQNZ6sxBRNvFlf5C1sLjA=
[2026-03-05T06:04:49.652Z] GET /api/user/me | Body: 0 | Token: eyJraWQi | Raw: GET|/api/user/me|1772690689| | Sign: P7xyFlxHiuWdbm6THqLZ3Ys9MZhJbpLrMukPyJ/ViqM=
[2026-03-05T06:04:49.954Z] GET /api/posts/background-color | Body: 0 | Token: eyJraWQi | Raw: GET|/api/posts/background-color|1772690689| | Sign: H5TpJHMmCjnIDGUy2VdcJFKywruvfk+DBUGw3aDgah8=
[2026-03-05T06:04:50.135Z] GET /api/friend/myFriends | Body: 0 | Token: eyJraWQi | Raw: GET|/api/friend/myFriends|1772690690| | Sign: BrOTTs8D62gwqQXRqYLxabAMUJxRn3dLYXVrwADZT5w=
[2026-03-05T06:04:50.393Z] GET /api/user/me | Body: 0 | Token: eyJraWQi | Raw: GET|/api/user/me|1772690690| | Sign: hWP8K2vN1VArz/xjFYdv2x7KnPpibroNN5WfoE1mESg=
[2026-03-05T06:04:50.602Z] GET /api/missions/current-user | Body: 0 | Token: eyJraWQi | Raw: GET|/api/missions/current-user|1772690690| | Sign: gHwG/zx0HC2akvwkt0fSNQ1JrHvMtpr5mPBf6ywWlDc=
[2026-03-05T06:04:50.776Z] GET /api/reaction/list | Body: 0 | Token: eyJraWQi | Raw: GET|/api/reaction/list|1772690690| | Sign: I0EhytRTmKLHQr4V10KCOQUvYkI8wtZHKK+z7il2dKo=
[2026-03-05T06:04:50.986Z] GET /api/v1/notification/list | Body: 0 | Token: eyJraWQi | Raw: GET|/api/v1/notification/list|1772690690| | Sign: k6Tl4tU9I4TY7nBjLwwkzwhncxU76bWfZTyQK4/PgjI=
[2026-03-05T06:04:51.155Z] GET /feed/home | Body: 0 | Token: eyJraWQi | Raw: GET|/feed/home|1772690691| | Sign: LsPoup6YFZqbfq2zOG9ebSUPVOc2vlhDIfCtLK7Ic8Q=
[2026-03-05T06:04:51.323Z] GET /api/surf/home | Body: 0 | Token: eyJraWQi | Raw: GET|/api/surf/home|1772690691| | Sign: Ey9HCavvugjQdhpUvV9qSz05Rp+ByXSn9zkWoayvFAU=
[2026-03-05T06:05:48.980Z] POST /api/auth/login | Body: 57 | Token: None | Raw: POST|/api/auth/login|1772690748|{"username":"longh1248@gmail.com","password":"Admin@123"} | Sign: Trqlvo+Rbw5/ncxthkOcGmYNSvQ+QtAzf/XdB9LCWZU=
[2026-03-05T06:05:49.491Z] GET /api/posts/background-color | Body: 0 | Token: eyJraWQi | Raw: GET|/api/posts/background-color|1772690749| | Sign: Wgfi5uxvjl+piZNsOP0SOrg4BKTi6oBsYI5GPvpi4AA=
[2026-03-05T06:05:49.659Z] GET /api/friend/myFriends | Body: 0 | Token: eyJraWQi | Raw: GET|/api/friend/myFriends|1772690749| | Sign: GPhA20S7GZY6U+qByZKxbP+23bzOhA+goJf5MHKhBA8=
[2026-03-05T06:05:49.830Z] GET /api/user/me | Body: 0 | Token: eyJraWQi | Raw: GET|/api/user/me|1772690749| | Sign: iBPdTDMcD2rg3xMJr6yfywYdsJe5M77OTmabFt7w01o=
[2026-03-05T06:05:50.045Z] GET /api/missions/current-user | Body: 0 | Token: eyJraWQi | Raw: GET|/api/missions/current-user|1772690750| | Sign: 9AjlObwh4pI5fZsGebY2RzhDMohua+BC8ywfqJQiKG4=
[2026-03-05T06:05:50.305Z] GET /api/reaction/list | Body: 0 | Token: eyJraWQi | Raw: GET|/api/reaction/list|1772690750| | Sign: 8d1uF/dPgRAIRLE0xIR4KnUMxi5WLPUEJKqFwSRiqnA=
[2026-03-05T06:05:50.501Z] GET /api/v1/notification/list | Body: 0 | Token: eyJraWQi | Raw: GET|/api/v1/notification/list|1772690750| | Sign: bIO1pxWAZnzhODme9ouoc6xpaLFqdySdyvr5gqPhx3Y=
[2026-03-05T06:05:50.628Z] GET /feed/home | Body: 0 | Token: eyJraWQi | Raw: GET|/feed/home|1772690750| | Sign: gycP1Bbb5TN92eV2qvI4EF//qPHWmZQl63Xe0GdwpzI=
[2026-03-05T06:05:50.799Z] GET /api/surf/home | Body: 0 | Token: eyJraWQi | Raw: GET|/api/surf/home|1772690750| | Sign: Q/5jDKNEf5xzMq/7TiNJIJjTGXS6VAs8f2ObuhLLLEo=
[2026-03-05T06:06:48.995Z] GET /api/user/me | Body: 0 | Token: eyJraWQi | Raw: GET|/api/user/me|1772690808| | Sign: lHdeeQ5/FTsA/PchgubIMRRYMixPwiHe1psVgWDUNRM=
[2026-03-05T06:06:49.461Z] GET /api/posts/background-color | Body: 0 | Token: eyJraWQi | Raw: GET|/api/posts/background-color|1772690809| | Sign: i08zAX4l/F3HVvopwNsPT0IfuC72D/0iLT31WiWtZlk=
[2026-03-05T06:06:49.628Z] GET /api/friend/myFriends | Body: 0 | Token: eyJraWQi | Raw: GET|/api/friend/myFriends|1772690809| | Sign: MbVrbYFDXdky2wX4YanXsNH8muxPmCHMG/L3AEEEaFw=
[2026-03-05T06:06:49.824Z] GET /api/user/me | Body: 0 | Token: eyJraWQi | Raw: GET|/api/user/me|1772690809| | Sign: lq/UVoHiWp5miPnbVIXgVlzW97tOk6PN8kQFDljNwmE=
[2026-03-05T06:06:50.022Z] GET /api/missions/current-user | Body: 0 | Token: eyJraWQi | Raw: GET|/api/missions/current-user|1772690810| | Sign: qIB5Aq4eQDY6AzlhiS9JjW6ar8HOBK350G+elw6+wTo=
[2026-03-05T06:06:50.201Z] GET /api/reaction/list | Body: 0 | Token: eyJraWQi | Raw: GET|/api/reaction/list|1772690810| | Sign: amcpvGFXbQQgWx3ksw4TFY6wiucmTeMRcpDRGLIOEMg=
[2026-03-05T06:06:50.400Z] GET /api/v1/notification/list | Body: 0 | Token: eyJraWQi | Raw: GET|/api/v1/notification/list|1772690810| | Sign: bxvDjPRa5uGqkzE65AApUG6C8E5uVcfgaqon+IfttFo=
[2026-03-05T06:06:50.569Z] GET /feed/home | Body: 0 | Token: eyJraWQi | Raw: GET|/feed/home|1772690810| | Sign: zthbPMKddz5EK1bpZcR0yMgyd85ukJpSCLK5U7uRhSY=
[2026-03-05T06:06:50.736Z] GET /api/surf/home | Body: 0 | Token: eyJraWQi | Raw: GET|/api/surf/home|1772690810| | Sign: g6qnDB1EFcjgbm7rSYd0JlbdNTPjir72GzxdU49SIZk=
[2026-03-05T06:07:48.995Z] GET /api/user/me | Body: 0 | Token: eyJraWQi | Raw: GET|/api/user/me|1772690868| | Sign: jxHhvAT4wvZsaLNfd5O9Lz3Sf9g+1QrS35qxW31KVhc=
[2026-03-05T06:07:49.378Z] GET /api/posts/background-color | Body: 0 | Token: eyJraWQi | Raw: GET|/api/posts/background-color|1772690869| | Sign: 2AfQ75shyhYDlY+xfqpQfA3sXGhHkJ3r0CUSJM/hpmo=
[2026-03-05T06:07:49.546Z] GET /api/friend/myFriends | Body: 0 | Token: eyJraWQi | Raw: GET|/api/friend/myFriends|1772690869| | Sign: sXHGL82jcCCpdPws18jzmwu+fT2tkf7puMnlbwoRS1A=
[2026-03-05T06:07:49.744Z] GET /api/user/me | Body: 0 | Token: eyJraWQi | Raw: GET|/api/user/me|1772690869| | Sign: dsl/mWusef5hPAafXLq+hUzQghZUisd+2f1EsIPTiT8=
[2026-03-05T06:07:49.931Z] GET /api/missions/current-user | Body: 0 | Token: eyJraWQi | Raw: GET|/api/missions/current-user|1772690869| | Sign: txe8kCjJr4CjTkQIWthlynNQOCWn40M924IsuNuOE1o=
[2026-03-05T06:07:50.115Z] GET /api/reaction/list | Body: 0 | Token: eyJraWQi | Raw: GET|/api/reaction/list|1772690870| | Sign: FSUFT8YGR+VQMnukQSOxfQR7gcJVOt8Z9qq/IeYc8Ao=
[2026-03-05T06:07:50.319Z] GET /api/v1/notification/list | Body: 0 | Token: eyJraWQi | Raw: GET|/api/v1/notification/list|1772690870| | Sign: 8uiiyiJ8K8gKeoZNx4OGTxJwFNS1ldCvDh2hMXZ01vs=
[2026-03-05T06:07:50.483Z] GET /feed/home | Body: 0 | Token: eyJraWQi | Raw: GET|/feed/home|1772690870| | Sign: pqlpJDxW3NyNvS9Xy2mS/lbStMAy2cDFvDbu90RcxkE=
[2026-03-05T06:07:50.648Z] GET /api/surf/home | Body: 0 | Token: eyJraWQi | Raw: GET|/api/surf/home|1772690870| | Sign: chBMcDBM+zrRRAD878tu/VATz1DnKSc+Qn8qkIhV3G8=
[2026-03-05T06:08:49.002Z] GET /api/user/me | Body: 0 | Token: eyJraWQi | Raw: GET|/api/user/me|1772690929| | Sign: XYwHoef0XhBFpgwd6/KwG47py5vk76ajRo2SNiXd7r8=
[2026-03-05T06:08:49.395Z] GET /api/posts/background-color | Body: 0 | Token: eyJraWQi | Raw: GET|/api/posts/background-color|1772690929| | Sign: Yby8NibH5PFebE1nceC/UAOKS+6+m7+NCxIT5u3oetE=
[2026-03-05T06:08:49.519Z] GET /api/friend/myFriends | Body: 0 | Token: eyJraWQi | Raw: GET|/api/friend/myFriends|1772690929| | Sign: sks2x+RKdbt8Lp6JfLEEHAqlnYfrJrHLKoqEePiltRs=
[2026-03-05T06:08:49.654Z] GET /api/user/me | Body: 0 | Token: eyJraWQi | Raw: GET|/api/user/me|1772690929| | Sign: XYwHoef0XhBFpgwd6/KwG47py5vk76ajRo2SNiXd7r8=
[2026-03-05T06:08:49.788Z] GET /api/missions/current-user | Body: 0 | Token: eyJraWQi | Raw: GET|/api/missions/current-user|1772690929| | Sign: qHF36ylsUCxDdp50OVuaqwZPuQdlt21l64PVmk3z12w=
[2026-03-05T06:08:49.930Z] GET /api/reaction/list | Body: 0 | Token: eyJraWQi | Raw: GET|/api/reaction/list|1772690929| | Sign: hcZ+v1RrvqPjwjJyIk/dXOPtLRE+rsnKe9Z4oy0i50g=
[2026-03-05T06:08:50.073Z] GET /api/v1/notification/list | Body: 0 | Token: eyJraWQi | Raw: GET|/api/v1/notification/list|1772690930| | Sign: ZCQvyf4e2O7rzD997b+bAzspCbxD5yRLh2y0aT9t4Dg=
[2026-03-05T06:08:50.194Z] GET /feed/home | Body: 0 | Token: eyJraWQi | Raw: GET|/feed/home|1772690930| | Sign: mgKwvRCRGXX7097hBiWJdVw318k0dY59OX+rWjxPEg8=
[2026-03-05T06:08:50.319Z] GET /api/surf/home | Body: 0 | Token: eyJraWQi | Raw: GET|/api/surf/home|1772690930| | Sign: Am6kDyr/HqWAqJfG9Uyx2aSTKfeJZlZ5aV1hz4KKnEI=
[2026-03-05T06:09:49.009Z] GET /api/user/me | Body: 0 | Token: eyJraWQi | Raw: GET|/api/user/me|1772690989| | Sign: r/8y3XkGs6aLm6EpoMJjZ1wGfNFFS8LnP3NK24pX5/4=
[2026-03-05T06:09:49.263Z] GET /api/posts/background-color | Body: 0 | Token: eyJraWQi | Raw: GET|/api/posts/background-color|1772690989| | Sign: 80EFo0UMP9QIBt809ZPkNscj/eiCy1szy84K4FGHm3A=
[2026-03-05T06:09:49.387Z] GET /api/friend/myFriends | Body: 0 | Token: eyJraWQi | Raw: GET|/api/friend/myFriends|1772690989| | Sign: PLX3jQdNs2/cvuXya9lrDNpnegC6R+Tdl0U8TdtIF/w=
[2026-03-05T06:09:49.515Z] GET /api/user/me | Body: 0 | Token: eyJraWQi | Raw: GET|/api/user/me|1772690989| | Sign: r/8y3XkGs6aLm6EpoMJjZ1wGfNFFS8LnP3NK24pX5/4=
[2026-03-05T06:09:49.645Z] GET /api/missions/current-user | Body: 0 | Token: eyJraWQi | Raw: GET|/api/missions/current-user|1772690989| | Sign: dLTGvXQEFYRvIGGuTfFaD/k8oaGwYb9PcrvedjJ7O+Q=
[2026-03-05T06:09:49.807Z] GET /api/reaction/list | Body: 0 | Token: eyJraWQi | Raw: GET|/api/reaction/list|1772690989| | Sign: VSnVNfgqvCtj6iZyg5Q95q7psh+XSl36kM91B1syaVs=
[2026-03-05T06:09:49.932Z] GET /api/v1/notification/list | Body: 0 | Token: eyJraWQi | Raw: GET|/api/v1/notification/list|1772690989| | Sign: 79M2RQRYtMlWiEqaeclODcpqbhcX0rVPmBCHjHicqJE=
[2026-03-05T06:09:50.052Z] GET /feed/home | Body: 0 | Token: eyJraWQi | Raw: GET|/feed/home|1772690990| | Sign: YuGHWh+IfA4qrHm1/+xC4aUjokPJC4oQ6z/TLv6V8UE=
[2026-03-05T06:09:50.166Z] GET /api/surf/home | Body: 0 | Token: eyJraWQi | Raw: GET|/api/surf/home|1772690990| | Sign: ss0+ogycoY/nkI9KW15kMa+LWDZPRdZ0X4Hl6keMERk=
[2026-03-05T06:10:49.023Z] POST /api/auth/login | Body: 57 | Token: None | Raw: POST|/api/auth/login|1772691049|{"username":"longh1248@gmail.com","password":"Admin@123"} | Sign: PBcObqu8lI36vuB2Z+xxAUEdPkjFgmFmQcTGFd1ztYs=
[2026-03-05T06:10:49.504Z] GET /api/user/me | Body: 0 | Token: eyJraWQi | Raw: GET|/api/user/me|1772691049| | Sign: x7XIU7JcNK16cy+/B2uU3TRMBRCX26aCTlkyk9zZaE4=
[2026-03-05T06:10:49.662Z] GET /api/posts/background-color | Body: 0 | Token: eyJraWQi | Raw: GET|/api/posts/background-color|1772691049| | Sign: pw1Oa5qcse2dJaV4Bz2kI6Uf3zqlp4FGNDJDw5bMy6k=
[2026-03-05T06:10:49.781Z] GET /api/friend/myFriends | Body: 0 | Token: eyJraWQi | Raw: GET|/api/friend/myFriends|1772691049| | Sign: 7dZ/RXwP689Pp9UkluRx7wH7wDNxt2VMUViYuaCvzTU=
[2026-03-05T06:10:49.947Z] GET /api/user/me | Body: 0 | Token: eyJraWQi | Raw: GET|/api/user/me|1772691049| | Sign: x7XIU7JcNK16cy+/B2uU3TRMBRCX26aCTlkyk9zZaE4=
[2026-03-05T06:10:50.107Z] GET /api/missions/current-user | Body: 0 | Token: eyJraWQi | Raw: GET|/api/missions/current-user|1772691050| | Sign: fLxgPKTvvynHi9I8H3cv0rcpSzVpgwMC5z0WudGceC0=
[2026-03-05T06:10:50.377Z] GET /api/reaction/list | Body: 0 | Token: eyJraWQi | Raw: GET|/api/reaction/list|1772691050| | Sign: Y3Fs432yZ04M4h36/lsUh+eG3QVgQly1JlMhWPQKKrc=
[2026-03-05T06:10:50.511Z] GET /api/v1/notification/list | Body: 0 | Token: eyJraWQi | Raw: GET|/api/v1/notification/list|1772691050| | Sign: Abc3Oe1GTprrmNdBm3PCgWaH/wldEzqXnIqZIaXm/bM=
[2026-03-05T06:10:50.634Z] GET /feed/home | Body: 0 | Token: eyJraWQi | Raw: GET|/feed/home|1772691050| | Sign: HaT//1sVfvY8o3+vdpspoBEhNvM84w+eQrJ7p5ktpFI=
[2026-03-05T06:10:50.752Z] GET /api/surf/home | Body: 0 | Token: eyJraWQi | Raw: GET|/api/surf/home|1772691050| | Sign: fq7E+xD0cXbyQ5h7qwQ9weG+yhoygOSvZeGTlGk5cT8=
[2026-03-05T06:11:49.036Z] GET /api/user/me | Body: 0 | Token: eyJraWQi | Raw: GET|/api/user/me|1772691109| | Sign: T8NFL7MQ3W454NfBvVgEM3Vdekzot+H95hLQhY3KhHY=
[2026-03-05T06:11:49.530Z] GET /api/posts/background-color | Body: 0 | Token: eyJraWQi | Raw: GET|/api/posts/background-color|1772691109| | Sign: muejFZ3aPUA+tS+Q3sPvyGRfU5LR5xhLXzsJsOiRcdc=
[2026-03-05T06:11:49.656Z] GET /api/friend/myFriends | Body: 0 | Token: eyJraWQi | Raw: GET|/api/friend/myFriends|1772691109| | Sign: Go9Vtk0mgV/0g3yJ0ilHchUUHpFq1QfWhgN2pc1uSWU=
[2026-03-05T06:11:49.819Z] GET /api/user/me | Body: 0 | Token: eyJraWQi | Raw: GET|/api/user/me|1772691109| | Sign: T8NFL7MQ3W454NfBvVgEM3Vdekzot+H95hLQhY3KhHY=
[2026-03-05T06:11:50.000Z] GET /api/missions/current-user | Body: 0 | Token: eyJraWQi | Raw: GET|/api/missions/current-user|1772691110| | Sign: TaaRMwVb3nt8rsgpVdIs7dNysGrtgfveo2cI5oMqbqQ=
[2026-03-05T06:11:50.143Z] GET /api/reaction/list | Body: 0 | Token: eyJraWQi | Raw: GET|/api/reaction/list|1772691110| | Sign: 4BfdwJHRZY6R8b4E9XhjiKtmFPMvvQbA64yatFXl1zM=
[2026-03-05T06:11:50.282Z] GET /api/v1/notification/list | Body: 0 | Token: eyJraWQi | Raw: GET|/api/v1/notification/list|1772691110| | Sign: icxAGR04hW8boVB1c4Mpv+T/leCp1vl63n2bNgj6zJc=
[2026-03-05T06:11:50.452Z] GET /feed/home | Body: 0 | Token: eyJraWQi | Raw: GET|/feed/home|1772691110| | Sign: w+ShEqFFoeJyamEu5ixUiqCoKp9QC/0KxSxhcEZ9iAk=
[2026-03-05T06:11:50.575Z] GET /api/surf/home | Body: 0 | Token: eyJraWQi | Raw: GET|/api/surf/home|1772691110| | Sign: bqSdL/KtGtb7KVF/uwSMqIANjSLsIS2j2yNnhqFJfao=
[2026-03-05T06:12:49.052Z] POST /api/auth/login | Body: 57 | Token: None | Raw: POST|/api/auth/login|1772691169|{"username":"longh1248@gmail.com","password":"Admin@123"} | Sign: 10+99NFwDDu27D8J24o4fb2xVEGAZCMp0/M9B0E/DsU=
[2026-03-05T06:12:49.851Z] GET /api/user/me | Body: 0 | Token: eyJraWQi | Raw: GET|/api/user/me|1772691169| | Sign: b0pIJfK85STHLX4iodTpiPlUmLZJ9+FvqoFGjs0V64E=
[2026-03-05T06:12:50.046Z] GET /api/posts/background-color | Body: 0 | Token: eyJraWQi | Raw: GET|/api/posts/background-color|1772691170| | Sign: Dukgrs4Cz1otXSTh0m9Vn+nRWOLIz6NxjVWMyntZa34=
[2026-03-05T06:12:50.224Z] GET /api/friend/myFriends | Body: 0 | Token: eyJraWQi | Raw: GET|/api/friend/myFriends|1772691170| | Sign: E6y8yn8UffWvsVYA+mqrkbZ3sfQCNaqI8m0yUCCy8cw=
[2026-03-05T06:12:50.434Z] GET /api/user/me | Body: 0 | Token: eyJraWQi | Raw: GET|/api/user/me|1772691170| | Sign: Anvu1YhfZ0/ANmXEBX8EQTaIOyvoYhV+KktIjBOdPnM=
[2026-03-05T06:12:50.591Z] GET /api/missions/current-user | Body: 0 | Token: eyJraWQi | Raw: GET|/api/missions/current-user|1772691170| | Sign: NyRjch1TVni9zVjOZmVulqU/pVIrRMSdq87p5rojhFw=
[2026-03-05T06:12:50.850Z] GET /api/reaction/list | Body: 0 | Token: eyJraWQi | Raw: GET|/api/reaction/list|1772691170| | Sign: bUw4of/0ORl2YMTJ+rESGuNQblHXMdcrqs2SxFzjXvs=
[2026-03-05T06:12:51.047Z] GET /api/v1/notification/list | Body: 0 | Token: eyJraWQi | Raw: GET|/api/v1/notification/list|1772691171| | Sign: LvykSz6dHMjI/C+PoNU/m4CpMGvj/rv4NkFDPDiFEU8=
[2026-03-05T06:12:51.219Z] GET /feed/home | Body: 0 | Token: eyJraWQi | Raw: GET|/feed/home|1772691171| | Sign: 3bZem3KsrmmHrTfNu1pOQNL+ge6UjlDQNGQNsr/X6Qs=
[2026-03-05T06:12:51.338Z] GET /api/surf/home | Body: 0 | Token: eyJraWQi | Raw: GET|/api/surf/home|1772691171| | Sign: UtrbiQYO/9Wbw9NXnCs0TwIcqbPR7TXZzwq7lVBIDbg=
[2026-03-05T06:13:49.058Z] GET /api/user/me | Body: 0 | Token: eyJraWQi | Raw: GET|/api/user/me|1772691229| | Sign: yBO/Rpq0zL2Sq75RjkZMQ6R9JzZj8tK7rzwdbIxvrPo=
[2026-03-05T06:13:49.397Z] GET /api/posts/background-color | Body: 0 | Token: eyJraWQi | Raw: GET|/api/posts/background-color|1772691229| | Sign: K9W2gRpPzmAU5Qo8VEBWkME6tXn5JrBoz966SIJ91vE=
[2026-03-05T06:13:49.513Z] GET /api/friend/myFriends | Body: 0 | Token: eyJraWQi | Raw: GET|/api/friend/myFriends|1772691229| | Sign: 1WgzKwyzdABae3ObohT8mc8fpn8pLC0BVaJEwlXxNgc=
[2026-03-05T06:13:49.681Z] GET /api/user/me | Body: 0 | Token: eyJraWQi | Raw: GET|/api/user/me|1772691229| | Sign: yBO/Rpq0zL2Sq75RjkZMQ6R9JzZj8tK7rzwdbIxvrPo=
[2026-03-05T06:13:49.815Z] GET /api/missions/current-user | Body: 0 | Token: eyJraWQi | Raw: GET|/api/missions/current-user|1772691229| | Sign: qKIst8lntmQbxLUasNNHphK1J0HP0mHdUXo7F/msrDo=
[2026-03-05T06:13:49.949Z] GET /api/reaction/list | Body: 0 | Token: eyJraWQi | Raw: GET|/api/reaction/list|1772691229| | Sign: CFUdUtgW7u0xa4BksmdRo40iod1XZXV6I1MBKTpO+a0=
[2026-03-05T06:13:50.084Z] GET /api/v1/notification/list | Body: 0 | Token: eyJraWQi | Raw: GET|/api/v1/notification/list|1772691230| | Sign: qxMr3w51gMqB6KXcDH5kxhsVhl0pCnmTK69ag7d3+Wk=
[2026-03-05T06:13:50.204Z] GET /feed/home | Body: 0 | Token: eyJraWQi | Raw: GET|/feed/home|1772691230| | Sign: F20FarmuF6mKwhOH+u+Y0Rni5mtYcVuBh4JKkKxNcjE=
[2026-03-05T06:13:50.318Z] GET /api/surf/home | Body: 0 | Token: eyJraWQi | Raw: GET|/api/surf/home|1772691230| | Sign: lmBpXF1GtAH7td13rH7F1XV8VuYPE7aU1lyO5e/j6io=
[2026-03-05T06:14:49.074Z] GET /api/user/me | Body: 0 | Token: eyJraWQi | Raw: GET|/api/user/me|1772691289| | Sign: Ub8pFCjViuemMSF5cTxYL65fpWlzQqFt8D+Z91XR6Oc=
[2026-03-05T06:14:49.413Z] GET /api/posts/background-color | Body: 0 | Token: eyJraWQi | Raw: GET|/api/posts/background-color|1772691289| | Sign: yt5+fbdbhrV28x6fxT3SleyGuYu+K4lfsIfY1oS5A1k=
[2026-03-05T06:14:49.554Z] GET /api/friend/myFriends | Body: 0 | Token: eyJraWQi | Raw: GET|/api/friend/myFriends|1772691289| | Sign: MDF+hkubiv1t6/f+nkbfWKInrCiOz/49V2895mYs6NM=
[2026-03-05T06:14:49.728Z] GET /api/user/me | Body: 0 | Token: eyJraWQi | Raw: GET|/api/user/me|1772691289| | Sign: Ub8pFCjViuemMSF5cTxYL65fpWlzQqFt8D+Z91XR6Oc=
[2026-03-05T06:14:49.887Z] GET /api/missions/current-user | Body: 0 | Token: eyJraWQi | Raw: GET|/api/missions/current-user|1772691289| | Sign: M2gVXCFDoE2ELv56GMm2ANWgaagTCtYJnRpkms6KFB4=
[2026-03-05T06:14:50.030Z] GET /api/reaction/list | Body: 0 | Token: eyJraWQi | Raw: GET|/api/reaction/list|1772691290| | Sign: +mXT8fqAhotn7NgshMRzDKoXqJdlc2wZEpTw1S4n3EA=
[2026-03-05T06:14:50.168Z] GET /api/v1/notification/list | Body: 0 | Token: eyJraWQi | Raw: GET|/api/v1/notification/list|1772691290| | Sign: 7W3EM389eXW+PZ9GwbZoxwFyGvR0QiQToC7J8Tv6K+0=
[2026-03-05T06:14:50.290Z] GET /feed/home | Body: 0 | Token: eyJraWQi | Raw: GET|/feed/home|1772691290| | Sign: kBg83/y5JyKFUYPTA/4DdYTP9VFMJbP3IZUlq1rfbM0=
[2026-03-05T06:14:50.413Z] GET /api/surf/home | Body: 0 | Token: eyJraWQi | Raw: GET|/api/surf/home|1772691290| | Sign: mmFAKXvObY+zyF5c20aPRrLXXvsN5+1pj3c4tWYq9xM=
[2026-03-05T06:15:49.089Z] GET /api/user/me | Body: 0 | Token: eyJraWQi | Raw: GET|/api/user/me|1772691349| | Sign: 05Lm0cdFPJ302Ni/Ml32FJjYLeVTEoUIN+8XdUlcKME=
[2026-03-05T06:15:49.430Z] GET /api/posts/background-color | Body: 0 | Token: eyJraWQi | Raw: GET|/api/posts/background-color|1772691349| | Sign: +BCd/WF6J2jVAiqc7bUFQSGmXOK/ANDtwyEsZG8NW30=
[2026-03-05T06:15:49.555Z] GET /api/friend/myFriends | Body: 0 | Token: eyJraWQi | Raw: GET|/api/friend/myFriends|1772691349| | Sign: yb29Er7OKvBOKxFYbPDRTEQXWwu3bKVATwPX7ttMdTs=
[2026-03-05T06:15:49.716Z] GET /api/user/me | Body: 0 | Token: eyJraWQi | Raw: GET|/api/user/me|1772691349| | Sign: 05Lm0cdFPJ302Ni/Ml32FJjYLeVTEoUIN+8XdUlcKME=
[2026-03-05T06:15:49.883Z] GET /api/missions/current-user | Body: 0 | Token: eyJraWQi | Raw: GET|/api/missions/current-user|1772691349| | Sign: 8K2nKxMG9eeYpdlKjMVNPMFTTvGS0pnINi2z+zwyGE8=
[2026-03-05T06:15:50.031Z] GET /api/reaction/list | Body: 0 | Token: eyJraWQi | Raw: GET|/api/reaction/list|1772691350| | Sign: Q1UdpHT2f4ZBhliYnRE7YhACBfbTDvY+FgDUs58t8Zs=
[2026-03-05T06:15:50.191Z] GET /api/v1/notification/list | Body: 0 | Token: eyJraWQi | Raw: GET|/api/v1/notification/list|1772691350| | Sign: u3zhGtNh2mElnAkgiHWH12qhM6U0XrjR83cTQPxfbHg=
[2026-03-05T06:15:50.323Z] GET /feed/home | Body: 0 | Token: eyJraWQi | Raw: GET|/feed/home|1772691350| | Sign: ZoYqBtkOZ64zfPJkNEyV34FsLkNdcGw0qClmwDFo5RI=
[2026-03-05T06:15:50.449Z] GET /api/surf/home | Body: 0 | Token: eyJraWQi | Raw: GET|/api/surf/home|1772691350| | Sign: uFInIrDPKFCQLlk9Rg7WnIQeEF0ZPuAz+hBW21wj5ng=
[2026-03-05T06:16:49.097Z] POST /api/auth/login | Body: 57 | Token: None | Raw: POST|/api/auth/login|1772691409|{"username":"longh1248@gmail.com","password":"Admin@123"} | Sign: kp60rrStMAm8/TvBH0T3V5JysJ3v5H7xXkLSckXVqYs=
[2026-03-05T06:16:49.519Z] GET /api/user/me | Body: 0 | Token: eyJraWQi | Raw: GET|/api/user/me|1772691409| | Sign: hlbT3t9+FTk/u1K8ebSNHdI4ktZSDVwXwOWUpZ2F2Fs=
[2026-03-05T06:16:49.690Z] GET /api/posts/background-color | Body: 0 | Token: eyJraWQi | Raw: GET|/api/posts/background-color|1772691409| | Sign: d4VlvqTeLN2mRRoQenLX3FN03fmuOOXK1CQNv2kspRk=
[2026-03-05T06:16:49.814Z] GET /api/friend/myFriends | Body: 0 | Token: eyJraWQi | Raw: GET|/api/friend/myFriends|1772691409| | Sign: UiuSkM3YsKfv3mVG2O5KsADOHX7wGYTr5MkM4Bvw9Hk=
[2026-03-05T06:16:49.983Z] GET /api/user/me | Body: 0 | Token: eyJraWQi | Raw: GET|/api/user/me|1772691409| | Sign: hlbT3t9+FTk/u1K8ebSNHdI4ktZSDVwXwOWUpZ2F2Fs=
[2026-03-05T06:16:50.147Z] GET /api/missions/current-user | Body: 0 | Token: eyJraWQi | Raw: GET|/api/missions/current-user|1772691410| | Sign: d7FWqZZeEUFvPv2Zn4zuthbOb97rRvg9t88/z94LNmI=
[2026-03-05T06:16:50.333Z] GET /api/reaction/list | Body: 0 | Token: eyJraWQi | Raw: GET|/api/reaction/list|1772691410| | Sign: 5L4XDn3BCFIdcSDdNNnfQS4u0gn1GcIxfDG+o1yCxi0=
[2026-03-05T06:16:50.490Z] GET /api/v1/notification/list | Body: 0 | Token: eyJraWQi | Raw: GET|/api/v1/notification/list|1772691410| | Sign: xpVxhJYfTFUFYRrDZSiMWGXDDQKE/PZa0d5jr3ELKLo=
[2026-03-05T06:16:50.615Z] GET /feed/home | Body: 0 | Token: eyJraWQi | Raw: GET|/feed/home|1772691410| | Sign: +ajyEwdfhx7rlJioqNix9Z3Hv6L+aXEZK78OU4vFM5w=
[2026-03-05T06:16:50.739Z] GET /api/surf/home | Body: 0 | Token: eyJraWQi | Raw: GET|/api/surf/home|1772691410| | Sign: Kph7Znqn+j45zq+T1K91dvu82EPH4jDr5ji806PGnSU=
[2026-03-05T06:17:49.259Z] GET /api/user/me | Body: 0 | Token: eyJraWQi | Raw: GET|/api/user/me|1772691469| | Sign: uTkTHINJ6/lDsricqkcEumN3KYZKZYh+hwTqbSLsOMU=
[2026-03-05T06:17:49.677Z] GET /api/posts/background-color | Body: 0 | Token: eyJraWQi | Raw: GET|/api/posts/background-color|1772691469| | Sign: LiAc5X1AZmS0YnXEKCFh7nt9XCB7AeYg7XmZVATyRDs=
[2026-03-05T06:17:49.838Z] GET /api/friend/myFriends | Body: 0 | Token: eyJraWQi | Raw: GET|/api/friend/myFriends|1772691469| | Sign: rP0qVU73x0QrM4bxpSnAdf2aH42L42K3HoOP12ORfMU=
[2026-03-05T06:17:49.990Z] GET /api/user/me | Body: 0 | Token: eyJraWQi | Raw: GET|/api/user/me|1772691469| | Sign: uTkTHINJ6/lDsricqkcEumN3KYZKZYh+hwTqbSLsOMU=
[2026-03-05T06:17:50.154Z] GET /api/missions/current-user | Body: 0 | Token: eyJraWQi | Raw: GET|/api/missions/current-user|1772691470| | Sign: ZO7ZEuGqB2zVrTty/OvubmMWhO2jduyT67UDwPfxJKY=
[2026-03-05T06:17:50.289Z] GET /api/reaction/list | Body: 0 | Token: eyJraWQi | Raw: GET|/api/reaction/list|1772691470| | Sign: 05xqS32rfSTeZlcxNLJ3lg1pvfkBE/bzC7QvQe6g9m0=
[2026-03-05T06:17:50.414Z] GET /api/v1/notification/list | Body: 0 | Token: eyJraWQi | Raw: GET|/api/v1/notification/list|1772691470| | Sign: 2L+8WuCHxGwAJNbe1LRUZRyu8nS4cdbRS+V1QV0OleU=
[2026-03-05T06:17:50.535Z] GET /feed/home | Body: 0 | Token: eyJraWQi | Raw: GET|/feed/home|1772691470| | Sign: XnVB6vN/Hs8Tb8gfv20T5lOV/bUBmDN95DGaNDOEZL4=
[2026-03-05T06:17:50.660Z] GET /api/surf/home | Body: 0 | Token: eyJraWQi | Raw: GET|/api/surf/home|1772691470| | Sign: LhkdK3huLT0hvBaBza8yra6BzMANBA+tZYBaPLPdYRU=
[2026-03-05T06:18:49.154Z] GET /api/user/me | Body: 0 | Token: eyJraWQi | Raw: GET|/api/user/me|1772691529| | Sign: PQT2xGvquRAmMJuUQdIT0VdZ3w3KKB7wEybvFQ7HHbo=
[2026-03-05T06:18:49.493Z] GET /api/posts/background-color | Body: 0 | Token: eyJraWQi | Raw: GET|/api/posts/background-color|1772691529| | Sign: odnPx6azt4+8gaWaniQFBSm8fkNX4zu/gwbKJiw0t9Y=
[2026-03-05T06:18:49.617Z] GET /api/friend/myFriends | Body: 0 | Token: eyJraWQi | Raw: GET|/api/friend/myFriends|1772691529| | Sign: vPr1sO+TScp6DBe29xe7xiIKD+mBxr5Ne1LBkv7/20w=
[2026-03-05T06:18:49.751Z] GET /api/user/me | Body: 0 | Token: eyJraWQi | Raw: GET|/api/user/me|1772691529| | Sign: PQT2xGvquRAmMJuUQdIT0VdZ3w3KKB7wEybvFQ7HHbo=
[2026-03-05T06:18:49.906Z] GET /api/missions/current-user | Body: 0 | Token: eyJraWQi | Raw: GET|/api/missions/current-user|1772691529| | Sign: 1jTAPEVO81ZnHsIp/4DpPkyExHxD5b2L6L830TjR6Ic=
[2026-03-05T06:18:50.037Z] GET /api/reaction/list | Body: 0 | Token: eyJraWQi | Raw: GET|/api/reaction/list|1772691530| | Sign: nQkg8T63PdUIQ6HbXKGQ9y1cGJ7NpJuPo1kb9a8P2nw=
[2026-03-05T06:18:50.182Z] GET /api/v1/notification/list | Body: 0 | Token: eyJraWQi | Raw: GET|/api/v1/notification/list|1772691530| | Sign: QLnnOGqobsRQERQapcc9ZsmzTVcEGQ9clOYIXUEM+54=
[2026-03-05T06:18:50.305Z] GET /feed/home | Body: 0 | Token: eyJraWQi | Raw: GET|/feed/home|1772691530| | Sign: qmJW9LosZu52GddZ9EccwVXbUcLAFMBBIv5uoJdoWPg=
[2026-03-05T06:18:50.424Z] GET /api/surf/home | Body: 0 | Token: eyJraWQi | Raw: GET|/api/surf/home|1772691530| | Sign: 0zufZoSw13zE4JoiL688Yjt7RJffa+kRhvQLrZnn9Ew=
[2026-03-05T06:19:49.168Z] GET /api/user/me | Body: 0 | Token: eyJraWQi | Raw: GET|/api/user/me|1772691589| | Sign: n8Pu2beLOxxr5dzz5EjLYDd9CImx3SG9JxlUvQqMHnA=
[2026-03-05T06:19:49.454Z] GET /api/posts/background-color | Body: 0 | Token: eyJraWQi | Raw: GET|/api/posts/background-color|1772691589| | Sign: 3tntTgIRoReVVfWmKD+i1mUg6T/M5GfG2Dwz6/GDULc=
[2026-03-05T06:19:49.586Z] GET /api/friend/myFriends | Body: 0 | Token: eyJraWQi | Raw: GET|/api/friend/myFriends|1772691589| | Sign: FEE5AxveG6C7lSwEBwfEtnMzkjlRZZsg/KzcxoMw5rw=
[2026-03-05T06:19:49.722Z] GET /api/user/me | Body: 0 | Token: eyJraWQi | Raw: GET|/api/user/me|1772691589| | Sign: n8Pu2beLOxxr5dzz5EjLYDd9CImx3SG9JxlUvQqMHnA=
[2026-03-05T06:19:49.881Z] GET /api/missions/current-user | Body: 0 | Token: eyJraWQi | Raw: GET|/api/missions/current-user|1772691589| | Sign: XmidOlbwifMin7RbilY9pRVWQSBv6DwVRgxkt17XwvI=
[2026-03-05T06:19:50.048Z] GET /api/reaction/list | Body: 0 | Token: eyJraWQi | Raw: GET|/api/reaction/list|1772691590| | Sign: U+uk8a7yCkSFSerY2Ky9q5Igm7AOJggMa7zE7uXea08=
[2026-03-05T06:19:50.176Z] GET /api/v1/notification/list | Body: 0 | Token: eyJraWQi | Raw: GET|/api/v1/notification/list|1772691590| | Sign: Jb+PtBo6OtyS/xOM1FohzByTcWj0wCJOO3LzuEfwN6w=
[2026-03-05T06:19:50.297Z] GET /feed/home | Body: 0 | Token: eyJraWQi | Raw: GET|/feed/home|1772691590| | Sign: dBHtatymkhOxaVV3oLjpyojQWu/aYiZK8Q8i9tyCdCM=
[2026-03-05T06:19:50.423Z] GET /api/surf/home | Body: 0 | Token: eyJraWQi | Raw: GET|/api/surf/home|1772691590| | Sign: xXe01dcpyKHEKW7CLUaa9ChT+UHsYujsXVn9ffVTqmM=
[2026-03-05T06:20:49.169Z] GET /api/user/me | Body: 0 | Token: eyJraWQi | Raw: GET|/api/user/me|1772691649| | Sign: 7+u5oJXgilA1XCNeanuoj0jXHhiqtydzyTWuoAayCaQ=
[2026-03-05T06:20:49.396Z] GET /api/posts/background-color | Body: 0 | Token: eyJraWQi | Raw: GET|/api/posts/background-color|1772691649| | Sign: iMUAqIQHucrAfpsESx2EnpNRDgIbA1MNA1pxCniAdns=
[2026-03-05T06:20:49.515Z] GET /api/friend/myFriends | Body: 0 | Token: eyJraWQi | Raw: GET|/api/friend/myFriends|1772691649| | Sign: PqfeqZwWQ0+bvWaOoG8Udg6BQDC25JODWnYykOxML2Y=
[2026-03-05T06:20:49.660Z] GET /api/user/me | Body: 0 | Token: eyJraWQi | Raw: GET|/api/user/me|1772691649| | Sign: 7+u5oJXgilA1XCNeanuoj0jXHhiqtydzyTWuoAayCaQ=
[2026-03-05T06:20:49.801Z] GET /api/missions/current-user | Body: 0 | Token: eyJraWQi | Raw: GET|/api/missions/current-user|1772691649| | Sign: rTliXWmPvk/Vw3z0hg9SJ4LUFENfXznRAHF7XCZNanM=
[2026-03-05T06:20:49.960Z] GET /api/reaction/list | Body: 0 | Token: eyJraWQi | Raw: GET|/api/reaction/list|1772691649| | Sign: oAiiiNnOX7TL0Gxyv3fDdib0uo1oU29zN19MBi288Lg=
[2026-03-05T06:20:50.093Z] GET /api/v1/notification/list | Body: 0 | Token: eyJraWQi | Raw: GET|/api/v1/notification/list|1772691650| | Sign: vE7ZAQ4pGiRNVqQe9aw8+DFor7KkZJ8c4cPqulIOmIA=
[2026-03-05T06:20:50.211Z] GET /feed/home | Body: 0 | Token: eyJraWQi | Raw: GET|/feed/home|1772691650| | Sign: Zc+rGHCwWioqKM4X2u51omGR9SEjFyz0i0FPLrINVrs=
[2026-03-05T06:20:50.333Z] GET /api/surf/home | Body: 0 | Token: eyJraWQi | Raw: GET|/api/surf/home|1772691650| | Sign: f+VyDaXVCvGIG6yZJYMJ20bd1U5lu0JHt+hVBVlHOHE=
[2026-03-05T06:21:49.176Z] POST /api/auth/login | Body: 57 | Token: None | Raw: POST|/api/auth/login|1772691709|{"username":"longh1248@gmail.com","password":"Admin@123"} | Sign: 4LxrKCRC/i90XKYEjL7+B3Z+3tTFocSTRoaM1b6DbNk=
[2026-03-05T06:21:49.656Z] GET /api/user/me | Body: 0 | Token: eyJraWQi | Raw: GET|/api/user/me|1772691709| | Sign: nrmrMSdN1FJx2OTp/x2e453yPJyNAdRktPLvQnjrT/Y=
[2026-03-05T06:21:49.814Z] GET /api/posts/background-color | Body: 0 | Token: eyJraWQi | Raw: GET|/api/posts/background-color|1772691709| | Sign: XGRngkSonaPJh60QOKQZnkul9EM2degojBXWURkvIus=
[2026-03-05T06:21:49.939Z] GET /api/friend/myFriends | Body: 0 | Token: eyJraWQi | Raw: GET|/api/friend/myFriends|1772691709| | Sign: 7IrUtOLVVwoEKxSla6Bw7zDy8aa6vbGZj7LnD//y9ag=
[2026-03-05T06:21:50.098Z] GET /api/user/me | Body: 0 | Token: eyJraWQi | Raw: GET|/api/user/me|1772691710| | Sign: 1cH9LDhz+68SPCn12V9TwYZQ25EeBy4esvlczb9w/ms=
[2026-03-05T06:21:50.257Z] GET /api/missions/current-user | Body: 0 | Token: eyJraWQi | Raw: GET|/api/missions/current-user|1772691710| | Sign: IIhUbvv+d07kEYi/NXbDIAA5dgiLg0hDEPKBBudSvRU=
[2026-03-05T06:21:50.455Z] GET /api/reaction/list | Body: 0 | Token: eyJraWQi | Raw: GET|/api/reaction/list|1772691710| | Sign: t4ssPwWrbiEV5Q+aqec3jGl7X8bDaSsSRJl+Tan7f3E=
[2026-03-05T06:21:50.597Z] GET /api/v1/notification/list | Body: 0 | Token: eyJraWQi | Raw: GET|/api/v1/notification/list|1772691710| | Sign: PvqEOg2RF1D4nIxXhd0tTpjP6G9n/P+W005ApywiSpc=
[2026-03-05T06:21:50.716Z] GET /feed/home | Body: 0 | Token: eyJraWQi | Raw: GET|/feed/home|1772691710| | Sign: 2AjNvgm+vKp7NX3C4P8iJWRVM5GaBgU9nmFJuMikbxs=
[2026-03-05T06:21:50.836Z] GET /api/surf/home | Body: 0 | Token: eyJraWQi | Raw: GET|/api/surf/home|1772691710| | Sign: m73R6FwtZIgP9AvKjRfeMs+0RCyMeqX9VU88XrLQgMU=
[2026-03-05T06:22:49.181Z] GET /api/user/me | Body: 0 | Token: eyJraWQi | Raw: GET|/api/user/me|1772691769| | Sign: xzsKYB8NM08UymatN2tj5S7KI8OnY9EbGh5Swgs3IlI=
[2026-03-05T06:22:49.569Z] GET /api/posts/background-color | Body: 0 | Token: eyJraWQi | Raw: GET|/api/posts/background-color|1772691769| | Sign: VzFmuUCMEEMUA4szq5aFaSnvfGh87A9JIq1O18t29dU=
[2026-03-05T06:22:49.692Z] GET /api/friend/myFriends | Body: 0 | Token: eyJraWQi | Raw: GET|/api/friend/myFriends|1772691769| | Sign: UHvvAMDC8uuCJiIZ6QAFEYBmgK1PK71knrUJ6ftv8Sc=
[2026-03-05T06:22:49.828Z] GET /api/user/me | Body: 0 | Token: eyJraWQi | Raw: GET|/api/user/me|1772691769| | Sign: xzsKYB8NM08UymatN2tj5S7KI8OnY9EbGh5Swgs3IlI=
[2026-03-05T06:22:49.993Z] GET /api/missions/current-user | Body: 0 | Token: eyJraWQi | Raw: GET|/api/missions/current-user|1772691769| | Sign: o7AT66BHaIdMoHqPtkwKJ/RbLx3AmLCPfbbots+wSho=
[2026-03-05T06:22:50.141Z] GET /api/reaction/list | Body: 0 | Token: eyJraWQi | Raw: GET|/api/reaction/list|1772691770| | Sign: TqiJQQzNEUWaCMqLSPxGgieKHu7GG7u5kch2Ksx/Ewg=
[2026-03-05T06:22:50.273Z] GET /api/v1/notification/list | Body: 0 | Token: eyJraWQi | Raw: GET|/api/v1/notification/list|1772691770| | Sign: iVnxLBSu8Dlm/NMZzmbTf6rSJz1kSKyroTtiwNfUZxU=
[2026-03-05T06:22:50.397Z] GET /feed/home | Body: 0 | Token: eyJraWQi | Raw: GET|/feed/home|1772691770| | Sign: f0arBClQlX8bPIQuASsn5VrFNeEYJWXMuUZQoD5IY84=
[2026-03-05T06:22:50.518Z] GET /api/surf/home | Body: 0 | Token: eyJraWQi | Raw: GET|/api/surf/home|1772691770| | Sign: yPdttohMljzc3AG1PMAt/lAlb0y3uVEQGVTZ65squ9k=
[2026-03-05T06:23:49.191Z] POST /api/auth/login | Body: 57 | Token: None | Raw: POST|/api/auth/login|1772691829|{"username":"longh1248@gmail.com","password":"Admin@123"} | Sign: cAF1/pWyAiargMe/b2Y+0vw9iv5aNaEQIKQjpOvfCn0=
[2026-03-05T06:23:49.887Z] GET /api/user/me | Body: 0 | Token: eyJraWQi | Raw: GET|/api/user/me|1772691829| | Sign: jDtGKZBRxCUd1I5m463ABjwNSxLxyZ+d7h8grS7w5Vg=
[2026-03-05T06:23:50.146Z] GET /api/posts/background-color | Body: 0 | Token: eyJraWQi | Raw: GET|/api/posts/background-color|1772691830| | Sign: aMoFqj3dCmEJVSFUjLeZuMRVaAqju1HpBuFZSbmuY9s=
[2026-03-05T06:23:50.313Z] GET /api/friend/myFriends | Body: 0 | Token: eyJraWQi | Raw: GET|/api/friend/myFriends|1772691830| | Sign: DSaMyBgC7WDmKHjflQLcSkJsNbKd7UqDeaJxFLEdVRU=
[2026-03-05T06:23:50.513Z] GET /api/user/me | Body: 0 | Token: eyJraWQi | Raw: GET|/api/user/me|1772691830| | Sign: TTJ3gCrteE98DRbc3jJhrTWAIVvFPspN+kVdTkw3YoM=
[2026-03-05T06:23:50.693Z] GET /api/missions/current-user | Body: 0 | Token: eyJraWQi | Raw: GET|/api/missions/current-user|1772691830| | Sign: P6eEWPUc2x8PNpyCn1DYYHi6yOVqzXD+/eawCjE3XFc=
[2026-03-05T06:23:50.873Z] GET /api/reaction/list | Body: 0 | Token: eyJraWQi | Raw: GET|/api/reaction/list|1772691830| | Sign: QmpVIzuo3/svN0rEM3gJItPg/2x6FQIpkl61ZX/F7JI=
[2026-03-05T06:23:51.057Z] GET /api/v1/notification/list | Body: 0 | Token: eyJraWQi | Raw: GET|/api/v1/notification/list|1772691831| | Sign: spm2zesTx6vzMQs14KIOfbWE0wCpgtqEiFXvplYWMrg=
[2026-03-05T06:23:51.225Z] GET /feed/home | Body: 0 | Token: eyJraWQi | Raw: GET|/feed/home|1772691831| | Sign: 3MM4LhDApW3yVATbOkFjkapiWup9fuaKqmkLPkC5+VM=
[2026-03-05T06:23:51.394Z] GET /api/surf/home | Body: 0 | Token: eyJraWQi | Raw: GET|/api/surf/home|1772691831| | Sign: BEcj7e8oezYoH2JTQc/ycX2LuZZqNORPxwb4LuQcp/8=
[2026-03-05T06:24:49.209Z] GET /api/user/me | Body: 0 | Token: eyJraWQi | Raw: GET|/api/user/me|1772691889| | Sign: MsxYiCaQEaycq/OcfEACkauh968ddglL246VA4MaWFE=
[2026-03-05T06:24:49.537Z] GET /api/posts/background-color | Body: 0 | Token: eyJraWQi | Raw: GET|/api/posts/background-color|1772691889| | Sign: iBP9S7Wd1KZ+cshhNgkVbj+pnNSm12/cYeIA04uwhc8=
[2026-03-05T06:24:49.740Z] GET /api/friend/myFriends | Body: 0 | Token: eyJraWQi | Raw: GET|/api/friend/myFriends|1772691889| | Sign: ckEnxwumP4Pl9LqO3Dgwy0xZfmVHoY7RYoMX+3ivTSg=
[2026-03-05T06:24:49.876Z] GET /api/user/me | Body: 0 | Token: eyJraWQi | Raw: GET|/api/user/me|1772691889| | Sign: MsxYiCaQEaycq/OcfEACkauh968ddglL246VA4MaWFE=
[2026-03-05T06:24:50.021Z] GET /api/missions/current-user | Body: 0 | Token: eyJraWQi | Raw: GET|/api/missions/current-user|1772691890| | Sign: eRIaGNU48PxDifx+0Pc2Xt5GB+BCkfNk4jkYal+BOCg=
[2026-03-05T06:24:50.150Z] GET /api/reaction/list | Body: 0 | Token: eyJraWQi | Raw: GET|/api/reaction/list|1772691890| | Sign: n+4ueRPgY17Rfp6iMGzVrvj4gpAvT9VyFP3z5Bql31E=
[2026-03-05T06:24:50.281Z] GET /api/v1/notification/list | Body: 0 | Token: eyJraWQi | Raw: GET|/api/v1/notification/list|1772691890| | Sign: n7wl/gsUMSL//2XTN3YDcXbiqa6milpswSBLWYARhtA=
[2026-03-05T06:24:50.401Z] GET /feed/home | Body: 0 | Token: eyJraWQi | Raw: GET|/feed/home|1772691890| | Sign: OgOUMpsV8dM7vQIfK33Rngs8fzr4iTQLRr/9FrDNtb0=
[2026-03-05T06:24:50.522Z] GET /api/surf/home | Body: 0 | Token: eyJraWQi | Raw: GET|/api/surf/home|1772691890| | Sign: 1yFWcVtdeVV6DJw6XJx1b4ZHR5sHgtLZ3vCe0IlQtbk=
[2026-03-05T06:25:49.211Z] GET /api/user/me | Body: 0 | Token: eyJraWQi | Raw: GET|/api/user/me|1772691949| | Sign: C+/UBTKKy56YPyt1UDmKgDVuJ3QyCOR/CWrFCdJBWZc=
[2026-03-05T06:25:49.524Z] GET /api/posts/background-color | Body: 0 | Token: eyJraWQi | Raw: GET|/api/posts/background-color|1772691949| | Sign: 3Xbn7bDNoK3xPGr8AF8C5lBe6hUd5whREbWtxbQdahk=
[2026-03-05T06:25:49.690Z] GET /api/friend/myFriends | Body: 0 | Token: eyJraWQi | Raw: GET|/api/friend/myFriends|1772691949| | Sign: WGq/VTGStnyavy8YYVYtP3nIgVja+VwPPPISRaw3qhg=
[2026-03-05T06:25:49.869Z] GET /api/user/me | Body: 0 | Token: eyJraWQi | Raw: GET|/api/user/me|1772691949| | Sign: C+/UBTKKy56YPyt1UDmKgDVuJ3QyCOR/CWrFCdJBWZc=
[2026-03-05T06:25:50.076Z] GET /api/missions/current-user | Body: 0 | Token: eyJraWQi | Raw: GET|/api/missions/current-user|1772691950| | Sign: m4afqIpbUpslu5iig+uTgS8+VAFegdOycSrpCt9PheI=
[2026-03-05T06:25:50.251Z] GET /api/reaction/list | Body: 0 | Token: eyJraWQi | Raw: GET|/api/reaction/list|1772691950| | Sign: j7/PnyQgTl+B9iA3y+bzC9fN1rZ9qHSkncIBVbxQCVQ=
[2026-03-05T06:25:50.456Z] GET /api/v1/notification/list | Body: 0 | Token: eyJraWQi | Raw: GET|/api/v1/notification/list|1772691950| | Sign: 8z3Z7cbTdk/gDPBfw+qNwhcHyJ9ht7jAE0m4u9KaGBE=
[2026-03-05T06:25:50.624Z] GET /feed/home | Body: 0 | Token: eyJraWQi | Raw: GET|/feed/home|1772691950| | Sign: pmIkX7yZlzA21HZjwF8vX0CprrBAsM4YMkB1+kkdt0I=
[2026-03-05T06:25:50.792Z] GET /api/surf/home | Body: 0 | Token: eyJraWQi | Raw: GET|/api/surf/home|1772691950| | Sign: FV76CjQEhPJH4A/oUaHW1REcThQt8tOfBWwqoOPFl78=
[2026-03-05T06:26:49.211Z] GET /api/user/me | Body: 0 | Token: eyJraWQi | Raw: GET|/api/user/me|1772692009| | Sign: m7fwVAPfZ13tVm0NRcd1rBAcMyAd6tE3VBj/TOouWQc=
[2026-03-05T06:26:49.482Z] GET /api/posts/background-color | Body: 0 | Token: eyJraWQi | Raw: GET|/api/posts/background-color|1772692009| | Sign: sUSPkVl0HfOie7Q1jbKYEa25LiAhYpbVgfv/THRKaoY=
[2026-03-05T06:26:49.601Z] GET /api/friend/myFriends | Body: 0 | Token: eyJraWQi | Raw: GET|/api/friend/myFriends|1772692009| | Sign: 4Be5iP4fxwkHLjjGpItCubyDSjrUpVnnH3aU7jbMdfE=
[2026-03-05T06:26:49.755Z] GET /api/user/me | Body: 0 | Token: eyJraWQi | Raw: GET|/api/user/me|1772692009| | Sign: m7fwVAPfZ13tVm0NRcd1rBAcMyAd6tE3VBj/TOouWQc=
[2026-03-05T06:26:49.881Z] GET /api/missions/current-user | Body: 0 | Token: eyJraWQi | Raw: GET|/api/missions/current-user|1772692009| | Sign: Oh5py5DA2FlNvNHl5KHXDasly2VxXFv6tnrKNrgqJag=
[2026-03-05T06:26:50.024Z] GET /api/reaction/list | Body: 0 | Token: eyJraWQi | Raw: GET|/api/reaction/list|1772692010| | Sign: EC6vwzGAM6pwy8dxK8RNEEOxEYevIpfWif2ifjXfuLg=
[2026-03-05T06:26:50.157Z] GET /api/v1/notification/list | Body: 0 | Token: eyJraWQi | Raw: GET|/api/v1/notification/list|1772692010| | Sign: 6NKW0ojOGcpYYLE810ejV/6BC6fUd3UdFbfZLDHEuHQ=
[2026-03-05T06:26:50.276Z] GET /feed/home | Body: 0 | Token: eyJraWQi | Raw: GET|/feed/home|1772692010| | Sign: UJPTlYYj/akd5TG9xUKlm/cHZHWH0ruiLyRn9J3QDJ8=
[2026-03-05T06:26:50.396Z] GET /api/surf/home | Body: 0 | Token: eyJraWQi | Raw: GET|/api/surf/home|1772692010| | Sign: ty6+z0x59kQBFGvZ7RsuExjCCNlmZUP4HG5rGpwIXgI=
[2026-03-05T06:27:49.220Z] GET /api/user/me | Body: 0 | Token: eyJraWQi | Raw: GET|/api/user/me|1772692069| | Sign: lz79qrGbsxNfWOrCKfqkBS6wgKe1I3X+YCIAzPZSW1o=
[2026-03-05T06:27:49.554Z] GET /api/posts/background-color | Body: 0 | Token: eyJraWQi | Raw: GET|/api/posts/background-color|1772692069| | Sign: o9Loj/iJev4fcMrnjhnzv9odrgHwWQMV/vqXSEUNKIA=
[2026-03-05T06:27:49.672Z] GET /api/friend/myFriends | Body: 0 | Token: eyJraWQi | Raw: GET|/api/friend/myFriends|1772692069| | Sign: vJcscWbqvSK3Taqw7jeYEYWh8Clt/X6m+CQe3aAImyk=
[2026-03-05T06:27:49.828Z] GET /api/user/me | Body: 0 | Token: eyJraWQi | Raw: GET|/api/user/me|1772692069| | Sign: lz79qrGbsxNfWOrCKfqkBS6wgKe1I3X+YCIAzPZSW1o=
[2026-03-05T06:27:49.955Z] GET /api/missions/current-user | Body: 0 | Token: eyJraWQi | Raw: GET|/api/missions/current-user|1772692069| | Sign: Q7IFinPsguoj4LtBPlalGyxMzsmaKxZjGHOimCAodxI=
[2026-03-05T06:27:50.102Z] GET /api/reaction/list | Body: 0 | Token: eyJraWQi | Raw: GET|/api/reaction/list|1772692070| | Sign: 9bY3clAaWkPxv6RRu7h084bCrx1J0J4vcaa75GJaxGM=
[2026-03-05T06:27:50.268Z] GET /api/v1/notification/list | Body: 0 | Token: eyJraWQi | Raw: GET|/api/v1/notification/list|1772692070| | Sign: RSdiukYsJWmFPDAkWF3PIHkbfjdLT1wcFBLCJY0NAXM=
[2026-03-05T06:27:50.386Z] GET /feed/home | Body: 0 | Token: eyJraWQi | Raw: GET|/feed/home|1772692070| | Sign: lVI3lcjrWT2/ZBG7vO1eIbwHqHT1Pw5VD2KPwRmhk4Y=
[2026-03-05T06:27:50.505Z] GET /api/surf/home | Body: 0 | Token: eyJraWQi | Raw: GET|/api/surf/home|1772692070| | Sign: sc98wc+WbKcxwWTEpBR9zXbsA9AzfR+1TfBpiNTIdGk=
[2026-03-05T06:28:49.222Z] GET /api/user/me | Body: 0 | Token: eyJraWQi | Raw: GET|/api/user/me|1772692129| | Sign: xrvtSKDbnuLWFmVkCdVmxk2915NeMg5CkWHd6rx2V+c=
[2026-03-05T06:28:49.562Z] GET /api/posts/background-color | Body: 0 | Token: eyJraWQi | Raw: GET|/api/posts/background-color|1772692129| | Sign: Ga+9e524YqCc2/izwfQEs+YYRWoS4+jOSE7ot1LkoyE=
[2026-03-05T06:28:49.681Z] GET /api/friend/myFriends | Body: 0 | Token: eyJraWQi | Raw: GET|/api/friend/myFriends|1772692129| | Sign: 67vMSQDVgCfiQf9Gkv2/GPu85lNw2by0plqy5ls5Zc4=
[2026-03-05T06:28:49.831Z] GET /api/user/me | Body: 0 | Token: eyJraWQi | Raw: GET|/api/user/me|1772692129| | Sign: xrvtSKDbnuLWFmVkCdVmxk2915NeMg5CkWHd6rx2V+c=
[2026-03-05T06:28:49.959Z] GET /api/missions/current-user | Body: 0 | Token: eyJraWQi | Raw: GET|/api/missions/current-user|1772692129| | Sign: ik/LdSDmAHKLdnJbJ/MAPmaxKJ/Jm8Yie0szIhP2kXI=
[2026-03-05T06:28:50.083Z] GET /api/reaction/list | Body: 0 | Token: eyJraWQi | Raw: GET|/api/reaction/list|1772692130| | Sign: 68VYMhk9WDCTpfu1NzcbrMOPQ6O3DMILPSuCQRWDYa8=
[2026-03-05T06:28:50.210Z] GET /api/v1/notification/list | Body: 0 | Token: eyJraWQi | Raw: GET|/api/v1/notification/list|1772692130| | Sign: zTpVFhk/geb0xMsJGbApcjvbBM5vtIDlelqRrdXmcuU=
[2026-03-05T06:28:50.334Z] GET /feed/home | Body: 0 | Token: eyJraWQi | Raw: GET|/feed/home|1772692130| | Sign: /DlHifdesnOR6N6FBvgp8pa1x7Oq4MrtjzHjGO8NPgs=
[2026-03-05T06:28:50.453Z] GET /api/surf/home | Body: 0 | Token: eyJraWQi | Raw: GET|/api/surf/home|1772692130| | Sign: EFb1V6PeImFIGtw0qw4M9BAyXGnU9PnQp7I7TN3aGc8=
[2026-03-05T06:29:49.236Z] GET /api/user/me | Body: 0 | Token: eyJraWQi | Raw: GET|/api/user/me|1772692189| | Sign: 9KKSneN6XEqOmX8aO3vTr4HHB6hwyKVzRKeXxShhqcI=
[2026-03-05T06:29:49.699Z] GET /api/posts/background-color | Body: 0 | Token: eyJraWQi | Raw: GET|/api/posts/background-color|1772692189| | Sign: jerZ+ZCLBlBRZM8oYuxvkJSfheMx7vBeOsWn4Qt7xGQ=
[2026-03-05T06:29:49.864Z] GET /api/friend/myFriends | Body: 0 | Token: eyJraWQi | Raw: GET|/api/friend/myFriends|1772692189| | Sign: 60WKqgl64mrE5PdzzmHFVMt7XFXqrWqIkNm2rH4MYbg=
[2026-03-05T06:29:50.041Z] GET /api/user/me | Body: 0 | Token: eyJraWQi | Raw: GET|/api/user/me|1772692190| | Sign: BsZVsm1t0K6LD1BSpCIHzbSsR1Rtuz5jZ72duvRQVZc=
[2026-03-05T06:29:50.225Z] GET /api/missions/current-user | Body: 0 | Token: eyJraWQi | Raw: GET|/api/missions/current-user|1772692190| | Sign: bMdaYFbUq84SeMsm7DzzbCwQbcc6BL7h+TQ1J/E3g9Y=
[2026-03-05T06:29:50.404Z] GET /api/reaction/list | Body: 0 | Token: eyJraWQi | Raw: GET|/api/reaction/list|1772692190| | Sign: fI5CxtUrO/fP0m+MUSziYaRjpzEHkEU4jUVFrpgyUQ4=
[2026-03-05T06:29:50.603Z] GET /api/v1/notification/list | Body: 0 | Token: eyJraWQi | Raw: GET|/api/v1/notification/list|1772692190| | Sign: O/f5P/04ZBeg6sm7w5RL++vDpK6Bv3VNvjwBBnuA/u4=
[2026-03-05T06:29:50.769Z] GET /feed/home | Body: 0 | Token: eyJraWQi | Raw: GET|/feed/home|1772692190| | Sign: wRMM85pqr/SjhId9cqdaGtrHlZ78CsUS+HU7t/1Xmks=
[2026-03-05T06:29:50.936Z] GET /api/surf/home | Body: 0 | Token: eyJraWQi | Raw: GET|/api/surf/home|1772692190| | Sign: QHRTB3yDot8JBifw7b8vOMoQsvrzwW6fYQG1FnKQ1JU=
[2026-03-05T06:30:49.241Z] GET /api/user/me | Body: 0 | Token: eyJraWQi | Raw: GET|/api/user/me|1772692249| | Sign: +eB8bxtxpApMFQJCLPZjcwdq9kaIUdTF+HRqVwc8V8Q=
[2026-03-05T06:30:49.489Z] GET /api/posts/background-color | Body: 0 | Token: eyJraWQi | Raw: GET|/api/posts/background-color|1772692249| | Sign: WP10slJHyUsEcBxR4s6/pxk/q/mzIdVE8kW+LrkODwc=
[2026-03-05T06:30:49.608Z] GET /api/friend/myFriends | Body: 0 | Token: eyJraWQi | Raw: GET|/api/friend/myFriends|1772692249| | Sign: oNVG7SsKTD9TXgiEZ+7cbhs4TLjwDOTOoDsRYGDn5OE=
[2026-03-05T06:30:49.756Z] GET /api/user/me | Body: 0 | Token: eyJraWQi | Raw: GET|/api/user/me|1772692249| | Sign: +eB8bxtxpApMFQJCLPZjcwdq9kaIUdTF+HRqVwc8V8Q=
[2026-03-05T06:30:49.882Z] GET /api/missions/current-user | Body: 0 | Token: eyJraWQi | Raw: GET|/api/missions/current-user|1772692249| | Sign: 9h15dxtwNGnjlzaOcBvatocL+Rc6KBkeOh6TiT+tGLw=
[2026-03-05T06:30:50.009Z] GET /api/reaction/list | Body: 0 | Token: eyJraWQi | Raw: GET|/api/reaction/list|1772692250| | Sign: v0Dlj9NYa5CHGZMyfBbYW5Dnk77bhaMcnyx8w5u9uMY=
[2026-03-05T06:30:50.148Z] GET /api/v1/notification/list | Body: 0 | Token: eyJraWQi | Raw: GET|/api/v1/notification/list|1772692250| | Sign: NtjRlB171XDPYe0UXn+BYwBAJb4y5XW1ZGWK92jxV60=
[2026-03-05T06:30:50.271Z] GET /feed/home | Body: 0 | Token: eyJraWQi | Raw: GET|/feed/home|1772692250| | Sign: qY/5X9VKdeOiJlMqj9x0d90wkVog0aX7hdrh3KcH4mw=
[2026-03-05T06:30:50.389Z] GET /api/surf/home | Body: 0 | Token: eyJraWQi | Raw: GET|/api/surf/home|1772692250| | Sign: glVDxYE8IZf3UvgecNgsHkzi27IvD7R/pButautJ/Tg=
[2026-03-05T06:31:49.253Z] POST /api/auth/login | Body: 57 | Token: None | Raw: POST|/api/auth/login|1772692309|{"username":"longh1248@gmail.com","password":"Admin@123"} | Sign: SQc/ShI2AHwpPPHdHac919KTywToTPOGmkeib6NpE70=
[2026-03-05T06:31:49.758Z] GET /api/user/me | Body: 0 | Token: eyJraWQi | Raw: GET|/api/user/me|1772692309| | Sign: z42fSD2vPEnoilIGTwDdZr/q+JtpHCumOm1vZuSY/dg=
[2026-03-05T06:31:49.958Z] GET /api/posts/background-color | Body: 0 | Token: eyJraWQi | Raw: GET|/api/posts/background-color|1772692309| | Sign: jsQqmG2hVDTtCQeFrlE+ZbsTTvCG5HKXWoboVXSwyL0=
[2026-03-05T06:31:50.128Z] GET /api/friend/myFriends | Body: 0 | Token: eyJraWQi | Raw: GET|/api/friend/myFriends|1772692310| | Sign: v0RCKAZGDnpE/bm7F0uPfOb3/ny1X2Al8ZZwZywtgqY=
[2026-03-05T06:31:50.364Z] GET /api/user/me | Body: 0 | Token: eyJraWQi | Raw: GET|/api/user/me|1772692310| | Sign: KT8mRWTUD7DjyNAlpKcnj6jesfAel5hdLYSe8tn80f0=
[2026-03-05T06:31:50.567Z] GET /api/missions/current-user | Body: 0 | Token: eyJraWQi | Raw: GET|/api/missions/current-user|1772692310| | Sign: UUbklj+Eb8FglfLAJkcZ4yllVq+Om9A3rVynmOfMdAQ=
[2026-03-05T06:31:50.820Z] GET /api/reaction/list | Body: 0 | Token: eyJraWQi | Raw: GET|/api/reaction/list|1772692310| | Sign: 4yItKcQ/HsyEMdmstdJvxpttyAKjvByRXY/Vt7IDIoQ=
[2026-03-05T06:31:51.009Z] GET /api/v1/notification/list | Body: 0 | Token: eyJraWQi | Raw: GET|/api/v1/notification/list|1772692311| | Sign: xxPI2KhInn/axdc/fAHPLIot7fiIA1sciweMsEcVwis=
[2026-03-05T06:31:51.178Z] GET /feed/home | Body: 0 | Token: eyJraWQi | Raw: GET|/feed/home|1772692311| | Sign: AyYs60fk5wbyxPfL89maNMvtBG8yimgpN1Nz/hL0W0U=
[2026-03-05T06:31:51.348Z] GET /api/surf/home | Body: 0 | Token: eyJraWQi | Raw: GET|/api/surf/home|1772692311| | Sign: L2yM1lF5z22/lxKFonI8viFXkh5UQfFseuZUJisEzTM=
[2026-03-05T06:32:49.259Z] POST /api/auth/login | Body: 57 | Token: None | Raw: POST|/api/auth/login|1772692369|{"username":"longh1248@gmail.com","password":"Admin@123"} | Sign: KH60wk/aIVoTHmQtazHjNiDQhR58TV3VKHDBU+oY7nw=
[2026-03-05T06:32:49.910Z] GET /api/user/me | Body: 0 | Token: eyJraWQi | Raw: GET|/api/user/me|1772692369| | Sign: eB+FMyZDBq52sAkvXPbXdxm5qGqdcCNy2n5OI5klGUE=
[2026-03-05T06:32:50.055Z] GET /api/posts/background-color | Body: 0 | Token: eyJraWQi | Raw: GET|/api/posts/background-color|1772692370| | Sign: PK+0x1Z941H8+UsXw/fhteXqS394YonJMatg6EnDzdM=
[2026-03-05T06:32:50.220Z] GET /api/friend/myFriends | Body: 0 | Token: eyJraWQi | Raw: GET|/api/friend/myFriends|1772692370| | Sign: NsVzrbmxfW2BKdW+nOYRkSAMWRN0nAxjuqF/VBpY+kc=
[2026-03-05T06:32:50.368Z] GET /api/user/me | Body: 0 | Token: eyJraWQi | Raw: GET|/api/user/me|1772692370| | Sign: j5J/cYh5XM7gg7hejw3OqYVs8Ro3tM4SF9YIB/SOtAY=
[2026-03-05T06:32:50.597Z] GET /api/missions/current-user | Body: 0 | Token: eyJraWQi | Raw: GET|/api/missions/current-user|1772692370| | Sign: YMrnPpe2DD9TfRdakCbKIB89tWbhortjnF78RIfbdkE=
[2026-03-05T06:32:50.814Z] GET /api/reaction/list | Body: 0 | Token: eyJraWQi | Raw: GET|/api/reaction/list|1772692370| | Sign: tsaAT3Obg/5b5mpEozVAcvnvORkxiObbwRobjpg/py8=
[2026-03-05T06:32:51.007Z] GET /api/v1/notification/list | Body: 0 | Token: eyJraWQi | Raw: GET|/api/v1/notification/list|1772692371| | Sign: IPzMUsFiM1M/u46GnOvA6ba3BLYHIGx18kp3Q5wtfcA=
[2026-03-05T06:32:51.124Z] GET /feed/home | Body: 0 | Token: eyJraWQi | Raw: GET|/feed/home|1772692371| | Sign: dI4JHVpMMBRbbjXWkrVikMUvpxnh7QIfqavxV945f7w=
[2026-03-05T06:32:51.292Z] GET /api/surf/home | Body: 0 | Token: eyJraWQi | Raw: GET|/api/surf/home|1772692371| | Sign: yhnGj8PHqz5EgpcH1GEg0g7ScCoCXYEgS/2P18m71ro=
[2026-03-05T06:33:49.261Z] GET /api/user/me | Body: 0 | Token: eyJraWQi | Raw: GET|/api/user/me|1772692429| | Sign: x6CgTtZq3KnaAxUHrXAyrhrH440QuqGKYtrRHvpQkJg=
[2026-03-05T06:33:49.738Z] GET /api/posts/background-color | Body: 0 | Token: eyJraWQi | Raw: GET|/api/posts/background-color|1772692429| | Sign: uylVoZnCI1J6bVBp9GF9bQ+dkKMHpZngJLPAxOHcYnY=
[2026-03-05T06:33:49.857Z] GET /api/friend/myFriends | Body: 0 | Token: eyJraWQi | Raw: GET|/api/friend/myFriends|1772692429| | Sign: tClfWKoBhi8Te+hX5RPsqomqiHLynryeEfI31cAOf6g=
[2026-03-05T06:33:50.044Z] GET /api/user/me | Body: 0 | Token: eyJraWQi | Raw: GET|/api/user/me|1772692430| | Sign: iKKkCxjkakzbD71o4QeyApYbrElDQaRB8URTKg5HcvM=
[2026-03-05T06:33:50.198Z] GET /api/missions/current-user | Body: 0 | Token: eyJraWQi | Raw: GET|/api/missions/current-user|1772692430| | Sign: 15MJ9+0vK1wINZlxOoXrst82sbHgY/eQE1vQjw+9ThE=
[2026-03-05T06:33:50.373Z] GET /api/reaction/list | Body: 0 | Token: eyJraWQi | Raw: GET|/api/reaction/list|1772692430| | Sign: i/hSvHBTZI61ZrwrbhMlwZYBiPKfdrWSR6g3oIJS6z0=
[2026-03-05T06:33:50.490Z] GET /api/v1/notification/list | Body: 0 | Token: eyJraWQi | Raw: GET|/api/v1/notification/list|1772692430| | Sign: jLZCXQgN66k6YE+jZhion/kbGGZzJ5OGsJjaeUsoSO4=
[2026-03-05T06:33:50.654Z] GET /feed/home | Body: 0 | Token: eyJraWQi | Raw: GET|/feed/home|1772692430| | Sign: tPnMz7G5zcSwCDpVNSWntvjNRSYAypLRzqgTtF2pmcQ=
[2026-03-05T06:33:50.770Z] GET /api/surf/home | Body: 0 | Token: eyJraWQi | Raw: GET|/api/surf/home|1772692430| | Sign: Il0iph8LYtxyFH8vmY/eB1c4QDphYzauuqHk2g+t4fo=
[2026-03-05T06:34:49.272Z] GET /api/user/me | Body: 0 | Token: eyJraWQi | Raw: GET|/api/user/me|1772692489| | Sign: IZXMJAqfP/zmzwCq/ifhpwijU4pcb/TbXjS+rAvPLFo=
[2026-03-05T06:34:49.725Z] GET /api/posts/background-color | Body: 0 | Token: eyJraWQi | Raw: GET|/api/posts/background-color|1772692489| | Sign: 7xi8FG37iIV1jcFvAYpYoimW8HBDTBH6WAh2KdCZ67U=
[2026-03-05T06:34:49.891Z] GET /api/friend/myFriends | Body: 0 | Token: eyJraWQi | Raw: GET|/api/friend/myFriends|1772692489| | Sign: B3OEUHxouXohlUxRv/kRwZQYI1gNrCjFMFdsJjbe15k=
[2026-03-05T06:34:50.062Z] GET /api/user/me | Body: 0 | Token: eyJraWQi | Raw: GET|/api/user/me|1772692490| | Sign: khF4XtqiYwOf2XBVZ3KDWHxrOJ+/3mhh79RaRdPyFS4=
[2026-03-05T06:34:50.256Z] GET /api/missions/current-user | Body: 0 | Token: eyJraWQi | Raw: GET|/api/missions/current-user|1772692490| | Sign: 3gqqsDDwdZvQkxsG48TkXsy7X6+2quRD+JMK0dRosyI=
[2026-03-05T06:34:50.430Z] GET /api/reaction/list | Body: 0 | Token: eyJraWQi | Raw: GET|/api/reaction/list|1772692490| | Sign: hKb3DR96UbZLZ5uLnGGnntCRIF9OoHa049f0HxwHacU=
[2026-03-05T06:34:50.605Z] GET /api/v1/notification/list | Body: 0 | Token: eyJraWQi | Raw: GET|/api/v1/notification/list|1772692490| | Sign: ogZNKhCKVvWpwMS0a4L2QZkW5NwM48MZYwrgYClyh74=
[2026-03-05T06:34:50.764Z] GET /feed/home | Body: 0 | Token: eyJraWQi | Raw: GET|/feed/home|1772692490| | Sign: K0Su6geQgQCsqMCC8dHIAfvluMTn4a+91M7L7cfzxg4=
[2026-03-05T06:34:50.922Z] GET /api/surf/home | Body: 0 | Token: eyJraWQi | Raw: GET|/api/surf/home|1772692490| | Sign: qa19ygWt1Nn6XgA1WgG00xKS5H7V4VmzT+7cKOdOx40=
[2026-03-05T06:35:49.280Z] GET /api/user/me | Body: 0 | Token: eyJraWQi | Raw: GET|/api/user/me|1772692549| | Sign: IMeoU8JcWUbqX1Vc7cuwRtKUNexZfaa3ex1EBxRr1xw=
[2026-03-05T06:35:49.535Z] GET /api/posts/background-color | Body: 0 | Token: eyJraWQi | Raw: GET|/api/posts/background-color|1772692549| | Sign: cSSvqoLNZTy2yQs/kzN4T5YwdWp5jf+kgBL2NjH/H8U=
[2026-03-05T06:35:49.659Z] GET /api/friend/myFriends | Body: 0 | Token: eyJraWQi | Raw: GET|/api/friend/myFriends|1772692549| | Sign: dd4c3BRharwWT8hEstkfZm7SrJKYeK6munKDq6akwwo=
[2026-03-05T06:35:49.803Z] GET /api/user/me | Body: 0 | Token: eyJraWQi | Raw: GET|/api/user/me|1772692549| | Sign: IMeoU8JcWUbqX1Vc7cuwRtKUNexZfaa3ex1EBxRr1xw=
[2026-03-05T06:35:49.930Z] GET /api/missions/current-user | Body: 0 | Token: eyJraWQi | Raw: GET|/api/missions/current-user|1772692549| | Sign: E/TZmFLAPy2RN35jCk0s33qyhSJglCoOvuqR9aBCdL4=
[2026-03-05T06:35:50.058Z] GET /api/reaction/list | Body: 0 | Token: eyJraWQi | Raw: GET|/api/reaction/list|1772692550| | Sign: 14AbFPvJ7bVWDQovnj1yfLn/iVV7dTjUArd1a5owuKs=
[2026-03-05T06:35:50.194Z] GET /api/v1/notification/list | Body: 0 | Token: eyJraWQi | Raw: GET|/api/v1/notification/list|1772692550| | Sign: kVS5f6huN0eAAypxmCYzTPpRqJreqnyfCXIEvlCs6gc=
[2026-03-05T06:35:50.309Z] GET /feed/home | Body: 0 | Token: eyJraWQi | Raw: GET|/feed/home|1772692550| | Sign: zieDA+8PDAlordxVXtbaA8hr/g9H9+7nKXnSg19CKPw=
[2026-03-05T06:35:50.428Z] GET /api/surf/home | Body: 0 | Token: eyJraWQi | Raw: GET|/api/surf/home|1772692550| | Sign: e7BRihudCT7VvBOinGWo9AXUs6Vs5+TZAwGC92Mtbik=
[2026-03-05T06:36:49.279Z] GET /api/user/me | Body: 0 | Token: eyJraWQi | Raw: GET|/api/user/me|1772692609| | Sign: ohuzbiWDiqYT4HvBI3faNJC/yXBHmOx1hx11qZ2J74Y=
[2026-03-05T06:36:49.557Z] GET /api/posts/background-color | Body: 0 | Token: eyJraWQi | Raw: GET|/api/posts/background-color|1772692609| | Sign: AIrl++z+U4g9G3qVIeWRI8l8n5crqhOzzUEBwPsxhSM=
[2026-03-05T06:36:49.672Z] GET /api/friend/myFriends | Body: 0 | Token: eyJraWQi | Raw: GET|/api/friend/myFriends|1772692609| | Sign: HWv70tD7YYAULsiRdFxAf4YenpsDuUGANncukbfoc4U=
[2026-03-05T06:36:49.850Z] GET /api/user/me | Body: 0 | Token: eyJraWQi | Raw: GET|/api/user/me|1772692609| | Sign: ohuzbiWDiqYT4HvBI3faNJC/yXBHmOx1hx11qZ2J74Y=
[2026-03-05T06:36:50.008Z] GET /api/missions/current-user | Body: 0 | Token: eyJraWQi | Raw: GET|/api/missions/current-user|1772692610| | Sign: YyfYUQcpzvaKNHy11E26GN4sq2e+WfgcrpvKolFb37A=
[2026-03-05T06:36:50.144Z] GET /api/reaction/list | Body: 0 | Token: eyJraWQi | Raw: GET|/api/reaction/list|1772692610| | Sign: IutCk/Ru1YeRq8iWhb+Cd29t0MNBsd+P9qup63ratxs=
[2026-03-05T06:36:50.279Z] GET /api/v1/notification/list | Body: 0 | Token: eyJraWQi | Raw: GET|/api/v1/notification/list|1772692610| | Sign: +6GaR6L/YvMHjvqr8qe33luFDG6CNnh2np0wiicK11M=
[2026-03-05T06:36:50.397Z] GET /feed/home | Body: 0 | Token: eyJraWQi | Raw: GET|/feed/home|1772692610| | Sign: 3Ox1jyKZGEhuleKZNaoBB2V8v6hBweSjlDikCF+tF+M=
[2026-03-05T06:36:50.517Z] GET /api/surf/home | Body: 0 | Token: eyJraWQi | Raw: GET|/api/surf/home|1772692610| | Sign: wCJ2XzXkSbbFbXKGh8imfvnmRYZdto7xBHmS3BLWfMw=
[2026-03-05T06:37:49.284Z] POST /api/auth/login | Body: 57 | Token: None | Raw: POST|/api/auth/login|1772692669|{"username":"longh1248@gmail.com","password":"Admin@123"} | Sign: Q8FnRg6sETsGqJy2sBeQ3GwuN55adeecBEm95mfbuDw=
[2026-03-05T06:37:49.917Z] GET /api/user/me | Body: 0 | Token: eyJraWQi | Raw: GET|/api/user/me|1772692669| | Sign: 7jUHpONr5G1CkRBB3JK1/YMUzz7Qe1FfTpvkrfWkahk=
[2026-03-05T06:37:50.131Z] GET /api/posts/background-color | Body: 0 | Token: eyJraWQi | Raw: GET|/api/posts/background-color|1772692670| | Sign: f9qha3aERMZX+pZqwEfNk82iKxOHf3xjCsEGtUrDcbI=
[2026-03-05T06:37:50.293Z] GET /api/friend/myFriends | Body: 0 | Token: eyJraWQi | Raw: GET|/api/friend/myFriends|1772692670| | Sign: ci3JdqMXWJhVar5QaUxrVNSmTxen5TQS7ahhtbUO1Wc=
[2026-03-05T06:37:50.514Z] GET /api/user/me | Body: 0 | Token: eyJraWQi | Raw: GET|/api/user/me|1772692670| | Sign: WVLWwOq4spcNXVeZlwBxiGIljbsznXKt66qz/aUPbJY=
[2026-03-05T06:37:50.713Z] GET /api/missions/current-user | Body: 0 | Token: eyJraWQi | Raw: GET|/api/missions/current-user|1772692670| | Sign: FneTZENJtQs80GNrqZBZ36aPof5uWgI2nFzjNr0VYEo=
[2026-03-05T06:37:50.931Z] GET /api/reaction/list | Body: 0 | Token: eyJraWQi | Raw: GET|/api/reaction/list|1772692670| | Sign: gn+aQFngJ+hJHF25a7/7as7kD57lojGGpIV5WRIvP3Y=
[2026-03-05T06:37:51.132Z] GET /api/v1/notification/list | Body: 0 | Token: eyJraWQi | Raw: GET|/api/v1/notification/list|1772692671| | Sign: wtqAvsRZf4E9u4mLJHFJqVaMQ0M3RD8xWVdh96vNLDY=
[2026-03-05T06:37:51.297Z] GET /feed/home | Body: 0 | Token: eyJraWQi | Raw: GET|/feed/home|1772692671| | Sign: rsxmkNaNuqmS3XB+36fEL8eQgl/SWd92E5SYBKTPQgw=
[2026-03-05T06:37:51.461Z] GET /api/surf/home | Body: 0 | Token: eyJraWQi | Raw: GET|/api/surf/home|1772692671| | Sign: 2qg3hy+7HdS0Poqb0XTvDtJxDrUt55LBw61x/RW/Vq4=
[2026-03-05T06:38:49.299Z] GET /api/user/me | Body: 0 | Token: eyJraWQi | Raw: GET|/api/user/me|1772692729| | Sign: TYKRmfrjDR0SlHFJZ6UTwM9GAkldtzCW7cpZSCbyacU=
[2026-03-05T06:38:49.610Z] GET /api/posts/background-color | Body: 0 | Token: eyJraWQi | Raw: GET|/api/posts/background-color|1772692729| | Sign: ggYOjwCHn2aWxU0zvL3or4toHqy1CU6xlsLWka8wMCU=
[2026-03-05T06:38:49.777Z] GET /api/friend/myFriends | Body: 0 | Token: eyJraWQi | Raw: GET|/api/friend/myFriends|1772692729| | Sign: 7kLnTLM53sXJAqm3/hvUK6JJNuC9MsCkK13Jo+GITwk=
[2026-03-05T06:38:49.971Z] GET /api/user/me | Body: 0 | Token: eyJraWQi | Raw: GET|/api/user/me|1772692729| | Sign: TYKRmfrjDR0SlHFJZ6UTwM9GAkldtzCW7cpZSCbyacU=
[2026-03-05T06:38:50.148Z] GET /api/missions/current-user | Body: 0 | Token: eyJraWQi | Raw: GET|/api/missions/current-user|1772692730| | Sign: nO3EQJ5KsyxR0csKv87NYh6oYnRgLsyDUlKg2BlOo00=
[2026-03-05T06:38:50.333Z] GET /api/reaction/list | Body: 0 | Token: eyJraWQi | Raw: GET|/api/reaction/list|1772692730| | Sign: VOlcSlAohdWyXLojF0zzYZB06QyLOxAF1uDhENKsC44=
[2026-03-05T06:38:50.524Z] GET /api/v1/notification/list | Body: 0 | Token: eyJraWQi | Raw: GET|/api/v1/notification/list|1772692730| | Sign: yboxW5W075v71kEXrtf7LM5ke3EVMYF+g65jUMWDFm4=
[2026-03-05T06:38:50.701Z] GET /feed/home | Body: 0 | Token: eyJraWQi | Raw: GET|/feed/home|1772692730| | Sign: WsDbFv+cxXsY44VKe6C1YHcR6ZBk/dDswIk39o7SkS0=
[2026-03-05T06:38:50.876Z] GET /api/surf/home | Body: 0 | Token: eyJraWQi | Raw: GET|/api/surf/home|1772692730| | Sign: jo4/HBi5EQe3YDuIqDJ7qK7E6LQXy6hYtHGWfod4ivo=
[2026-03-05T06:39:49.301Z] GET /api/user/me | Body: 0 | Token: eyJraWQi | Raw: GET|/api/user/me|1772692789| | Sign: 7MAaqBPGPdlsWVGhyiPfESnhYSOnpcTcabA+si7DwfQ=
[2026-03-05T06:39:49.622Z] GET /api/posts/background-color | Body: 0 | Token: eyJraWQi | Raw: GET|/api/posts/background-color|1772692789| | Sign: 2zHW2b69LWCd4lf+QZ0Jdqa1MnkZDnwhSr+b4+7Awr8=
[2026-03-05T06:39:49.740Z] GET /api/friend/myFriends | Body: 0 | Token: eyJraWQi | Raw: GET|/api/friend/myFriends|1772692789| | Sign: AuohDt1Z2pJ5ElY9W1bQtl5INNSC7YiTq9ZeMO5Q+MU=
[2026-03-05T06:39:49.886Z] GET /api/user/me | Body: 0 | Token: eyJraWQi | Raw: GET|/api/user/me|1772692789| | Sign: 7MAaqBPGPdlsWVGhyiPfESnhYSOnpcTcabA+si7DwfQ=
[2026-03-05T06:39:50.025Z] GET /api/missions/current-user | Body: 0 | Token: eyJraWQi | Raw: GET|/api/missions/current-user|1772692790| | Sign: /A/o+3seunetcvnP0ZrdqGroC90JIhYnWCRqOA7pRsk=
[2026-03-05T06:39:50.148Z] GET /api/reaction/list | Body: 0 | Token: eyJraWQi | Raw: GET|/api/reaction/list|1772692790| | Sign: ufIOGZ/LQJNquQp28Eu51iMqnjFlM1YWGCKLakTpJhY=
[2026-03-05T06:39:50.282Z] GET /api/v1/notification/list | Body: 0 | Token: eyJraWQi | Raw: GET|/api/v1/notification/list|1772692790| | Sign: +EpIxp3Sp3kXrp112O9whaOTTcVOD2gkYG8Hww/uJeo=
[2026-03-05T06:39:50.399Z] GET /feed/home | Body: 0 | Token: eyJraWQi | Raw: GET|/feed/home|1772692790| | Sign: 294TzJc7NR/gp7NPZ09qwpVdxws/s9WI+PlmxDAHX1s=
[2026-03-05T06:39:50.515Z] GET /api/surf/home | Body: 0 | Token: eyJraWQi | Raw: GET|/api/surf/home|1772692790| | Sign: u7HIXUo+1r3bmgHBvuWRny5KFxVdGVbRCOOSg4e7O8c=
[2026-03-05T06:40:49.310Z] GET /api/user/me | Body: 0 | Token: eyJraWQi | Raw: GET|/api/user/me|1772692849| | Sign: VM+Sty+wRLCqg8t6jYMlAP/B+QPNfkK9FcB62vaIR38=
[2026-03-05T06:40:49.600Z] GET /api/posts/background-color | Body: 0 | Token: eyJraWQi | Raw: GET|/api/posts/background-color|1772692849| | Sign: lWP2ZzQzipNE2RAH00HGyAlZqoxSOTUMhBYalPl7tWE=
[2026-03-05T06:40:49.722Z] GET /api/friend/myFriends | Body: 0 | Token: eyJraWQi | Raw: GET|/api/friend/myFriends|1772692849| | Sign: B1icLYN5e71glULRIKU06HD3ZzyIe8ClNiNx3wzEtCQ=
[2026-03-05T06:40:49.893Z] GET /api/user/me | Body: 0 | Token: eyJraWQi | Raw: GET|/api/user/me|1772692849| | Sign: VM+Sty+wRLCqg8t6jYMlAP/B+QPNfkK9FcB62vaIR38=
[2026-03-05T06:40:50.030Z] GET /api/missions/current-user | Body: 0 | Token: eyJraWQi | Raw: GET|/api/missions/current-user|1772692850| | Sign: QQ1Fxs6RlvZ7tmQLYS2kNAFFvB8sBUkz3A+cgcfqFGo=
[2026-03-05T06:40:50.171Z] GET /api/reaction/list | Body: 0 | Token: eyJraWQi | Raw: GET|/api/reaction/list|1772692850| | Sign: Dm2YADHYFDbIUG4+t8MD4LulJZP/LnSBvbgo6V+cz4Q=
[2026-03-05T06:40:50.305Z] GET /api/v1/notification/list | Body: 0 | Token: eyJraWQi | Raw: GET|/api/v1/notification/list|1772692850| | Sign: xr+7gv+oS6IX6NFK6oxL04fnK5v34/JYMhfAvqJITKc=
[2026-03-05T06:40:50.426Z] GET /feed/home | Body: 0 | Token: eyJraWQi | Raw: GET|/feed/home|1772692850| | Sign: Eu/GGD+wU0Bs0fnf8Os09Vu9nbBkIRsDjHXUg5EoTNs=
[2026-03-05T06:40:50.544Z] GET /api/surf/home | Body: 0 | Token: eyJraWQi | Raw: GET|/api/surf/home|1772692850| | Sign: ThPG4JbAgGjJRy+FKQwVrz1ee2mbF0oiBIlvC9oPHp8=
[2026-03-05T06:41:49.308Z] POST /api/auth/login | Body: 57 | Token: None | Raw: POST|/api/auth/login|1772692909|{"username":"longh1248@gmail.com","password":"Admin@123"} | Sign: 8aWpzh7Y73JbkhzPLVc82ifEYzmVUX9WuekR9ikcGfQ=
[2026-03-05T06:41:49.836Z] GET /api/user/me | Body: 0 | Token: eyJraWQi | Raw: GET|/api/user/me|1772692909| | Sign: eNYob5SSJExT6Ez3rDlW4AYa/l/qibj0vMMomcUJZ/Y=
[2026-03-05T06:41:49.983Z] GET /api/posts/background-color | Body: 0 | Token: eyJraWQi | Raw: GET|/api/posts/background-color|1772692909| | Sign: 7NXFsqnaqL38vZuA7b2vCyR6wPFXMjywPHBBcuMgEvU=
[2026-03-05T06:41:50.117Z] GET /api/friend/myFriends | Body: 0 | Token: eyJraWQi | Raw: GET|/api/friend/myFriends|1772692910| | Sign: /+sbjpNXwRA9MbMCnCk31Nha5lXqlQd7seMKMzhvpDk=
[2026-03-05T06:41:50.306Z] GET /api/user/me | Body: 0 | Token: eyJraWQi | Raw: GET|/api/user/me|1772692910| | Sign: d+2AvMwC9U7LUKhQMwKbdvGZ1RbH9rMCul8HHdY7tU0=
[2026-03-05T06:41:50.477Z] GET /api/missions/current-user | Body: 0 | Token: eyJraWQi | Raw: GET|/api/missions/current-user|1772692910| | Sign: Bojt6oKr8N1tdMJuCnvsMDC4rMBiAMNeMry+0VoHyLs=
[2026-03-05T06:41:50.640Z] GET /api/reaction/list | Body: 0 | Token: eyJraWQi | Raw: GET|/api/reaction/list|1772692910| | Sign: yiyBJbHes8TkRqlJvYB6Lux/t4EhOzO7kNeRq2Mf2p0=
[2026-03-05T06:41:50.789Z] GET /api/v1/notification/list | Body: 0 | Token: eyJraWQi | Raw: GET|/api/v1/notification/list|1772692910| | Sign: sO2yhuu6A9sNdZVKeWwocPBqp2WV7pC1BWWqDNQ5GEM=
[2026-03-05T06:41:50.919Z] GET /feed/home | Body: 0 | Token: eyJraWQi | Raw: GET|/feed/home|1772692910| | Sign: iDS5gHNvzQfcOwm0yG22AJ+/75xAGJjZCqvol02vTGc=
[2026-03-05T06:41:51.046Z] GET /api/surf/home | Body: 0 | Token: eyJraWQi | Raw: GET|/api/surf/home|1772692911| | Sign: O96RkuiCXTayhpPfi0OA7urobQd4L+ehuULsSfKDd5s=
[2026-03-05T06:42:49.320Z] POST /api/auth/login | Body: 57 | Token: None | Raw: POST|/api/auth/login|1772692969|{"username":"longh1248@gmail.com","password":"Admin@123"} | Sign: DEu/IfsDEX2yuR3+tu2IJZIluYY3BRKwa8L6RT9oHb8=
[2026-03-05T06:42:49.971Z] GET /api/user/me | Body: 0 | Token: eyJraWQi | Raw: GET|/api/user/me|1772692969| | Sign: zrIhxQtNjHemPS/5zF8vbyNSP3w/2cTFo7TYOxWZW/I=
[2026-03-05T06:42:50.172Z] GET /api/posts/background-color | Body: 0 | Token: eyJraWQi | Raw: GET|/api/posts/background-color|1772692970| | Sign: OzLQKUH2n9jGFNFoFfrlfE+JvRdQnx12B0bKx/yiFJw=
[2026-03-05T06:42:50.344Z] GET /api/friend/myFriends | Body: 0 | Token: eyJraWQi | Raw: GET|/api/friend/myFriends|1772692970| | Sign: hkw3fojvj+Qx/Jv95x3qihxgz2ghpWkQTNpKU+HN200=
[2026-03-05T06:42:50.551Z] GET /api/user/me | Body: 0 | Token: eyJraWQi | Raw: GET|/api/user/me|1772692970| | Sign: MjRUQIdLPFwR4DmVYyEUBH+m3DXqw/TXeID8fDyadaM=
[2026-03-05T06:42:50.793Z] GET /api/missions/current-user | Body: 0 | Token: eyJraWQi | Raw: GET|/api/missions/current-user|1772692970| | Sign: cFkZ8nuCZcFe/loOFT+R7eR5Evcmpt2BBBS8oUvyeXo=
[2026-03-05T06:42:51.017Z] GET /api/reaction/list | Body: 0 | Token: eyJraWQi | Raw: GET|/api/reaction/list|1772692971| | Sign: B9RKb8FausL0NmhEXWYELOgC7ijVp1/1I4dhN8pxeUQ=
[2026-03-05T06:42:51.212Z] GET /api/v1/notification/list | Body: 0 | Token: eyJraWQi | Raw: GET|/api/v1/notification/list|1772692971| | Sign: qwmZJwQiCOJsjtojHFT6mo9x9hWiHyK5m40gINae97c=
[2026-03-05T06:42:51.380Z] GET /feed/home | Body: 0 | Token: eyJraWQi | Raw: GET|/feed/home|1772692971| | Sign: FfnpMnuOAwTtNH2ZhPTdqFl3ufza2NsjKsEQ8MnBHYA=
[2026-03-05T06:42:51.549Z] GET /api/surf/home | Body: 0 | Token: eyJraWQi | Raw: GET|/api/surf/home|1772692971| | Sign: mk9zpvHf9ULGVDQtHxT6snJZv3W5VHsp55E+mpp0VaU=
[2026-03-05T06:43:49.321Z] POST /api/auth/login | Body: 57 | Token: None | Raw: POST|/api/auth/login|1772693029|{"username":"longh1248@gmail.com","password":"Admin@123"} | Sign: oUZG3KNqvWZc8tM9mC8JZWZEEYhymDF/XWLyNm1m97Y=
[2026-03-05T06:43:49.810Z] GET /api/user/me | Body: 0 | Token: eyJraWQi | Raw: GET|/api/user/me|1772693029| | Sign: 16uCe/V31Ml7RuxXYCZ42EIuXBpvlw/qgy/0WLQCKAM=
[2026-03-05T06:43:50.009Z] GET /api/posts/background-color | Body: 0 | Token: eyJraWQi | Raw: GET|/api/posts/background-color|1772693030| | Sign: 6RJlhmApwksNMYjLyolOzdQSy4wqSM+G16p0JatuSjE=
[2026-03-05T06:43:50.172Z] GET /api/friend/myFriends | Body: 0 | Token: eyJraWQi | Raw: GET|/api/friend/myFriends|1772693030| | Sign: /DI4cuG8o0WP7IQ1lo3c3v8U0k4kSOm5re2zN2PAuJg=
[2026-03-05T06:43:50.366Z] GET /api/user/me | Body: 0 | Token: eyJraWQi | Raw: GET|/api/user/me|1772693030| | Sign: ZjaLHhSMxLiq+V/nn9zjGRSaNscfVYwTA5He2wQhQE0=
[2026-03-05T06:43:50.586Z] GET /api/missions/current-user | Body: 0 | Token: eyJraWQi | Raw: GET|/api/missions/current-user|1772693030| | Sign: 38kMxX2vatlxPRu4egGktBBqiqMCsUIdaPFXjs2S1Z4=
[2026-03-05T06:43:50.812Z] GET /api/reaction/list | Body: 0 | Token: eyJraWQi | Raw: GET|/api/reaction/list|1772693030| | Sign: JxLAPsjl6ccu7GKsVfv0mqpRnyX3x8s8+G4jH5cplnc=
[2026-03-05T06:43:50.990Z] GET /api/v1/notification/list | Body: 0 | Token: eyJraWQi | Raw: GET|/api/v1/notification/list|1772693030| | Sign: KrQ8JQ/aQb9GzgrTXfHfuPmwmMp2y7pqscy3cQA6SIY=
[2026-03-05T06:43:51.157Z] GET /feed/home | Body: 0 | Token: eyJraWQi | Raw: GET|/feed/home|1772693031| | Sign: FJ9e9MRrDwH8kJeHlRoFYt/NwhQ4xKhsmo6nistV6eo=
[2026-03-05T06:43:51.323Z] GET /api/surf/home | Body: 0 | Token: eyJraWQi | Raw: GET|/api/surf/home|1772693031| | Sign: +DxUX9gae0KeoMcC+4Ho8igjOhv7sBvtBNEp9MhMxKk=
[2026-03-05T06:44:49.324Z] GET /api/user/me | Body: 0 | Token: eyJraWQi | Raw: GET|/api/user/me|1772693089| | Sign: sauExLUxGrs+ttpcfHUZvTb1jLukI/wDmFF12vUAUas=
[2026-03-05T06:44:49.664Z] GET /api/posts/background-color | Body: 0 | Token: eyJraWQi | Raw: GET|/api/posts/background-color|1772693089| | Sign: zm4dI2OHo5BmUNvCs9IVwKNVXEqtDckK8+m5gJYl38k=
[2026-03-05T06:44:49.961Z] GET /api/friend/myFriends | Body: 0 | Token: eyJraWQi | Raw: GET|/api/friend/myFriends|1772693089| | Sign: fz5qj1L+EsZkw47aJNbLT5p5M1bPLVHc8q94bB2vDCI=
[2026-03-05T06:44:50.097Z] GET /api/user/me | Body: 0 | Token: eyJraWQi | Raw: GET|/api/user/me|1772693090| | Sign: B0E1f7kNVpre1ygy8IQ5xu0k+54yIlPYfxIqgd+SEhg=
[2026-03-05T06:44:50.249Z] GET /api/missions/current-user | Body: 0 | Token: eyJraWQi | Raw: GET|/api/missions/current-user|1772693090| | Sign: Gj2+Xphxa37X2Gb3aRQyEKCNtWKV5rr3/RJMDLA59CQ=
[2026-03-05T06:44:50.423Z] GET /api/reaction/list | Body: 0 | Token: eyJraWQi | Raw: GET|/api/reaction/list|1772693090| | Sign: Ex+3Qcoj0yJL9H3iS6IOHtwk1ybbWw64B2QxL+o/Wp0=
[2026-03-05T06:44:50.565Z] GET /api/v1/notification/list | Body: 0 | Token: eyJraWQi | Raw: GET|/api/v1/notification/list|1772693090| | Sign: ByI1xo0DBra6rwZGcxwpyBIdXYj8txyrhXunXHsDdYg=
[2026-03-05T06:44:50.690Z] GET /feed/home | Body: 0 | Token: eyJraWQi | Raw: GET|/feed/home|1772693090| | Sign: Mst+wnCxdpSX4FY8N1Izd7vJacxkeBbxJ/icXO4xvyE=
[2026-03-05T06:44:50.817Z] GET /api/surf/home | Body: 0 | Token: eyJraWQi | Raw: GET|/api/surf/home|1772693090| | Sign: cVF9r3ofJD0gFS5UsGHWtgAO1eaF1DEn1HVmeFeoNOs=
[2026-03-05T06:45:49.325Z] GET /api/user/me | Body: 0 | Token: eyJraWQi | Raw: GET|/api/user/me|1772693149| | Sign: IY0H/grUe2ovlyioKUgV5wuXmbnYw2RiH5yOfuQjHDI=
[2026-03-05T06:45:49.668Z] GET /api/posts/background-color | Body: 0 | Token: eyJraWQi | Raw: GET|/api/posts/background-color|1772693149| | Sign: Hd1VejRVD+QN/UDnu5o/GHtmBKqEwI1eXVhzQ9+j6I8=
[2026-03-05T06:45:49.787Z] GET /api/friend/myFriends | Body: 0 | Token: eyJraWQi | Raw: GET|/api/friend/myFriends|1772693149| | Sign: GyyB7JNRnY+66afc7sbf7hW1OFWB++zqVoAqEP5e2BM=
[2026-03-05T06:45:49.944Z] GET /api/user/me | Body: 0 | Token: eyJraWQi | Raw: GET|/api/user/me|1772693149| | Sign: IY0H/grUe2ovlyioKUgV5wuXmbnYw2RiH5yOfuQjHDI=
[2026-03-05T06:45:50.072Z] GET /api/missions/current-user | Body: 0 | Token: eyJraWQi | Raw: GET|/api/missions/current-user|1772693150| | Sign: /OuqpiTz6egyPObF503mostwtf1Ht1P1/qERSkPBptc=
[2026-03-05T06:45:50.200Z] GET /api/reaction/list | Body: 0 | Token: eyJraWQi | Raw: GET|/api/reaction/list|1772693150| | Sign: cOZeCDBNHRx/83cK3N/rWpE00CM9hk/+TBpjhLChsJY=
[2026-03-05T06:45:50.329Z] GET /api/v1/notification/list | Body: 0 | Token: eyJraWQi | Raw: GET|/api/v1/notification/list|1772693150| | Sign: 0b5z9MQMwGBfHKvMD5o4PaSMnZkfeHltWL9hTrImySU=
[2026-03-05T06:45:50.450Z] GET /feed/home | Body: 0 | Token: eyJraWQi | Raw: GET|/feed/home|1772693150| | Sign: Adu5Q2LFZqBTMgDiJ7nONo+DI9HdLLMWk45vGTb45fk=
[2026-03-05T06:45:50.573Z] GET /api/surf/home | Body: 0 | Token: eyJraWQi | Raw: GET|/api/surf/home|1772693150| | Sign: I5j4GERKE8ER8kWclPyJxzgP/yCXqo0PxxUFLL/RC4U=
[2026-03-05T06:46:49.331Z] GET /api/user/me | Body: 0 | Token: eyJraWQi | Raw: GET|/api/user/me|1772693209| | Sign: jc+VanSXdCnHcNO9fm95WpBI0WNtYQwuvLFislnhes4=
[2026-03-05T06:46:49.662Z] GET /api/posts/background-color | Body: 0 | Token: eyJraWQi | Raw: GET|/api/posts/background-color|1772693209| | Sign: uvxpdp63EZDeNWnaOcPF1VKUUeWnhM1GVV1r2xP78bY=
[2026-03-05T06:46:49.839Z] GET /api/friend/myFriends | Body: 0 | Token: eyJraWQi | Raw: GET|/api/friend/myFriends|1772693209| | Sign: Bq8ikql+ZnB7XFYNNabLPBLuEvY56178CaKGTfR5Adk=
[2026-03-05T06:46:50.032Z] GET /api/user/me | Body: 0 | Token: eyJraWQi | Raw: GET|/api/user/me|1772693210| | Sign: gHnn9vYTmCwm4SjSsPstD2eoZJ0dfLddRzXTxBXUOAw=
[2026-03-05T06:46:50.211Z] GET /api/missions/current-user | Body: 0 | Token: eyJraWQi | Raw: GET|/api/missions/current-user|1772693210| | Sign: dq+h/1gvhFScYmx+PDu5Y8JuQFh9QJQj6CUjLtdjgAc=
[2026-03-05T06:46:50.422Z] GET /api/reaction/list | Body: 0 | Token: eyJraWQi | Raw: GET|/api/reaction/list|1772693210| | Sign: S4vVrjhfl0Cy4SqdEzmLRLTy548LsIBAalj0dTNUEuY=
[2026-03-05T06:46:50.607Z] GET /api/v1/notification/list | Body: 0 | Token: eyJraWQi | Raw: GET|/api/v1/notification/list|1772693210| | Sign: 3mH1iE6S4bi0iFxMK3ZMQwfEwXAJWulKyRnFpx/TI/s=
[2026-03-05T06:46:50.780Z] GET /feed/home | Body: 0 | Token: eyJraWQi | Raw: GET|/feed/home|1772693210| | Sign: 9MwdPaq7PAaZaMDtXTLl0tnOPUoumkkOsJrAouNTVgE=
[2026-03-05T06:46:50.951Z] GET /api/surf/home | Body: 0 | Token: eyJraWQi | Raw: GET|/api/surf/home|1772693210| | Sign: DhkefIzzb1tyqpEw8iimUPPp041Zx9f9YQ1uggO3VjA=
[2026-03-05T06:47:49.343Z] GET /api/user/me | Body: 0 | Token: eyJraWQi | Raw: GET|/api/user/me|1772693269| | Sign: IaK9hh5tjYLF1ZHGA1gc/vSRgPQJspy5Obx0tfpeP2Y=
[2026-03-05T06:47:49.698Z] GET /api/posts/background-color | Body: 0 | Token: eyJraWQi | Raw: GET|/api/posts/background-color|1772693269| | Sign: 58bC9+INnFx4eF+0hVs9BhWwbQjECIr7Ls0W/JQbwkY=
[2026-03-05T06:47:49.818Z] GET /api/friend/myFriends | Body: 0 | Token: eyJraWQi | Raw: GET|/api/friend/myFriends|1772693269| | Sign: Q6fFHkk1O2fA0PDEdHug5FepaOOhgcrMCIiVTyJbQ/w=
[2026-03-05T06:47:49.970Z] GET /api/user/me | Body: 0 | Token: eyJraWQi | Raw: GET|/api/user/me|1772693269| | Sign: IaK9hh5tjYLF1ZHGA1gc/vSRgPQJspy5Obx0tfpeP2Y=
[2026-03-05T06:47:50.097Z] GET /api/missions/current-user | Body: 0 | Token: eyJraWQi | Raw: GET|/api/missions/current-user|1772693270| | Sign: 7PdS767ep4solC8RCOM6ouKySpoyB6Ii9hOBpJFJwQA=
[2026-03-05T06:47:50.251Z] GET /api/reaction/list | Body: 0 | Token: eyJraWQi | Raw: GET|/api/reaction/list|1772693270| | Sign: 9AqHu8042/0ys4/SIH4Olbq8bIrtMZvKYS+Jh2ixIVw=
[2026-03-05T06:47:50.393Z] GET /api/v1/notification/list | Body: 0 | Token: eyJraWQi | Raw: GET|/api/v1/notification/list|1772693270| | Sign: NeRkcp5Z19HSWT47Cd68gR+ufdG2Xa+dTZQylpyahwI=
[2026-03-05T06:47:50.513Z] GET /feed/home | Body: 0 | Token: eyJraWQi | Raw: GET|/feed/home|1772693270| | Sign: Zj3JaqXEDX6Pfmskmq4O09D8eAQzbnMqlrKBO29fcCc=
[2026-03-05T06:47:50.634Z] GET /api/surf/home | Body: 0 | Token: eyJraWQi | Raw: GET|/api/surf/home|1772693270| | Sign: diEQC2pytREhpmj9A+kxz5dUgE3dOgnANQOrIDa3Uz0=
[2026-03-05T06:48:49.345Z] GET /api/user/me | Body: 0 | Token: eyJraWQi | Raw: GET|/api/user/me|1772693329| | Sign: d/EOuq1hK0U6fcM0cs5cnnge93XvotVdAvVgpogo5IM=
[2026-03-05T06:48:49.913Z] GET /api/posts/background-color | Body: 0 | Token: eyJraWQi | Raw: GET|/api/posts/background-color|1772693329| | Sign: vtWMfb2lNXbNXVaCiHNdezbJCPMTI4QYor3TFE4Tr64=
[2026-03-05T06:48:50.080Z] GET /api/friend/myFriends | Body: 0 | Token: eyJraWQi | Raw: GET|/api/friend/myFriends|1772693330| | Sign: 3O2uCwoxgHWoTK2VJ+YAKXX6Nvz7G+d6TJvNEod1KQY=
[2026-03-05T06:48:50.286Z] GET /api/user/me | Body: 0 | Token: eyJraWQi | Raw: GET|/api/user/me|1772693330| | Sign: K15WyBoR9q373+H46D8ZXexq2Q1h3cMa7ZsP75Az22A=
[2026-03-05T06:48:50.469Z] GET /api/missions/current-user | Body: 0 | Token: eyJraWQi | Raw: GET|/api/missions/current-user|1772693330| | Sign: NLqo+5hwn50641Dccin8mKqcIdLole1ixxqUj0vj9Mo=
[2026-03-05T06:48:50.650Z] GET /api/reaction/list | Body: 0 | Token: eyJraWQi | Raw: GET|/api/reaction/list|1772693330| | Sign: Yp5dQ8AGnYeBL9dPZPKR19WGC9OBAkjjKBqmKm7I8I0=
[2026-03-05T06:48:50.835Z] GET /api/v1/notification/list | Body: 0 | Token: eyJraWQi | Raw: GET|/api/v1/notification/list|1772693330| | Sign: ZV1ZEZ5z8KyC3vi5hJswTDLHeG1S7ZfkYzLSeXnCkkU=
[2026-03-05T06:48:51.007Z] GET /feed/home | Body: 0 | Token: eyJraWQi | Raw: GET|/feed/home|1772693331| | Sign: xwnRTOswgTOVGAFuYXulnl+u3j9qzccG6tgUEun/YgY=
[2026-03-05T06:48:51.175Z] GET /api/surf/home | Body: 0 | Token: eyJraWQi | Raw: GET|/api/surf/home|1772693331| | Sign: oL1lH6uHQgQeI1wUMSSzOCVGcTT9GoxLyA660DQ/GrA=
[2026-03-05T06:49:49.357Z] GET /api/user/me | Body: 0 | Token: eyJraWQi | Raw: GET|/api/user/me|1772693389| | Sign: 47lCFBAvOOoegtYYphRAVFATRXa/NIv9u8EedRBiD5o=
[2026-03-05T06:49:49.598Z] GET /api/posts/background-color | Body: 0 | Token: eyJraWQi | Raw: GET|/api/posts/background-color|1772693389| | Sign: 6+vtwXLLvDSqWgx1EKjOpz6iu5tftcyr4VBf1K9BVJQ=
[2026-03-05T06:49:49.707Z] GET /api/friend/myFriends | Body: 0 | Token: eyJraWQi | Raw: GET|/api/friend/myFriends|1772693389| | Sign: QSgxKxMfxSWKoZ7vAEm4bqGfsCkz4MrR1PQ5i3vj2zs=
[2026-03-05T06:49:49.856Z] GET /api/user/me | Body: 0 | Token: eyJraWQi | Raw: GET|/api/user/me|1772693389| | Sign: 47lCFBAvOOoegtYYphRAVFATRXa/NIv9u8EedRBiD5o=
[2026-03-05T06:49:49.971Z] GET /api/missions/current-user | Body: 0 | Token: eyJraWQi | Raw: GET|/api/missions/current-user|1772693389| | Sign: Hndso6tPm9A2APsC0i5ZTTi10MbTc24ifweoVnCf1Zc=
[2026-03-05T06:49:50.117Z] GET /api/reaction/list | Body: 0 | Token: eyJraWQi | Raw: GET|/api/reaction/list|1772693390| | Sign: KN+x5JoNyEhSRat4PUdv8P4yR6brJowPR1Z63FmVEX0=
[2026-03-05T06:49:50.240Z] GET /api/v1/notification/list | Body: 0 | Token: eyJraWQi | Raw: GET|/api/v1/notification/list|1772693390| | Sign: lBy3mdnTfxysi33uVhnBh8Ou341wYdYlCynr7/lsYX4=
[2026-03-05T06:49:50.352Z] GET /feed/home | Body: 0 | Token: eyJraWQi | Raw: GET|/feed/home|1772693390| | Sign: 1Ns7eYoJ/Zb6ytt5NExpmjNTvOIjRitB333H1xD9iIw=
[2026-03-05T06:49:50.469Z] GET /api/surf/home | Body: 0 | Token: eyJraWQi | Raw: GET|/api/surf/home|1772693390| | Sign: l26+j+NTGTgxqE3XG09tznFAV1VLltezkbH9hGd5HkI=
[2026-03-05T06:50:49.371Z] GET /api/user/me | Body: 0 | Token: eyJraWQi | Raw: GET|/api/user/me|1772693449| | Sign: 71Vau5JOB6NuzvJRny7g107OmO8ZzcI0uXUBcW7qK1k=
[2026-03-05T06:50:49.677Z] GET /api/posts/background-color | Body: 0 | Token: eyJraWQi | Raw: GET|/api/posts/background-color|1772693449| | Sign: wkrQ/rxPZ14cnKj9CbOqJ0lKs54u7Kggj4KSXWCGgW8=
[2026-03-05T06:50:49.843Z] GET /api/friend/myFriends | Body: 0 | Token: eyJraWQi | Raw: GET|/api/friend/myFriends|1772693449| | Sign: BaZHaBnmJjenkmYjtCTIbOl51YBj6q6xg3BrSPskhK8=
[2026-03-05T06:50:50.028Z] GET /api/user/me | Body: 0 | Token: eyJraWQi | Raw: GET|/api/user/me|1772693450| | Sign: X/O6sATNlvjsIpzJhI8Fr12WQ4wRb5NBTinfZWGJuC4=
[2026-03-05T06:50:50.204Z] GET /api/missions/current-user | Body: 0 | Token: eyJraWQi | Raw: GET|/api/missions/current-user|1772693450| | Sign: ScABsVpuu7WMc4Rt3rB2g1gcBGbi1DwCirRVRHR24sg=
[2026-03-05T06:50:50.376Z] GET /api/reaction/list | Body: 0 | Token: eyJraWQi | Raw: GET|/api/reaction/list|1772693450| | Sign: BR78SwqFtzBa2XCDIgagqzd4E3ajFFBrtEAyd0H0ZKg=
[2026-03-05T06:50:50.549Z] GET /api/v1/notification/list | Body: 0 | Token: eyJraWQi | Raw: GET|/api/v1/notification/list|1772693450| | Sign: uc85PNj2gsH61KUooKBL5INJJ4zCBon8O6V4HNXQklo=
[2026-03-05T06:50:50.725Z] GET /feed/home | Body: 0 | Token: eyJraWQi | Raw: GET|/feed/home|1772693450| | Sign: MRHi7h38TQuMSa+oojnhT2sOi0QlXsj+asWH5lWXO+w=
[2026-03-05T06:50:50.890Z] GET /api/surf/home | Body: 0 | Token: eyJraWQi | Raw: GET|/api/surf/home|1772693450| | Sign: nPf+rZTDVb5URoZdTwvuZI+IsFL3XV9SVXEceBYSxeQ=
[2026-03-05T06:51:49.370Z] POST /api/auth/login | Body: 57 | Token: None | Raw: POST|/api/auth/login|1772693509|{"username":"longh1248@gmail.com","password":"Admin@123"} | Sign: MvCRGLYOy78GHgN+4FPA2iw7ebaYi6HfplOcRG0yvH4=
[2026-03-05T06:51:49.881Z] GET /api/user/me | Body: 0 | Token: eyJraWQi | Raw: GET|/api/user/me|1772693509| | Sign: g/AAuDt+GHraZbldX4uploSe1hVHexGZRj5Emxip+s8=
[2026-03-05T06:51:50.061Z] GET /api/posts/background-color | Body: 0 | Token: eyJraWQi | Raw: GET|/api/posts/background-color|1772693510| | Sign: HwCHygJ6jEN5sUqIdRVzyIzqj90cQ6DaHFKLa8r+hdk=
[2026-03-05T06:51:50.183Z] GET /api/friend/myFriends | Body: 0 | Token: eyJraWQi | Raw: GET|/api/friend/myFriends|1772693510| | Sign: 4Kfdok4fO+8qxUALnETcRVI3GEnkvyrL5NaMSONr17c=
[2026-03-05T06:51:50.382Z] GET /api/user/me | Body: 0 | Token: eyJraWQi | Raw: GET|/api/user/me|1772693510| | Sign: EpXYkaIlm82eWhapy5B0N39hZCDO4ge38Xeb8f2H4fE=
[2026-03-05T06:51:50.535Z] GET /api/missions/current-user | Body: 0 | Token: eyJraWQi | Raw: GET|/api/missions/current-user|1772693510| | Sign: AGnmMLhH9BN9hhiuXqpK2iybpdfSiRztogPwhAzlC9Q=
[2026-03-05T06:51:50.783Z] GET /api/reaction/list | Body: 0 | Token: eyJraWQi | Raw: GET|/api/reaction/list|1772693510| | Sign: qHlU67Iy9TkRuwBzFSTgQDXVtnoGE3z9BMr5xTOrAxo=
[2026-03-05T06:51:50.920Z] GET /api/v1/notification/list | Body: 0 | Token: eyJraWQi | Raw: GET|/api/v1/notification/list|1772693510| | Sign: hyZSGp49FutCaJcMCghb08BtaYWSwsTgo34JklEO02Q=
[2026-03-05T06:51:51.042Z] GET /feed/home | Body: 0 | Token: eyJraWQi | Raw: GET|/feed/home|1772693511| | Sign: o8ZxCDe7XiMSb8FIQsPpRcWIsesCK3FzjWfnpjeXKio=
[2026-03-05T06:51:51.176Z] GET /api/surf/home | Body: 0 | Token: eyJraWQi | Raw: GET|/api/surf/home|1772693511| | Sign: mX24zrmSPWNP7LO67Hm/+28bPVMc1ZyaGW+tztjoDwM=
[2026-03-05T06:52:49.384Z] GET /api/user/me | Body: 0 | Token: eyJraWQi | Raw: GET|/api/user/me|1772693569| | Sign: A/+SYYvIcuAaE1uwiL9CPItameqUXe8nSZOgOcMU6QI=
[2026-03-05T06:52:49.703Z] GET /api/posts/background-color | Body: 0 | Token: eyJraWQi | Raw: GET|/api/posts/background-color|1772693569| | Sign: e4DK34d+BsRUL2K6+jBlpZjTaIvcHyvuMdjCuoZDkg0=
[2026-03-05T06:52:49.824Z] GET /api/friend/myFriends | Body: 0 | Token: eyJraWQi | Raw: GET|/api/friend/myFriends|1772693569| | Sign: vsswDusMiNB4R7d1L/VwjJqnGxD3LVq1nBlqnSKgWOQ=
[2026-03-05T06:52:49.999Z] GET /api/user/me | Body: 0 | Token: eyJraWQi | Raw: GET|/api/user/me|1772693569| | Sign: A/+SYYvIcuAaE1uwiL9CPItameqUXe8nSZOgOcMU6QI=
[2026-03-05T06:52:50.141Z] GET /api/missions/current-user | Body: 0 | Token: eyJraWQi | Raw: GET|/api/missions/current-user|1772693570| | Sign: ymcvFmxq0DKYrKftBmnCKMgUTnlrXXuek+VL4/g3zEc=
[2026-03-05T06:52:50.296Z] GET /api/reaction/list | Body: 0 | Token: eyJraWQi | Raw: GET|/api/reaction/list|1772693570| | Sign: ApsIx+P0VoktT9/SrxkMW14IQ2LXq0M94D1HELMyEbU=
[2026-03-05T06:52:50.461Z] GET /api/v1/notification/list | Body: 0 | Token: eyJraWQi | Raw: GET|/api/v1/notification/list|1772693570| | Sign: KB+wVuyUGFstSTsuFXeOqWhHT2MmzC3ljD/jxD4aRwc=
[2026-03-05T06:52:50.576Z] GET /feed/home | Body: 0 | Token: eyJraWQi | Raw: GET|/feed/home|1772693570| | Sign: lYNzlGochIRa8ON8re4uc5+GQtowhfysb5oDuFmd1Zk=
[2026-03-05T06:52:50.698Z] GET /api/surf/home | Body: 0 | Token: eyJraWQi | Raw: GET|/api/surf/home|1772693570| | Sign: hCfvQt5qB7AmZpECQLw8XIhnAL0C4uDtaP2ipFrznAU=
[2026-03-05T06:53:49.393Z] GET /api/user/me | Body: 0 | Token: eyJraWQi | Raw: GET|/api/user/me|1772693629| | Sign: B6ha0ufjMifIKrNlkueLR6sSFUih9NkEPuXAL5jmqe0=
[2026-03-05T06:53:49.669Z] GET /api/posts/background-color | Body: 0 | Token: eyJraWQi | Raw: GET|/api/posts/background-color|1772693629| | Sign: lnKIF7YpKtqbJ0L85eDFVjZf8+xvzvHtwIaMtGBRuZQ=
[2026-03-05T06:53:49.785Z] GET /api/friend/myFriends | Body: 0 | Token: eyJraWQi | Raw: GET|/api/friend/myFriends|1772693629| | Sign: AFMe+M3kJ9ZwpHFocEWtToLz9jPw6rzfsJBZkTN2qGI=
[2026-03-05T06:53:49.953Z] GET /api/user/me | Body: 0 | Token: eyJraWQi | Raw: GET|/api/user/me|1772693629| | Sign: B6ha0ufjMifIKrNlkueLR6sSFUih9NkEPuXAL5jmqe0=
[2026-03-05T06:53:50.078Z] GET /api/missions/current-user | Body: 0 | Token: eyJraWQi | Raw: GET|/api/missions/current-user|1772693630| | Sign: BOepVXmPE63Hq4Cy7n6ZCSumCDx+xzy67A7z2YtiiIQ=
[2026-03-05T06:53:50.225Z] GET /api/reaction/list | Body: 0 | Token: eyJraWQi | Raw: GET|/api/reaction/list|1772693630| | Sign: HbShgpJsBB1AxulQDrpShXvkQBFFReg/r7oXNCAYpZU=
[2026-03-05T06:53:50.360Z] GET /api/v1/notification/list | Body: 0 | Token: eyJraWQi | Raw: GET|/api/v1/notification/list|1772693630| | Sign: UGAekJbd3kiz4ax2THemjQZRGykoXQF26t/pgm/Nc8c=
[2026-03-05T06:53:50.473Z] GET /feed/home | Body: 0 | Token: eyJraWQi | Raw: GET|/feed/home|1772693630| | Sign: mjf+hsJzzrc+CDYGxD6KYmLN6Ain2dSs8lPeAp1XVk0=
[2026-03-05T06:53:50.591Z] GET /api/surf/home | Body: 0 | Token: eyJraWQi | Raw: GET|/api/surf/home|1772693630| | Sign: lPPJGVyt9FlyX6NMKKxHupgvuNX9ExB7JO/nROkIkMY=
[2026-03-05T06:54:49.408Z] GET /api/user/me | Body: 0 | Token: eyJraWQi | Raw: GET|/api/user/me|1772693689| | Sign: r6AtAq4P9AezzEYvvUS2Dqb1xmkin8OYsqzEuWsCDfE=
[2026-03-05T06:54:49.865Z] GET /api/posts/background-color | Body: 0 | Token: eyJraWQi | Raw: GET|/api/posts/background-color|1772693689| | Sign: v0Va3BXL0OjU8j8Zt/W9iZNj+enQIbzhlcAPT22HKbk=
[2026-03-05T06:54:50.026Z] GET /api/friend/myFriends | Body: 0 | Token: eyJraWQi | Raw: GET|/api/friend/myFriends|1772693690| | Sign: sxZSkyLv9CvuO4c2+lV5VmX2cJodaSERTTB7GH5fTHY=
[2026-03-05T06:54:50.223Z] GET /api/user/me | Body: 0 | Token: eyJraWQi | Raw: GET|/api/user/me|1772693690| | Sign: lLPdz48J9CLCzqajACxZ01m1aQ2IJ7jLINxt09R3WB8=
[2026-03-05T06:54:50.400Z] GET /api/missions/current-user | Body: 0 | Token: eyJraWQi | Raw: GET|/api/missions/current-user|1772693690| | Sign: HgUm8KyU0tMM+hAKAd/qN0DbApOc6a2eVf14vWgNZbo=
[2026-03-05T06:54:50.594Z] GET /api/reaction/list | Body: 0 | Token: eyJraWQi | Raw: GET|/api/reaction/list|1772693690| | Sign: nPVs8p/5Z5nr6+66JWJjbL6bBY4ALhAQ6KDuHp0jm3U=
[2026-03-05T06:54:50.773Z] GET /api/v1/notification/list | Body: 0 | Token: eyJraWQi | Raw: GET|/api/v1/notification/list|1772693690| | Sign: hHQ28OH5cdHZgQXa6ubqdgn2CUISfyPn6tiG4sJGSeg=
[2026-03-05T06:54:50.932Z] GET /feed/home | Body: 0 | Token: eyJraWQi | Raw: GET|/feed/home|1772693690| | Sign: GePqUEmATip5pwVXcGO314rXKSleNsRQD1SmDmbv6w4=
[2026-03-05T06:54:51.091Z] GET /api/surf/home | Body: 0 | Token: eyJraWQi | Raw: GET|/api/surf/home|1772693691| | Sign: x3qY2nx4L96w3eesmgM8IniFihS7EgJf2qM9SyNw11M=
[2026-03-05T06:55:49.409Z] GET /api/user/me | Body: 0 | Token: eyJraWQi | Raw: GET|/api/user/me|1772693749| | Sign: 7Km+5+pGOc2zEnc0hSZ/x1FAz4DoiyfJYE6WfCDp7kw=
[2026-03-05T06:55:49.767Z] GET /api/posts/background-color | Body: 0 | Token: eyJraWQi | Raw: GET|/api/posts/background-color|1772693749| | Sign: N9q4Pp2UQF11Gl+Bj8j//8TuwhqnRBgHt6UhEQCZXH8=
[2026-03-05T06:55:49.902Z] GET /api/friend/myFriends | Body: 0 | Token: eyJraWQi | Raw: GET|/api/friend/myFriends|1772693749| | Sign: GBiATKNQm3B3Q/rNT5DnSWrQZ3fkX/+A33r/unp+cZg=
[2026-03-05T06:55:50.070Z] GET /api/user/me | Body: 0 | Token: eyJraWQi | Raw: GET|/api/user/me|1772693750| | Sign: LVxlm3KVzsCRoXzkdWwILcGAEIlC//1L7ciKzHU8S9I=
[2026-03-05T06:55:50.213Z] GET /api/missions/current-user | Body: 0 | Token: eyJraWQi | Raw: GET|/api/missions/current-user|1772693750| | Sign: TXuV7EIB9E+JTgROkoN+1O+VCRg9WY5wMLDpENBnFlY=
[2026-03-05T06:55:50.359Z] GET /api/reaction/list | Body: 0 | Token: eyJraWQi | Raw: GET|/api/reaction/list|1772693750| | Sign: vlPG7t+FoaFHZo9GiaTdm8/sm5es0yClI/cXLJMFxTk=
[2026-03-05T06:55:50.500Z] GET /api/v1/notification/list | Body: 0 | Token: eyJraWQi | Raw: GET|/api/v1/notification/list|1772693750| | Sign: TXg3fI7frtFen2knZrVoC70ZEhXKLkAxmgI6Z0Hhyjg=
[2026-03-05T06:55:50.632Z] GET /feed/home | Body: 0 | Token: eyJraWQi | Raw: GET|/feed/home|1772693750| | Sign: UuujAGaT4JZOQ/voatIrTfbERlW+zSXAMMLMU1yA6eQ=
[2026-03-05T06:55:50.770Z] GET /api/surf/home | Body: 0 | Token: eyJraWQi | Raw: GET|/api/surf/home|1772693750| | Sign: 2rLHotbupKTkyVDQJyHirFpWel8L97rS/UKrqYv4G8c=
[2026-03-05T06:56:49.418Z] GET /api/user/me | Body: 0 | Token: eyJraWQi | Raw: GET|/api/user/me|1772693809| | Sign: eJwCcQZ+bmGc/Dw5F8ebHnWZZrOu5dU13lkiBMUfmIo=
[2026-03-05T06:56:49.673Z] GET /api/posts/background-color | Body: 0 | Token: eyJraWQi | Raw: GET|/api/posts/background-color|1772693809| | Sign: Gn2LY+2qASL8UcKsy3yNAGD5L9PmHzqC2TwV8HUW4zY=
[2026-03-05T06:56:49.789Z] GET /api/friend/myFriends | Body: 0 | Token: eyJraWQi | Raw: GET|/api/friend/myFriends|1772693809| | Sign: cS9TuGZo5mwvt2YjDdZItFxtgYo8wG5H9QMjsTVJaJo=
[2026-03-05T06:56:49.970Z] GET /api/user/me | Body: 0 | Token: eyJraWQi | Raw: GET|/api/user/me|1772693809| | Sign: eJwCcQZ+bmGc/Dw5F8ebHnWZZrOu5dU13lkiBMUfmIo=
[2026-03-05T06:56:50.102Z] GET /api/missions/current-user | Body: 0 | Token: eyJraWQi | Raw: GET|/api/missions/current-user|1772693810| | Sign: 3uoq9Whx/G83X4upVsngeqeWUJ4LntXv0GJxw36NfLo=
[2026-03-05T06:56:50.234Z] GET /api/reaction/list | Body: 0 | Token: eyJraWQi | Raw: GET|/api/reaction/list|1772693810| | Sign: WEIXMd5idOaj9B9nGS5t69csR7mlRFaDNUfGABLCejw=
[2026-03-05T06:56:50.371Z] GET /api/v1/notification/list | Body: 0 | Token: eyJraWQi | Raw: GET|/api/v1/notification/list|1772693810| | Sign: uHl4evbmPX6HXkhk+MxXauym7aE6z7ly/auwJXBmkC8=
[2026-03-05T06:56:50.486Z] GET /feed/home | Body: 0 | Token: eyJraWQi | Raw: GET|/feed/home|1772693810| | Sign: 1RzMJyjz3+o2qaXOdUqRYQo7hBlgWmlO36rfoQN63Fw=
[2026-03-05T06:56:50.605Z] GET /api/surf/home | Body: 0 | Token: eyJraWQi | Raw: GET|/api/surf/home|1772693810| | Sign: nSXLeixnSz3l2zgLlUU2jUnD7HZM0Briwv6hgicp3RA=
[2026-03-05T06:57:49.417Z] GET /api/user/me | Body: 0 | Token: eyJraWQi | Raw: GET|/api/user/me|1772693869| | Sign: tG9ACKleuRrsTzQ9rf7gRSy6yTDnBQS7BQWfIHn1Ric=
[2026-03-05T06:57:49.725Z] GET /api/posts/background-color | Body: 0 | Token: eyJraWQi | Raw: GET|/api/posts/background-color|1772693869| | Sign: +FJTrO8ZQrnCtOMFGZ2nHjJbDKMbxQO1/HXQ6uO3XNs=
[2026-03-05T06:57:49.843Z] GET /api/friend/myFriends | Body: 0 | Token: eyJraWQi | Raw: GET|/api/friend/myFriends|1772693869| | Sign: AOU1sNenc2TNxo12IqFDcqGFwxwQZ2P5txbzcd1q2DE=
[2026-03-05T06:57:50.025Z] GET /api/user/me | Body: 0 | Token: eyJraWQi | Raw: GET|/api/user/me|1772693870| | Sign: Q0tmiyb3lMRORqNE5MYfKXpyWC833yymeSTjbqGjIWY=
[2026-03-05T06:57:50.152Z] GET /api/missions/current-user | Body: 0 | Token: eyJraWQi | Raw: GET|/api/missions/current-user|1772693870| | Sign: S4AArQRk3KLl1dDcVMgwo32ljjxoN+9QfDD6l5gmkjo=
[2026-03-05T06:57:50.312Z] GET /api/reaction/list | Body: 0 | Token: eyJraWQi | Raw: GET|/api/reaction/list|1772693870| | Sign: /p81IQfDpE6NTjYIdBcS/3xsu7bmk8yrKPVXRP3X2Pc=
[2026-03-05T06:57:50.457Z] GET /api/v1/notification/list | Body: 0 | Token: eyJraWQi | Raw: GET|/api/v1/notification/list|1772693870| | Sign: S5RJnaAScFZ7ASL7OKXSgnrZaLMiJVWDN1yKXh33OuA=
[2026-03-05T06:57:50.586Z] GET /feed/home | Body: 0 | Token: eyJraWQi | Raw: GET|/feed/home|1772693870| | Sign: mEyUWWUwIoOGyhHYkRhEILuKBuELvDZ6lN0gZhXMeJE=
[2026-03-05T06:57:50.710Z] GET /api/surf/home | Body: 0 | Token: eyJraWQi | Raw: GET|/api/surf/home|1772693870| | Sign: keveP77XLSJ0Gz3WpECg3ds/UEIYWj3wtDsj9HdccvM=
[2026-03-05T06:58:49.433Z] GET /api/user/me | Body: 0 | Token: eyJraWQi | Raw: GET|/api/user/me|1772693929| | Sign: qSRNMbMcTpe7sjJ0FsfE0QDzPYvBk8WF5kYstjMBw+w=
[2026-03-05T06:58:49.714Z] GET /api/posts/background-color | Body: 0 | Token: eyJraWQi | Raw: GET|/api/posts/background-color|1772693929| | Sign: 8hiWOAfiY9J/DteTRuKpmBL3iD30l7t0wH55RTFF+CU=
[2026-03-05T06:58:49.840Z] GET /api/friend/myFriends | Body: 0 | Token: eyJraWQi | Raw: GET|/api/friend/myFriends|1772693929| | Sign: m9d1frESxeJ0VcxZei8euJU2/G/iKBdO4Ix5TcCnWVM=
[2026-03-05T06:58:49.993Z] GET /api/user/me | Body: 0 | Token: eyJraWQi | Raw: GET|/api/user/me|1772693929| | Sign: qSRNMbMcTpe7sjJ0FsfE0QDzPYvBk8WF5kYstjMBw+w=
[2026-03-05T06:58:50.123Z] GET /api/missions/current-user | Body: 0 | Token: eyJraWQi | Raw: GET|/api/missions/current-user|1772693930| | Sign: 67UTFLcivAnYWEp+4+xig47mCGtWWt0YatWQdI9k/PQ=
[2026-03-05T06:58:50.264Z] GET /api/reaction/list | Body: 0 | Token: eyJraWQi | Raw: GET|/api/reaction/list|1772693930| | Sign: r8MFbJ1XTkQ9OVdbxbcbcX3F/wMjrrZe64CxQ4+xhxs=
[2026-03-05T06:58:50.390Z] GET /api/v1/notification/list | Body: 0 | Token: eyJraWQi | Raw: GET|/api/v1/notification/list|1772693930| | Sign: UF4oxNiIkKvHFzVN9EEP0l19Gbt7Bt11w4wgOqnNA54=
[2026-03-05T06:58:50.504Z] GET /feed/home | Body: 0 | Token: eyJraWQi | Raw: GET|/feed/home|1772693930| | Sign: o3TxbgfCo8VnofkMtdX4a+Zk+KbP2W4bWh7B/kdcVdE=
[2026-03-05T06:58:50.631Z] GET /api/surf/home | Body: 0 | Token: eyJraWQi | Raw: GET|/api/surf/home|1772693930| | Sign: AaFGlaol8TYXNZMHACOaZXSrdlmAvxP+BRcHpukpG5k=
[2026-03-05T06:59:49.441Z] GET /api/user/me | Body: 0 | Token: eyJraWQi | Raw: GET|/api/user/me|1772693989| | Sign: IwIDNJg8IRE0bZTmhhZTUNAfDYo5DYH/HVujagp+BMw=
[2026-03-05T06:59:49.785Z] GET /api/posts/background-color | Body: 0 | Token: eyJraWQi | Raw: GET|/api/posts/background-color|1772693989| | Sign: aVNWGBKDl/xp5xcooJHaF59gLXuvr2y8F+YWTEeafiY=
[2026-03-05T06:59:49.911Z] GET /api/friend/myFriends | Body: 0 | Token: eyJraWQi | Raw: GET|/api/friend/myFriends|1772693989| | Sign: UaAtUyJi7ef5vgA09wPm4opgigfEy3PDMGmvwK4nOL4=
[2026-03-05T06:59:50.063Z] GET /api/user/me | Body: 0 | Token: eyJraWQi | Raw: GET|/api/user/me|1772693990| | Sign: KPzdf+wN/4s0WCbKFBKhXivcqW/NBjbdH+1ILciyF6w=
[2026-03-05T06:59:50.193Z] GET /api/missions/current-user | Body: 0 | Token: eyJraWQi | Raw: GET|/api/missions/current-user|1772693990| | Sign: suIFF/t6mW/XwNK9ee3bdALCLO0LY0w7d34IT+ggDzw=
[2026-03-05T06:59:50.324Z] GET /api/reaction/list | Body: 0 | Token: eyJraWQi | Raw: GET|/api/reaction/list|1772693990| | Sign: 66RgXSHMSCdBnaZ/S7XYLGI38c5TKuDWL2AcfUGKT38=
[2026-03-05T06:59:50.472Z] GET /api/v1/notification/list | Body: 0 | Token: eyJraWQi | Raw: GET|/api/v1/notification/list|1772693990| | Sign: x2dIJuIQmueCZYGIP572CTv4TjG57AdO7/8XhTwT19k=
[2026-03-05T06:59:50.593Z] GET /feed/home | Body: 0 | Token: eyJraWQi | Raw: GET|/feed/home|1772693990| | Sign: NqZtPPfwo/IC4+ptGDNL9DJobSex/NccJqLJjf8AIRI=
[2026-03-05T06:59:50.715Z] GET /api/surf/home | Body: 0 | Token: eyJraWQi | Raw: GET|/api/surf/home|1772693990| | Sign: V1VvR7AZxLkH6PphAL+um8+ZDpyReWfvkDjOu0v0vfI=
[2026-03-05T07:00:49.459Z] POST /api/auth/login | Body: 57 | Token: None | Raw: POST|/api/auth/login|1772694049|{"username":"longh1248@gmail.com","password":"Admin@123"} | Sign: tpFeS9RCp7/4EYvkYEzVogy3KaD2VDbgRFEQ6W35VbU=
[2026-03-05T07:00:49.987Z] GET /api/user/me | Body: 0 | Token: eyJraWQi | Raw: GET|/api/user/me|1772694049| | Sign: BAUKDik1tSZLe4z+ckPSCSvMInhnieUv+Ha7TmyOV8Y=
[2026-03-05T07:00:50.190Z] GET /api/posts/background-color | Body: 0 | Token: eyJraWQi | Raw: GET|/api/posts/background-color|1772694050| | Sign: +Czmb5ynqAZFfxnHXioreVIQwBiWvgeYuQPnCdC0HfU=
[2026-03-05T07:00:50.315Z] GET /api/friend/myFriends | Body: 0 | Token: eyJraWQi | Raw: GET|/api/friend/myFriends|1772694050| | Sign: 2/8P2SHANLQRqbZf3sOxttrlx7D/wQUFC8/EYfsvxo8=
[2026-03-05T07:00:50.513Z] GET /api/user/me | Body: 0 | Token: eyJraWQi | Raw: GET|/api/user/me|1772694050| | Sign: 0n7TWESSmEu16ml8HUn47T1fkgHZC/EnJ+uOUkrBF0g=
[2026-03-05T07:00:50.670Z] GET /api/missions/current-user | Body: 0 | Token: eyJraWQi | Raw: GET|/api/missions/current-user|1772694050| | Sign: RlkVdsFPv4mWRgXWxGezGXkhACUNekIrf3qYaaX2Myc=
[2026-03-05T07:00:50.897Z] GET /api/reaction/list | Body: 0 | Token: eyJraWQi | Raw: GET|/api/reaction/list|1772694050| | Sign: hNIPvHXISD19K7wmXS9SfFu31Dr457tqF1TvwNz3m9Q=
[2026-03-05T07:00:51.087Z] GET /api/v1/notification/list | Body: 0 | Token: eyJraWQi | Raw: GET|/api/v1/notification/list|1772694051| | Sign: +nQ2rkIAIbKzzQbYU+x2lJ1GS6FjRzGEpBb78hg6f1U=
[2026-03-05T07:00:51.211Z] GET /feed/home | Body: 0 | Token: eyJraWQi | Raw: GET|/feed/home|1772694051| | Sign: pg+RvGiTaQz8C6KvoiDDe3uGdTBb3UN2dzXuFfzkPvY=
[2026-03-05T07:00:51.377Z] GET /api/surf/home | Body: 0 | Token: eyJraWQi | Raw: GET|/api/surf/home|1772694051| | Sign: NLZ+H0LaZBfK1MZimlY22bROiBOKonJOBIAP/JHPs2s=
[2026-03-05T07:01:49.461Z] POST /api/auth/login | Body: 57 | Token: None | Raw: POST|/api/auth/login|1772694109|{"username":"longh1248@gmail.com","password":"Admin@123"} | Sign: K3L4pn909Nt+xTylSCOvGDFh5tU6RQEn2tioQScIkm0=
[2026-03-05T07:01:50.090Z] GET /api/user/me | Body: 0 | Token: eyJraWQi | Raw: GET|/api/user/me|1772694110| | Sign: flUPFL6V14QTYFyJuiqHxHIL89MdAIFO54XE5G7N8Sc=
[2026-03-05T07:01:50.292Z] GET /api/posts/background-color | Body: 0 | Token: eyJraWQi | Raw: GET|/api/posts/background-color|1772694110| | Sign: AxUGx7LFGN6pcd3SR6jPxKYUBSzY+61OxxRo//gQuZA=
[2026-03-05T07:01:50.450Z] GET /api/friend/myFriends | Body: 0 | Token: eyJraWQi | Raw: GET|/api/friend/myFriends|1772694110| | Sign: JOgNSF1C2R1FY62y6AWk2arKVWGclt30ibtKBNhOif8=
[2026-03-05T07:01:50.625Z] GET /api/user/me | Body: 0 | Token: eyJraWQi | Raw: GET|/api/user/me|1772694110| | Sign: flUPFL6V14QTYFyJuiqHxHIL89MdAIFO54XE5G7N8Sc=
[2026-03-05T07:01:50.801Z] GET /api/missions/current-user | Body: 0 | Token: eyJraWQi | Raw: GET|/api/missions/current-user|1772694110| | Sign: hiTh7Noxq1cc1uFINW58PK6Wf6qryFQZfK5Ylk0cOv4=
[2026-03-05T07:01:50.975Z] GET /api/reaction/list | Body: 0 | Token: eyJraWQi | Raw: GET|/api/reaction/list|1772694110| | Sign: VREoHFm6unVDYSj6UzrKM15EqtP6oGBc9zsiks+FFps=
[2026-03-05T07:01:51.145Z] GET /api/v1/notification/list | Body: 0 | Token: eyJraWQi | Raw: GET|/api/v1/notification/list|1772694111| | Sign: 6W/uvYZnPB0CIy91iZm4zzJ/cvbLT2JE5ALK7lCrtUQ=
[2026-03-05T07:01:51.307Z] GET /feed/home | Body: 0 | Token: eyJraWQi | Raw: GET|/feed/home|1772694111| | Sign: rOzf+2cfLtCvDJ9syN7EWDHPFvYkC0bDjolztmBd55g=
[2026-03-05T07:01:51.462Z] GET /api/surf/home | Body: 0 | Token: eyJraWQi | Raw: GET|/api/surf/home|1772694111| | Sign: AP4A/Uq5Z3ZUOXbUsH1iNnCt/1w8F1x8bBPqbwB2u3w=
[2026-03-05T07:02:49.476Z] GET /api/user/me | Body: 0 | Token: eyJraWQi | Raw: GET|/api/user/me|1772694169| | Sign: vG5jpU3zXKvMnHa0ppmm0EMQF2tzOGvYQtgRlc31SEo=
[2026-03-05T07:02:49.864Z] GET /api/posts/background-color | Body: 0 | Token: eyJraWQi | Raw: GET|/api/posts/background-color|1772694169| | Sign: EpOfmr3pWueKGckQpAzEkWWm70Pp/JEWc0u8f3EwuDQ=
[2026-03-05T07:02:49.978Z] GET /api/friend/myFriends | Body: 0 | Token: eyJraWQi | Raw: GET|/api/friend/myFriends|1772694169| | Sign: 4rrrQCUZB57xR4I02MgnT2vkDhWUige4DNIbNTrQ/6k=
[2026-03-05T07:02:50.153Z] GET /api/user/me | Body: 0 | Token: eyJraWQi | Raw: GET|/api/user/me|1772694170| | Sign: VJvala8Ej1HTn4H37LXbUjWUAnUXCzy/PwcbddodJMo=
[2026-03-05T07:02:50.530Z] GET /api/missions/current-user | Body: 0 | Token: eyJraWQi | Raw: GET|/api/missions/current-user|1772694170| | Sign: iLjPOS8xzjyk2ZR4hJvycPbm9il9QvqoyAzYDk+QRKU=
[2026-03-05T07:02:50.700Z] GET /api/reaction/list | Body: 0 | Token: eyJraWQi | Raw: GET|/api/reaction/list|1772694170| | Sign: 1zFYw/TLnbf4hOG0KqkgxvtJh5A6FUNahc1QsP985Xc=
[2026-03-05T07:02:50.833Z] GET /api/v1/notification/list | Body: 0 | Token: eyJraWQi | Raw: GET|/api/v1/notification/list|1772694170| | Sign: iGpN2YjNLx+9p0EAlCPlyk2fIwH00n0NJsV2JvVvkVE=
[2026-03-05T07:02:50.948Z] GET /feed/home | Body: 0 | Token: eyJraWQi | Raw: GET|/feed/home|1772694170| | Sign: YGfbLfFs5Ac9l66PclWmILxcRnw9YANfKy1/5s5LS6M=
[2026-03-05T07:02:51.063Z] GET /api/surf/home | Body: 0 | Token: eyJraWQi | Raw: GET|/api/surf/home|1772694171| | Sign: /cIQRgbrmPdGsxamMwy9dvGVRNrbYRLQq7j3gLIkfwk=
[2026-03-05T07:03:49.480Z] GET /api/user/me | Body: 0 | Token: eyJraWQi | Raw: GET|/api/user/me|1772694229| | Sign: XIlnS2geM035clEeMHPmEj3GYbWNuvCdF152oJOxZ3Y=
[2026-03-05T07:03:49.812Z] GET /api/posts/background-color | Body: 0 | Token: eyJraWQi | Raw: GET|/api/posts/background-color|1772694229| | Sign: KB6cfRR+P7pVRDEH/I4NvPuAG688dQ5GE49Aa8xpup4=
[2026-03-05T07:03:49.928Z] GET /api/friend/myFriends | Body: 0 | Token: eyJraWQi | Raw: GET|/api/friend/myFriends|1772694229| | Sign: UyX0t21nPEhb1/0BBFzAjwrKKZ/FsZ7vq51cTmQMOJg=
[2026-03-05T07:03:50.105Z] GET /api/user/me | Body: 0 | Token: eyJraWQi | Raw: GET|/api/user/me|1772694230| | Sign: N2TmYSIeh15jmnXNCPcaTYVtShdQ+CHBvNbsPx0IiEE=
[2026-03-05T07:03:50.235Z] GET /api/missions/current-user | Body: 0 | Token: eyJraWQi | Raw: GET|/api/missions/current-user|1772694230| | Sign: c4XeRYuClOlmbSxX8Qs5tVrWauVYUTDCI2A8wcPdtI4=
[2026-03-05T07:03:50.382Z] GET /api/reaction/list | Body: 0 | Token: eyJraWQi | Raw: GET|/api/reaction/list|1772694230| | Sign: KvyN7JtD+8ktX6iePzdpwGlzN77bl14wAyV6nhU0TVY=
[2026-03-05T07:03:50.517Z] GET /api/v1/notification/list | Body: 0 | Token: eyJraWQi | Raw: GET|/api/v1/notification/list|1772694230| | Sign: 73HVNkUJwNV0u1r0oVzXZgWPR6tXAUnDZl5S7mk87Dw=
[2026-03-05T07:03:50.631Z] GET /feed/home | Body: 0 | Token: eyJraWQi | Raw: GET|/feed/home|1772694230| | Sign: jYzWWBdcSgmlKmwaFDa2VN3SOZD1msDtTsz9LrCe/7M=
[2026-03-05T07:03:50.751Z] GET /api/surf/home | Body: 0 | Token: eyJraWQi | Raw: GET|/api/surf/home|1772694230| | Sign: 6h9mSNorr0aBpvYur8QMxSbcvDw7SRhBTrecJ70c9co=
[2026-03-05T07:04:49.481Z] GET /api/user/me | Body: 0 | Token: eyJraWQi | Raw: GET|/api/user/me|1772694289| | Sign: 6A3/8qOSIqF7xSaeNV3yTL/Vb+dQdiaUiVvbyLw1zJM=
[2026-03-05T07:04:49.811Z] GET /api/posts/background-color | Body: 0 | Token: eyJraWQi | Raw: GET|/api/posts/background-color|1772694289| | Sign: yybc6pTEeXaFmMsMbuZWYhGzJRvyefne8cKqOAS8nJw=
[2026-03-05T07:04:49.935Z] GET /api/friend/myFriends | Body: 0 | Token: eyJraWQi | Raw: GET|/api/friend/myFriends|1772694289| | Sign: g05m4DyLItXXp8+tdD7y+FpgXZqGh42/qvgRJw9z2Mw=
[2026-03-05T07:04:50.086Z] GET /api/user/me | Body: 0 | Token: eyJraWQi | Raw: GET|/api/user/me|1772694290| | Sign: dcy5wn/LezZuEDyP2eE+anm6pQiRwdgZnSEvbTx7L6E=
[2026-03-05T07:04:50.237Z] GET /api/missions/current-user | Body: 0 | Token: eyJraWQi | Raw: GET|/api/missions/current-user|1772694290| | Sign: ETS8zWIEbkLLJWAIzzaQYySdPqkPMHueYtStRU2HGR0=
[2026-03-05T07:04:50.371Z] GET /api/reaction/list | Body: 0 | Token: eyJraWQi | Raw: GET|/api/reaction/list|1772694290| | Sign: MAv6BOcwGjasFvZ3h//rYYctA+snIqgnsf8bIuI1YSs=
[2026-03-05T07:04:50.503Z] GET /api/v1/notification/list | Body: 0 | Token: eyJraWQi | Raw: GET|/api/v1/notification/list|1772694290| | Sign: lRgDAD8Lt6x8sjNt9vCb6msGgYR3aMY3vCoDtfbtZG0=
[2026-03-05T07:04:50.624Z] GET /feed/home | Body: 0 | Token: eyJraWQi | Raw: GET|/feed/home|1772694290| | Sign: KN3/jD95sL6ziNoECDuo2jEnjhaFd0TrYdAP0qdJfoQ=
[2026-03-05T07:04:50.745Z] GET /api/surf/home | Body: 0 | Token: eyJraWQi | Raw: GET|/api/surf/home|1772694290| | Sign: LYynHK6WJKZyghPsiGiKDohUbK7nO1N5YtuS/cp8cwE=
[2026-03-05T07:05:49.481Z] GET /api/user/me | Body: 0 | Token: eyJraWQi | Raw: GET|/api/user/me|1772694349| | Sign: pIT3i/rOQ4F2+QH6NghdS4QItH5tm18mi6nDER8ZVBU=
[2026-03-05T07:05:49.820Z] GET /api/posts/background-color | Body: 0 | Token: eyJraWQi | Raw: GET|/api/posts/background-color|1772694349| | Sign: QkK2ejBXOrzzSV4jPgTRCN3o6mGLRktd45VVnkr2Cp4=
[2026-03-05T07:05:49.934Z] GET /api/friend/myFriends | Body: 0 | Token: eyJraWQi | Raw: GET|/api/friend/myFriends|1772694349| | Sign: IrgqmEk7T+v+BdW6OzoeBeC3EQA0dvq0qQfn22Mv+UU=
[2026-03-05T07:05:50.081Z] GET /api/user/me | Body: 0 | Token: eyJraWQi | Raw: GET|/api/user/me|1772694350| | Sign: gVtdh/1t9vEfAS+ObTKYhGY1BUKhfAkWvK9tJCGMhEU=
[2026-03-05T07:05:50.207Z] GET /api/missions/current-user | Body: 0 | Token: eyJraWQi | Raw: GET|/api/missions/current-user|1772694350| | Sign: 2pydT3qfhJw1YUPCGhOB3m+TXfWddCrNRwBHW7Jqdv8=
[2026-03-05T07:05:50.332Z] GET /api/reaction/list | Body: 0 | Token: eyJraWQi | Raw: GET|/api/reaction/list|1772694350| | Sign: Em1jg2NWRBBGRUcoy7t219Yycfn3AxDuE5OMVSsK1dc=
[2026-03-05T07:05:50.467Z] GET /api/v1/notification/list | Body: 0 | Token: eyJraWQi | Raw: GET|/api/v1/notification/list|1772694350| | Sign: dxyn2JTDohtMOVkuuDEJUMZltD8mBiK2/+gWclmH5Vg=
[2026-03-05T07:05:50.583Z] GET /feed/home | Body: 0 | Token: eyJraWQi | Raw: GET|/feed/home|1772694350| | Sign: 3hzB3y9woPDtxnImFmpisgtuSyErUXNHnq2h1Uw62rY=
[2026-03-05T07:05:50.702Z] GET /api/surf/home | Body: 0 | Token: eyJraWQi | Raw: GET|/api/surf/home|1772694350| | Sign: mJqGUlUcF8SSBUBwzjRr5yH8NLMXQW97A/YBZcZINSg=
[2026-03-05T07:06:49.487Z] GET /api/user/me | Body: 0 | Token: eyJraWQi | Raw: GET|/api/user/me|1772694409| | Sign: gWq7XOaBhsqEWgpzWmj12EpFjTi7rsVkKMa2FBkBxsk=
[2026-03-05T07:06:49.736Z] GET /api/posts/background-color | Body: 0 | Token: eyJraWQi | Raw: GET|/api/posts/background-color|1772694409| | Sign: R/i+TgcCTZVkKYM7oaGpl0ycRdYDSWG9yFpry8Rn2Do=
[2026-03-05T07:06:49.846Z] GET /api/friend/myFriends | Body: 0 | Token: eyJraWQi | Raw: GET|/api/friend/myFriends|1772694409| | Sign: r1CL29LmWd0Nm8UbqKXyNsB5Y0mLP2ZF7a0L9uYLAdg=
[2026-03-05T07:06:50.002Z] GET /api/user/me | Body: 0 | Token: eyJraWQi | Raw: GET|/api/user/me|1772694410| | Sign: cQd548WB8pUqFUmgYNdFLGO9LGadQTu/OjfdGpealvM=
[2026-03-05T07:06:50.143Z] GET /api/missions/current-user | Body: 0 | Token: eyJraWQi | Raw: GET|/api/missions/current-user|1772694410| | Sign: o9koD1yN0hEED6Mw/wDWbTKpYatdkhI2jAknlAu/NvY=
[2026-03-05T07:06:50.285Z] GET /api/reaction/list | Body: 0 | Token: eyJraWQi | Raw: GET|/api/reaction/list|1772694410| | Sign: 0tT+mUHaBidFtg2DP+HXuQwIJD5MiM6pBdBTg5ZDfkA=
[2026-03-05T07:06:50.413Z] GET /api/v1/notification/list | Body: 0 | Token: eyJraWQi | Raw: GET|/api/v1/notification/list|1772694410| | Sign: 0hIAayoAB7AiVljDEy60dMOmxVO8HOj6nIPu8TRjKCs=
[2026-03-05T07:06:50.524Z] GET /feed/home | Body: 0 | Token: eyJraWQi | Raw: GET|/feed/home|1772694410| | Sign: WpLnrW57UsbnHrKR5FHmcprYYgGJc4siDObbk5rPq1U=
[2026-03-05T07:06:50.634Z] GET /api/surf/home | Body: 0 | Token: eyJraWQi | Raw: GET|/api/surf/home|1772694410| | Sign: D34E2HaX0aBaBZW0DeaA8pVA8XQCq11rfHkjar+l0wc=
[2026-03-05T07:07:49.489Z] GET /api/user/me | Body: 0 | Token: eyJraWQi | Raw: GET|/api/user/me|1772694469| | Sign: Up+v20BW2lV4wLIveWZVgAx2+4n+AcJWVjAllkArbHY=
[2026-03-05T07:07:49.864Z] GET /api/posts/background-color | Body: 0 | Token: eyJraWQi | Raw: GET|/api/posts/background-color|1772694469| | Sign: tpEaJBeplCjKSDUA85sSr7qRWA6iJVsxeiNtr+sHBJw=
[2026-03-05T07:07:50.020Z] GET /api/friend/myFriends | Body: 0 | Token: eyJraWQi | Raw: GET|/api/friend/myFriends|1772694470| | Sign: D5eU69ZozOlYm8ANTpDj53gNRKth85/YBbof7a35nCU=
[2026-03-05T07:07:50.154Z] GET /api/user/me | Body: 0 | Token: eyJraWQi | Raw: GET|/api/user/me|1772694470| | Sign: 5tsWvHBJEzKyJzYhiSIdOZKDWo9f+Quoovxz3SqihW0=
[2026-03-05T07:07:50.319Z] GET /api/missions/current-user | Body: 0 | Token: eyJraWQi | Raw: GET|/api/missions/current-user|1772694470| | Sign: nU2wgmZmc8Iiy4zaY3azaHki67ev5tu2/62td4l5eos=
[2026-03-05T07:07:50.465Z] GET /api/reaction/list | Body: 0 | Token: eyJraWQi | Raw: GET|/api/reaction/list|1772694470| | Sign: zzFD8ZtYq6IVLw4fTnzPFz94a5WumpMNs4auSnKKpXI=
[2026-03-05T07:07:50.641Z] GET /api/v1/notification/list | Body: 0 | Token: eyJraWQi | Raw: GET|/api/v1/notification/list|1772694470| | Sign: G0Elu5TngoLg52raRgtFUbtjE8y4aJLQRn7PQAOA7kM=
[2026-03-05T07:07:50.750Z] GET /feed/home | Body: 0 | Token: eyJraWQi | Raw: GET|/feed/home|1772694470| | Sign: j4bIkgsbzNqYn5cW8oO50r3wjg+gAZgpt/CUCbVQqZk=
[2026-03-05T07:07:50.912Z] GET /api/surf/home | Body: 0 | Token: eyJraWQi | Raw: GET|/api/surf/home|1772694470| | Sign: WEh9wHv/86eTxO7Dua0YYvjFxon2S9xi/KbDyvtc5uE=
[2026-03-05T07:08:49.502Z] GET /api/user/me | Body: 0 | Token: eyJraWQi | Raw: GET|/api/user/me|1772694529| | Sign: oLLguepiIlcIzY8br94KyOKuw75XjVOFWPQ5/vklBxk=
[2026-03-05T07:08:49.817Z] GET /api/posts/background-color | Body: 0 | Token: eyJraWQi | Raw: GET|/api/posts/background-color|1772694529| | Sign: 4DS6XO6jw9g4Ahj9Beh6FWeVbif09GvDcWIXgUTjeDs=
[2026-03-05T07:08:49.939Z] GET /api/friend/myFriends | Body: 0 | Token: eyJraWQi | Raw: GET|/api/friend/myFriends|1772694529| | Sign: hB+0PvZsiyFQJ8B9ueEhAKr7Ao5ibpbvkb1R5MO78FA=
[2026-03-05T07:08:50.102Z] GET /api/user/me | Body: 0 | Token: eyJraWQi | Raw: GET|/api/user/me|1772694530| | Sign: xQDPqBVo4WpN0pLIuH2vp4V6pbm7N7FFReBPwWxNeGM=
[2026-03-05T07:08:50.257Z] GET /api/missions/current-user | Body: 0 | Token: eyJraWQi | Raw: GET|/api/missions/current-user|1772694530| | Sign: aVCMX3f4IbL4PwiYv+s4WJz1B2zLp2Itxl4Jsrd4f/0=
[2026-03-05T07:08:50.386Z] GET /api/reaction/list | Body: 0 | Token: eyJraWQi | Raw: GET|/api/reaction/list|1772694530| | Sign: 5VD1L7kSQwtDrQMWqUcBi4blN8vXNiIVQZuXAugtPGU=
[2026-03-05T07:08:50.516Z] GET /api/v1/notification/list | Body: 0 | Token: eyJraWQi | Raw: GET|/api/v1/notification/list|1772694530| | Sign: 1NLLYXjiz7eFCUziVi9LoICNHVqMiFLuFYIAP1CdJCY=
[2026-03-05T07:08:50.635Z] GET /feed/home | Body: 0 | Token: eyJraWQi | Raw: GET|/feed/home|1772694530| | Sign: iMoGrg52dYDguxhR9iQEy3VakuNmV0eXlW6BP3Mg6Ks=
[2026-03-05T07:08:50.761Z] GET /api/surf/home | Body: 0 | Token: eyJraWQi | Raw: GET|/api/surf/home|1772694530| | Sign: cCallvPiKZJqdFL6Ocnvb4Bbv+zPcrAwY4FsrMIym+Y=
[2026-03-05T07:09:49.503Z] GET /api/user/me | Body: 0 | Token: eyJraWQi | Raw: GET|/api/user/me|1772694589| | Sign: RF5lyW5OelmfYpxDYK3LLCtga7l05YqZ885TSOnQ5Zo=
[2026-03-05T07:09:49.797Z] GET /api/posts/background-color | Body: 0 | Token: eyJraWQi | Raw: GET|/api/posts/background-color|1772694589| | Sign: RKZdRdJoCZ+kPF1QCc7tSLx2XmEJ9qI7i1CwNpAxY2A=
[2026-03-05T07:09:49.968Z] GET /api/friend/myFriends | Body: 0 | Token: eyJraWQi | Raw: GET|/api/friend/myFriends|1772694589| | Sign: HgR1BRTw4WxV6StpYe+GQNJLGqsvjDgbrKnNfk//zO8=
[2026-03-05T07:09:50.186Z] GET /api/user/me | Body: 0 | Token: eyJraWQi | Raw: GET|/api/user/me|1772694590| | Sign: QI1xBGeSH8uMQRIvyyQdiLdwSCsEOcd0FvZNdOuskZk=
[2026-03-05T07:09:50.362Z] GET /api/missions/current-user | Body: 0 | Token: eyJraWQi | Raw: GET|/api/missions/current-user|1772694590| | Sign: 9l7ykmzV0uKDnu43tMh1ZFyTqLznP9IIqwOPlCWEvOQ=
[2026-03-05T07:09:50.535Z] GET /api/reaction/list | Body: 0 | Token: eyJraWQi | Raw: GET|/api/reaction/list|1772694590| | Sign: YZexDVXxNmtd2K/LMhjJlge0+m4Qh7FqMv6LF6TOmAI=
[2026-03-05T07:09:50.720Z] GET /api/v1/notification/list | Body: 0 | Token: eyJraWQi | Raw: GET|/api/v1/notification/list|1772694590| | Sign: oZ3xAc6OKlutez9hbJe5E80PoFeNSO7caGvBIq5eNJs=
[2026-03-05T07:09:50.883Z] GET /feed/home | Body: 0 | Token: eyJraWQi | Raw: GET|/feed/home|1772694590| | Sign: jy77fTs/xh3la7kt6mK7t49oPiknpfQ7DmUxJ/KjR7A=
[2026-03-05T07:09:51.051Z] GET /api/surf/home | Body: 0 | Token: eyJraWQi | Raw: GET|/api/surf/home|1772694591| | Sign: vMw9oVKIS+f97NJVr0DswifqCjI8ah1faXUch0UWvDw=
[2026-03-05T07:10:49.516Z] POST /api/auth/login | Body: 57 | Token: None | Raw: POST|/api/auth/login|1772694649|{"username":"longh1248@gmail.com","password":"Admin@123"} | Sign: IRkH5oFBEbL6KcBJ9VhhY4ZjGeq12phswhIssytqgvM=
[2026-03-05T07:10:49.993Z] GET /api/user/me | Body: 0 | Token: eyJraWQi | Raw: GET|/api/user/me|1772694649| | Sign: 6sxGog9iGYs9RIRWkyo5Q/wdue25rxHk7mrPFgpiSM0=
[2026-03-05T07:10:50.144Z] GET /api/posts/background-color | Body: 0 | Token: eyJraWQi | Raw: GET|/api/posts/background-color|1772694650| | Sign: Z3ljwsHwR+AQSWapD6wnJkiMV8Y5xdx72ivN9/1RCZ8=
[2026-03-05T07:10:50.267Z] GET /api/friend/myFriends | Body: 0 | Token: eyJraWQi | Raw: GET|/api/friend/myFriends|1772694650| | Sign: zN0rktt5wFWsYIcvq1sVU0nRjvs4PZWQnXHsna1gcXs=
[2026-03-05T07:10:50.454Z] GET /api/user/me | Body: 0 | Token: eyJraWQi | Raw: GET|/api/user/me|1772694650| | Sign: zuP6bYlVeRlg/gjGFtJpgWQ8JuJZ5LFOooKiUwu1k40=
[2026-03-05T07:10:50.618Z] GET /api/missions/current-user | Body: 0 | Token: eyJraWQi | Raw: GET|/api/missions/current-user|1772694650| | Sign: BhnBY3vWRR5qTht7PYfuZa2dmaM1SoANhsNAKTo/bFY=
[2026-03-05T07:10:50.839Z] GET /api/reaction/list | Body: 0 | Token: eyJraWQi | Raw: GET|/api/reaction/list|1772694650| | Sign: KWPVY02J76hRsuspNeRBtAq5BVwqtmJiLPC3WTRclrY=
[2026-03-05T07:10:50.985Z] GET /api/v1/notification/list | Body: 0 | Token: eyJraWQi | Raw: GET|/api/v1/notification/list|1772694650| | Sign: z4nqx5+QhinHezaVlyy5ZKsPVqfOx3kxG6Izv948Tg0=
[2026-03-05T07:10:51.181Z] GET /feed/home | Body: 0 | Token: eyJraWQi | Raw: GET|/feed/home|1772694651| | Sign: 6dPnUQ8JLPBFNtku0gMBfbGVt/eW7xwBcLwfcRX7rw4=
[2026-03-05T07:10:51.302Z] GET /api/surf/home | Body: 0 | Token: eyJraWQi | Raw: GET|/api/surf/home|1772694651| | Sign: IbpKQBnVvjIfhzJFJMmikSRWUsXFVU6sitTmaIfGL6k=
[2026-03-05T07:11:49.519Z] GET /api/user/me | Body: 0 | Token: eyJraWQi | Raw: GET|/api/user/me|1772694709| | Sign: xBWzCaR9IR4nva1UR+/H9lvDgs840ViDsVuCUC4FK2o=
[2026-03-05T07:11:49.870Z] GET /api/posts/background-color | Body: 0 | Token: eyJraWQi | Raw: GET|/api/posts/background-color|1772694709| | Sign: 2+73mVPhd7N/nkELt6MJKW4Kw/OqABCWDk3ylxoYKpw=
[2026-03-05T07:11:49.998Z] GET /api/friend/myFriends | Body: 0 | Token: eyJraWQi | Raw: GET|/api/friend/myFriends|1772694709| | Sign: vH/qGQbOEfIkHzSiJ2xsBgYEVQmmp06Uig+4ASMPdms=
[2026-03-05T07:11:50.189Z] GET /api/user/me | Body: 0 | Token: eyJraWQi | Raw: GET|/api/user/me|1772694710| | Sign: FAcF227jAxId97palQensrTCiVbPMVavuBAu4s6YEHQ=
[2026-03-05T07:11:50.322Z] GET /api/missions/current-user | Body: 0 | Token: eyJraWQi | Raw: GET|/api/missions/current-user|1772694710| | Sign: JYYc02lQP/R9UhJjBcRUjT+xe62rc/1K2FJ5NG8s/h0=
[2026-03-05T07:11:50.473Z] GET /api/reaction/list | Body: 0 | Token: eyJraWQi | Raw: GET|/api/reaction/list|1772694710| | Sign: c3UUFrB9wSIaeNJtO1+8DP0BDZ/MAaQbLYO71T7hn5s=
[2026-03-05T07:11:50.611Z] GET /api/v1/notification/list | Body: 0 | Token: eyJraWQi | Raw: GET|/api/v1/notification/list|1772694710| | Sign: TuzYBIZduqzv7ViOaRJz3E5Wb3ScmYSelnDSJcZQt8o=
[2026-03-05T07:11:50.730Z] GET /feed/home | Body: 0 | Token: eyJraWQi | Raw: GET|/feed/home|1772694710| | Sign: s0jKjA737uz6tCORWtBgSEtJK1U6wn6P+NRAxPjBZl4=
[2026-03-05T07:11:50.849Z] GET /api/surf/home | Body: 0 | Token: eyJraWQi | Raw: GET|/api/surf/home|1772694710| | Sign: YBnvjCz9WqMsAwXIn3RHvXUN/RRybStBunVA5Y0+HZM=
[2026-03-05T07:12:49.521Z] GET /api/user/me | Body: 0 | Token: eyJraWQi | Raw: GET|/api/user/me|1772694769| | Sign: Zgb703KsJb4aYb+0ZEzhA+bbV8qXVPkXt94Y9/ZOOuw=
[2026-03-05T07:12:49.855Z] GET /api/posts/background-color | Body: 0 | Token: eyJraWQi | Raw: GET|/api/posts/background-color|1772694769| | Sign: Q5rrhlU+ewT02+9fanaJM97bm+scsQN4f92k+nxL7rA=
[2026-03-05T07:12:50.025Z] GET /api/friend/myFriends | Body: 0 | Token: eyJraWQi | Raw: GET|/api/friend/myFriends|1772694770| | Sign: CO9GIPai7OrS5IuB34VU2l18kXetkjXtnuKhzoVeaY0=
[2026-03-05T07:12:50.227Z] GET /api/user/me | Body: 0 | Token: eyJraWQi | Raw: GET|/api/user/me|1772694770| | Sign: wjILk0IRr7NCaS2j32Mq8bWBtcQPnrFq+LE/lfFPR1s=
[2026-03-05T07:12:50.404Z] GET /api/missions/current-user | Body: 0 | Token: eyJraWQi | Raw: GET|/api/missions/current-user|1772694770| | Sign: IxHukdzmAlEIpPIyf+kFBMr5esowKBwvfr11tLCYvvE=
[2026-03-05T07:12:50.533Z] GET /api/reaction/list | Body: 0 | Token: eyJraWQi | Raw: GET|/api/reaction/list|1772694770| | Sign: bNafqeBgkKTsYstekb1QxrAzVefHD+67l8IETMsZb0E=
[2026-03-05T07:12:50.725Z] GET /api/v1/notification/list | Body: 0 | Token: eyJraWQi | Raw: GET|/api/v1/notification/list|1772694770| | Sign: desikipecwVNBE+M4/9zDHTOVMP1ubLBKeBpEXO6pKg=
[2026-03-05T07:12:50.840Z] GET /feed/home | Body: 0 | Token: eyJraWQi | Raw: GET|/feed/home|1772694770| | Sign: 3a2MaQFjFeHAmbI8M1rsaAcZPUO7PT/0Kh6u/4dY7fs=
[2026-03-05T07:12:51.006Z] GET /api/surf/home | Body: 0 | Token: eyJraWQi | Raw: GET|/api/surf/home|1772694771| | Sign: YcBWpgVpnsMvUufwzic19QZo58uXrxT8gFX7qUxeDSY=
[2026-03-05T07:13:49.524Z] GET /api/user/me | Body: 0 | Token: eyJraWQi | Raw: GET|/api/user/me|1772694829| | Sign: dy4Nyxi4q1kktwLnAG33PKEY6U7Jrlxa7bX7Iop8Tg8=
[2026-03-05T07:13:50.410Z] GET /api/posts/background-color | Body: 0 | Token: eyJraWQi | Raw: GET|/api/posts/background-color|1772694830| | Sign: HefRY/nwl2PR5W4oKKq36qzHmrSiGSK9q0mijbup2yQ=
[2026-03-05T07:13:50.531Z] GET /api/friend/myFriends | Body: 0 | Token: eyJraWQi | Raw: GET|/api/friend/myFriends|1772694830| | Sign: NoWE7NCwYvAhF7906RsIdhacv0RnK2eKRngYAPMnIv4=
[2026-03-05T07:13:50.662Z] GET /api/user/me | Body: 0 | Token: eyJraWQi | Raw: GET|/api/user/me|1772694830| | Sign: wmAjkKKGncziY+O6i+cRVofxbSyK3tN5t3RMO+Jmumo=
[2026-03-05T07:13:50.785Z] GET /api/missions/current-user | Body: 0 | Token: eyJraWQi | Raw: GET|/api/missions/current-user|1772694830| | Sign: guNbuDcKlztwgu42tMyp1Ipy2TaayxEsxlDWFS020Qo=
[2026-03-05T07:13:50.913Z] GET /api/reaction/list | Body: 0 | Token: eyJraWQi | Raw: GET|/api/reaction/list|1772694830| | Sign: OnoIsTOdbKG4e5VR/7P+rC97lheuYxHUHINEzcyzso4=
[2026-03-05T07:13:51.036Z] GET /api/v1/notification/list | Body: 0 | Token: eyJraWQi | Raw: GET|/api/v1/notification/list|1772694831| | Sign: rnvJERHvqA5WL/p49OG/e8N9tGoRsZqWljGGvjb/02o=
[2026-03-05T07:13:51.154Z] GET /feed/home | Body: 0 | Token: eyJraWQi | Raw: GET|/feed/home|1772694831| | Sign: a2x2tEYYEw4a0kITyRlKb0REbyTuMGCKqgCINdl8bws=
[2026-03-05T07:13:51.267Z] GET /api/surf/home | Body: 0 | Token: eyJraWQi | Raw: GET|/api/surf/home|1772694831| | Sign: 4b7NSAerLATSFQxBL4xdE/Oc/BLT7QkdMBMuxsiAdwo=
[2026-03-05T07:14:49.536Z] GET /api/user/me | Body: 0 | Token: eyJraWQi | Raw: GET|/api/user/me|1772694889| | Sign: ZwBhINjsRlARJgLw1VaoNZ35jj1oDLTiNCJ0BQA2+oo=
[2026-03-05T07:14:49.858Z] GET /api/posts/background-color | Body: 0 | Token: eyJraWQi | Raw: GET|/api/posts/background-color|1772694889| | Sign: UdKvnuZnTYeQG9ds7rohfF/qiANyDlyrm3BYeKt2kqE=
[2026-03-05T07:14:49.974Z] GET /api/friend/myFriends | Body: 0 | Token: eyJraWQi | Raw: GET|/api/friend/myFriends|1772694889| | Sign: p+Hk3hwRpeOHDNOfRomrWLC+kXHFl8qF1xIIjT4ltfc=
[2026-03-05T07:14:50.176Z] GET /api/user/me | Body: 0 | Token: eyJraWQi | Raw: GET|/api/user/me|1772694890| | Sign: WtMBOExfclWelJmONQ8tEWpuEjVMEEXhC9XBWO3fGcE=
[2026-03-05T07:14:50.307Z] GET /api/missions/current-user | Body: 0 | Token: eyJraWQi | Raw: GET|/api/missions/current-user|1772694890| | Sign: PNn5Lo+4s8e6q5qpglwZkfXHf49RBBgwGApM/G3UlhU=
[2026-03-05T07:14:50.532Z] GET /api/reaction/list | Body: 0 | Token: eyJraWQi | Raw: GET|/api/reaction/list|1772694890| | Sign: ZHgAv/VPU1hu3xh14lfyV1Hp2iWhE0WZ8vsPhmgJELI=
[2026-03-05T07:14:50.668Z] GET /api/v1/notification/list | Body: 0 | Token: eyJraWQi | Raw: GET|/api/v1/notification/list|1772694890| | Sign: DsrLFNn4+W3AL5dIlwNyYU0Hdd0sEanVA1L3XyGsFuY=
[2026-03-05T07:14:50.838Z] GET /feed/home | Body: 0 | Token: eyJraWQi | Raw: GET|/feed/home|1772694890| | Sign: 5vPWDMVaFZx5Ez01QFgxnXC4PDtamOTcpqtSE2q6tHA=
[2026-03-05T07:14:50.961Z] GET /api/surf/home | Body: 0 | Token: eyJraWQi | Raw: GET|/api/surf/home|1772694890| | Sign: GS4eVHv4DOxsq6xHuZELwx8Uc3wGrv2WIVHtDTJj4CY=
[2026-03-05T07:15:49.542Z] GET /api/user/me | Body: 0 | Token: eyJraWQi | Raw: GET|/api/user/me|1772694949| | Sign: Pp97OHomSNIllq7/VwqwaWFWPjkjxb2pxaGrisMCUeI=
[2026-03-05T07:15:49.867Z] GET /api/posts/background-color | Body: 0 | Token: eyJraWQi | Raw: GET|/api/posts/background-color|1772694949| | Sign: 6p6kJP8xA1QnoziigPu+zIHXOw2eMSBfAQo/H7VuxQ8=
[2026-03-05T07:15:50.041Z] GET /api/friend/myFriends | Body: 0 | Token: eyJraWQi | Raw: GET|/api/friend/myFriends|1772694950| | Sign: AISIz+reyhc4RYPhvzY0AY16id+ajaQ1AL/wi5UqVNs=
[2026-03-05T07:15:50.218Z] GET /api/user/me | Body: 0 | Token: eyJraWQi | Raw: GET|/api/user/me|1772694950| | Sign: pTgZdSmr69lLiH7lSVBHuwEqWojLlsxDw0BwMg8EpQw=
[2026-03-05T07:15:50.396Z] GET /api/missions/current-user | Body: 0 | Token: eyJraWQi | Raw: GET|/api/missions/current-user|1772694950| | Sign: li4CsNfRJ8Bw2JCfeCcoSOOqP5OQVT0eqSTe13f9i0E=
[2026-03-05T07:15:50.583Z] GET /api/reaction/list | Body: 0 | Token: eyJraWQi | Raw: GET|/api/reaction/list|1772694950| | Sign: WztNH9SMCFVCPztH/gs3xzreEL5rGueC6rrPYJQPJrg=
[2026-03-05T07:15:50.763Z] GET /api/v1/notification/list | Body: 0 | Token: eyJraWQi | Raw: GET|/api/v1/notification/list|1772694950| | Sign: nnS2n5jM4osNMRL1phgfi5CZjnmP2P5muvuI/VoXJcs=
[2026-03-05T07:15:50.925Z] GET /feed/home | Body: 0 | Token: eyJraWQi | Raw: GET|/feed/home|1772694950| | Sign: VWZhc8YJarRNJPqc+xiSsMY05gLUJXxIynkFTEhppjs=
[2026-03-05T07:15:51.092Z] GET /api/surf/home | Body: 0 | Token: eyJraWQi | Raw: GET|/api/surf/home|1772694951| | Sign: VyJuw2dN9qfE+ey8Emf7obkcCu1kdeEXaJVh7765sKU=
[2026-03-05T07:16:49.552Z] GET /api/user/me | Body: 0 | Token: eyJraWQi | Raw: GET|/api/user/me|1772695009| | Sign: 6jCNQa/bOKLuwXkzgCwMejAdiInFwHHZNx3kJWYrxzY=
[2026-03-05T07:16:49.921Z] GET /api/posts/background-color | Body: 0 | Token: eyJraWQi | Raw: GET|/api/posts/background-color|1772695009| | Sign: GTyfFKf9uK4p2vGHVHFwcAhvTfQlCg87HKlHYj7Nk6s=
[2026-03-05T07:16:50.047Z] GET /api/friend/myFriends | Body: 0 | Token: eyJraWQi | Raw: GET|/api/friend/myFriends|1772695010| | Sign: b29rDVgwswTsjGqpCdF7L2OF5MNxbTama3+tsCBV2wU=
[2026-03-05T07:16:50.199Z] GET /api/user/me | Body: 0 | Token: eyJraWQi | Raw: GET|/api/user/me|1772695010| | Sign: jFJRTpHtflYnbunVN89uRirRdyRF3lbp7QoWbOIxsEE=
[2026-03-05T07:16:50.349Z] GET /api/missions/current-user | Body: 0 | Token: eyJraWQi | Raw: GET|/api/missions/current-user|1772695010| | Sign: 1oUEaeLRwxTuEjhjHX2oHznNbsfT095KCaw/K0TrJYk=
[2026-03-05T07:16:50.482Z] GET /api/reaction/list | Body: 0 | Token: eyJraWQi | Raw: GET|/api/reaction/list|1772695010| | Sign: Nev6gt6LShqImLTZijY/EbFqICZsZpMwFLGQR80fuGU=
[2026-03-05T07:16:50.613Z] GET /api/v1/notification/list | Body: 0 | Token: eyJraWQi | Raw: GET|/api/v1/notification/list|1772695010| | Sign: mz7wwUG0c7EkhKG4CT7bru9PWnVzWM/XDjPxNSwWtp8=
[2026-03-05T07:16:50.737Z] GET /feed/home | Body: 0 | Token: eyJraWQi | Raw: GET|/feed/home|1772695010| | Sign: qjAVled5uxCQmbL/hEIZ73BNG350PQUxMjL2gj59mAs=
[2026-03-05T07:16:50.861Z] GET /api/surf/home | Body: 0 | Token: eyJraWQi | Raw: GET|/api/surf/home|1772695010| | Sign: 4KqGN1AgBDHuQqf/pTYCJHSct0+6i+U/7x4a+Fe9Pgw=
[2026-03-05T07:17:49.555Z] GET /api/user/me | Body: 0 | Token: eyJraWQi | Raw: GET|/api/user/me|1772695069| | Sign: I4/+lIhryvY5wgdxGaKvbDIU8zv+3iJ2IZi/ucvcGT8=
[2026-03-05T07:17:49.854Z] GET /api/posts/background-color | Body: 0 | Token: eyJraWQi | Raw: GET|/api/posts/background-color|1772695069| | Sign: KymtmnKvYbISDan4MyKA31fI8WcMjfS4MKe8WXYuJEU=
[2026-03-05T07:17:49.964Z] GET /api/friend/myFriends | Body: 0 | Token: eyJraWQi | Raw: GET|/api/friend/myFriends|1772695069| | Sign: echa4+DLOAC6mMI0LT3zHhMoRbk4u18sXnrh9dMieKU=
[2026-03-05T07:17:50.117Z] GET /api/user/me | Body: 0 | Token: eyJraWQi | Raw: GET|/api/user/me|1772695070| | Sign: uN4j/0MyyE9QdgNqrzZCIaV/xZ20dtAO0AxPO4vfdOw=
[2026-03-05T07:17:50.267Z] GET /api/missions/current-user | Body: 0 | Token: eyJraWQi | Raw: GET|/api/missions/current-user|1772695070| | Sign: FUOzD3G+Q9jpSnCqKBhpo5xgmTCQ44Ez85QyvPgNg3w=
[2026-03-05T07:17:50.392Z] GET /api/reaction/list | Body: 0 | Token: eyJraWQi | Raw: GET|/api/reaction/list|1772695070| | Sign: 5JPs8Ef7QmIZ/hnWOVf3gh4bkb0R/BgXSR3ZTw6f9E4=
[2026-03-05T07:17:50.514Z] GET /api/v1/notification/list | Body: 0 | Token: eyJraWQi | Raw: GET|/api/v1/notification/list|1772695070| | Sign: opGFsjxZS55mVbIhNfQvdiqxuXsnpiLxPNJGSPcjAhc=
[2026-03-05T07:17:50.622Z] GET /feed/home | Body: 0 | Token: eyJraWQi | Raw: GET|/feed/home|1772695070| | Sign: dK1y4txMrVa30+JhTHtlz3F7TEywQLd1HfzkEgV48TQ=
[2026-03-05T07:17:50.732Z] GET /api/surf/home | Body: 0 | Token: eyJraWQi | Raw: GET|/api/surf/home|1772695070| | Sign: upB8llE8rH0EhwXkvD+Z0d+YQmMMSKgmghJg5XOsRhQ=
[2026-03-05T07:18:49.556Z] POST /api/auth/login | Body: 57 | Token: None | Raw: POST|/api/auth/login|1772695129|{"username":"longh1248@gmail.com","password":"Admin@123"} | Sign: XcNDYAt5UYfpkyCqf6ioByLkVbDrXzhBLjvkgkfVvqM=
[2026-03-05T07:18:50.085Z] GET /api/user/me | Body: 0 | Token: eyJraWQi | Raw: GET|/api/user/me|1772695130| | Sign: hQUe6DOSN6BJ5gyvLMlIk+mjmihTKTvum783IDn1awQ=
[2026-03-05T07:18:50.232Z] GET /api/posts/background-color | Body: 0 | Token: eyJraWQi | Raw: GET|/api/posts/background-color|1772695130| | Sign: KyUCAq4R3qIPaKp27eM9wRh56Ef+9Cue5h/x8beMzMc=
[2026-03-05T07:18:50.349Z] GET /api/friend/myFriends | Body: 0 | Token: eyJraWQi | Raw: GET|/api/friend/myFriends|1772695130| | Sign: GXpNMNg6T9ER04H0YX6nUaBLmH6oD9Qrlk64Oxz+Hjw=
[2026-03-05T07:18:50.522Z] GET /api/user/me | Body: 0 | Token: eyJraWQi | Raw: GET|/api/user/me|1772695130| | Sign: hQUe6DOSN6BJ5gyvLMlIk+mjmihTKTvum783IDn1awQ=
[2026-03-05T07:18:50.673Z] GET /api/missions/current-user | Body: 0 | Token: eyJraWQi | Raw: GET|/api/missions/current-user|1772695130| | Sign: tMCA1IjXoiXI3NUFlFp/YxxN1zD4Lao1VoxVl+5C/ws=
[2026-03-05T07:18:50.873Z] GET /api/reaction/list | Body: 0 | Token: eyJraWQi | Raw: GET|/api/reaction/list|1772695130| | Sign: E6Ii3ih1n7eEDqSQqyNW6jlZniiSfmuLaZWPznI2OjU=
[2026-03-05T07:18:50.994Z] GET /api/v1/notification/list | Body: 0 | Token: eyJraWQi | Raw: GET|/api/v1/notification/list|1772695130| | Sign: mzd/JmkaTv+EN9MNQ0Tlevo9a3uCjM1n73Br4QFdh3o=
[2026-03-05T07:18:51.115Z] GET /feed/home | Body: 0 | Token: eyJraWQi | Raw: GET|/feed/home|1772695131| | Sign: Vr/NJOW7tj5WXcO4trgu2DiTObgkP5B/FAm1aMbCSGY=
[2026-03-05T07:18:51.231Z] GET /api/surf/home | Body: 0 | Token: eyJraWQi | Raw: GET|/api/surf/home|1772695131| | Sign: 6tp0AIVtC4XedB5HTvDUsVfGKqcABSSmjAsnFT6FcC4=
[2026-03-05T07:19:49.563Z] GET /api/user/me | Body: 0 | Token: eyJraWQi | Raw: GET|/api/user/me|1772695189| | Sign: yaiU0ke7+vULIZk4nxp0GMAGlFt070BoIpgr/muwFNA=
[2026-03-05T07:19:49.834Z] GET /api/posts/background-color | Body: 0 | Token: eyJraWQi | Raw: GET|/api/posts/background-color|1772695189| | Sign: SIVgtHmgAtHWP6N9738S6nyymxuATUuhj8IodPli8SU=
[2026-03-05T07:19:49.956Z] GET /api/friend/myFriends | Body: 0 | Token: eyJraWQi | Raw: GET|/api/friend/myFriends|1772695189| | Sign: aYOIKZw51BiC2RG8tZxhg9GsSXQ0Dn9vgifh4BAsf2A=
[2026-03-05T07:19:50.121Z] GET /api/user/me | Body: 0 | Token: eyJraWQi | Raw: GET|/api/user/me|1772695190| | Sign: WpOdk+AR1uaTFYHt4Z0cOpD0k2IOklmWvSk7QS47BU4=
[2026-03-05T07:19:50.278Z] GET /api/missions/current-user | Body: 0 | Token: eyJraWQi | Raw: GET|/api/missions/current-user|1772695190| | Sign: X+/qzqY0ET8L3qUB4gXhBg54lrQU7AGsc55vj1gSQP0=
[2026-03-05T07:19:50.415Z] GET /api/reaction/list | Body: 0 | Token: eyJraWQi | Raw: GET|/api/reaction/list|1772695190| | Sign: 73ws88LMeGrgZ5gxA87Boewf1Pns64bWXtBl+s1OOfI=
[2026-03-05T07:19:50.544Z] GET /api/v1/notification/list | Body: 0 | Token: eyJraWQi | Raw: GET|/api/v1/notification/list|1772695190| | Sign: UC0WOwUNS2bCjx0fY5Rj3BTXW/NXF5fGpEHXcA2UiGs=
[2026-03-05T07:19:50.670Z] GET /feed/home | Body: 0 | Token: eyJraWQi | Raw: GET|/feed/home|1772695190| | Sign: gBpA87nX02TWpW4aSbLX3Kyo7UVXVGQLnVAkjkt2K4g=
[2026-03-05T07:19:50.796Z] GET /api/surf/home | Body: 0 | Token: eyJraWQi | Raw: GET|/api/surf/home|1772695190| | Sign: RPvj9kFIvIbo3vAN8GmYOsBAX5ztFUNf8zz7ClOJIBs=
[2026-03-05T07:20:49.578Z] GET /api/user/me | Body: 0 | Token: eyJraWQi | Raw: GET|/api/user/me|1772695249| | Sign: yqPIEUuYqlei1QAQ9nW0TXY1eDRxkadJmcgtJwGxy70=
[2026-03-05T07:20:50.022Z] GET /api/posts/background-color | Body: 0 | Token: eyJraWQi | Raw: GET|/api/posts/background-color|1772695250| | Sign: VQzG9QshQ/lW72rAmGKX/LJhxX0q/sWcniBK4mpZHA4=
[2026-03-05T07:20:50.184Z] GET /api/friend/myFriends | Body: 0 | Token: eyJraWQi | Raw: GET|/api/friend/myFriends|1772695250| | Sign: DrYWD0+dMGxk4eSGbF3kHNVbp+0aoqOstVRN6cbspzE=
[2026-03-05T07:20:50.355Z] GET /api/user/me | Body: 0 | Token: eyJraWQi | Raw: GET|/api/user/me|1772695250| | Sign: we6oRB4WwRJTUdG4l6GzHleFiQnG6og0vUkgZBT1x7U=
[2026-03-05T07:20:50.557Z] GET /api/missions/current-user | Body: 0 | Token: eyJraWQi | Raw: GET|/api/missions/current-user|1772695250| | Sign: O0HCubTl5brqDl4/DrEQ/jN2B53ki6RS6pGimRBdBUo=
[2026-03-05T07:20:50.730Z] GET /api/reaction/list | Body: 0 | Token: eyJraWQi | Raw: GET|/api/reaction/list|1772695250| | Sign: q6XZSJX5JyqxocTwEp7Tz179lH5jTeRzap5Lh1dJ980=
[2026-03-05T07:20:50.908Z] GET /api/v1/notification/list | Body: 0 | Token: eyJraWQi | Raw: GET|/api/v1/notification/list|1772695250| | Sign: v0QM/u7KxUDo7htyi1KMy1A4seG7HxYDmyx5rw5jCbQ=
[2026-03-05T07:20:51.069Z] GET /feed/home | Body: 0 | Token: eyJraWQi | Raw: GET|/feed/home|1772695251| | Sign: zTgwluMt3Dn6bISEOoMPjxpilfr7wDMgkdiRO8Y6ZUU=
[2026-03-05T07:20:51.228Z] GET /api/surf/home | Body: 0 | Token: eyJraWQi | Raw: GET|/api/surf/home|1772695251| | Sign: EmHZC6rPJc48DSLzlgzs6IZ4KdSV5U08tsRDJcxmkfY=
[2026-03-05T07:21:49.584Z] GET /api/user/me | Body: 0 | Token: eyJraWQi | Raw: GET|/api/user/me|1772695309| | Sign: uREVQY2hCgYTypwHYRAEpvlhqAbeB5oObwK90+xxIZ0=
[2026-03-05T07:21:49.897Z] GET /api/posts/background-color | Body: 0 | Token: eyJraWQi | Raw: GET|/api/posts/background-color|1772695309| | Sign: hf/8QNW9rGY+10k3zXXg1IlIXugVKTeHYBHmsKy6Kds=
[2026-03-05T07:21:50.013Z] GET /api/friend/myFriends | Body: 0 | Token: eyJraWQi | Raw: GET|/api/friend/myFriends|1772695310| | Sign: zeioUO2g9ci6eLU4BmccbByHO8MXntPmz8sRUZs15+o=
[2026-03-05T07:21:50.163Z] GET /api/user/me | Body: 0 | Token: eyJraWQi | Raw: GET|/api/user/me|1772695310| | Sign: n/k3LMD+Evpn027Do0caMkq05Hkh4QmtL9lyA2RSH4o=
[2026-03-05T07:21:50.300Z] GET /api/missions/current-user | Body: 0 | Token: eyJraWQi | Raw: GET|/api/missions/current-user|1772695310| | Sign: FR6Al/foT08GeblmVYdZNc0QrrSXx0ZjynVUn40gTZc=
[2026-03-05T07:21:50.420Z] GET /api/reaction/list | Body: 0 | Token: eyJraWQi | Raw: GET|/api/reaction/list|1772695310| | Sign: lPttELGnph2M4ZNPPfpWZxusnoJjNbhLcJZxMQyPof4=
[2026-03-05T07:21:50.541Z] GET /api/v1/notification/list | Body: 0 | Token: eyJraWQi | Raw: GET|/api/v1/notification/list|1772695310| | Sign: MR36Poxcs9WlIxCRxcipkgk0MeHwbimpu3D+5nDrCSI=
[2026-03-05T07:21:50.650Z] GET /feed/home | Body: 0 | Token: eyJraWQi | Raw: GET|/feed/home|1772695310| | Sign: Sb8TVQWBTebu5UWwJnkp7HfDEWDL+1RPDWOUp2ykVlk=
[2026-03-05T07:21:50.763Z] GET /api/surf/home | Body: 0 | Token: eyJraWQi | Raw: GET|/api/surf/home|1772695310| | Sign: pC+dPTctN7jyYv3vGhnDwSjHm77ACbEodOg/GMroSy8=
[2026-03-05T07:22:49.595Z] GET /api/user/me | Body: 0 | Token: eyJraWQi | Raw: GET|/api/user/me|1772695369| | Sign: nfD/QbCpK7MTh2zCEWtR3qvt2h9Z7lZjSegfMRvLaPw=
[2026-03-05T07:22:49.884Z] GET /api/posts/background-color | Body: 0 | Token: eyJraWQi | Raw: GET|/api/posts/background-color|1772695369| | Sign: 7Kv0u6mZsVO7KyQxz3DghXku8AV3IZZ5S8oA6itWYxU=
[2026-03-05T07:22:49.998Z] GET /api/friend/myFriends | Body: 0 | Token: eyJraWQi | Raw: GET|/api/friend/myFriends|1772695369| | Sign: Ne6obfLhEfnhyocNErnhRQYLrMjr81DssldZCqUz4SI=
[2026-03-05T07:22:50.159Z] GET /api/user/me | Body: 0 | Token: eyJraWQi | Raw: GET|/api/user/me|1772695370| | Sign: zXfSvuuLK1cvbQoVM0q4MExZdDh3y/IqK2ylbkLk7TU=
[2026-03-05T07:22:50.307Z] GET /api/missions/current-user | Body: 0 | Token: eyJraWQi | Raw: GET|/api/missions/current-user|1772695370| | Sign: Ndfvoc4AwzeZp7wCtK7tnKk9CpYpUTCqRfRtQQ80lq4=
[2026-03-05T07:22:50.447Z] GET /api/reaction/list | Body: 0 | Token: eyJraWQi | Raw: GET|/api/reaction/list|1772695370| | Sign: yRu64Dj8ieXrzR2aLDRh0L3Vtj6OWCheDHvzqODXEbA=
[2026-03-05T07:22:50.570Z] GET /api/v1/notification/list | Body: 0 | Token: eyJraWQi | Raw: GET|/api/v1/notification/list|1772695370| | Sign: iI7TLsuVFZkBvy99R5t/1qdPLZM/aP2wRK0OzmAIu2s=
[2026-03-05T07:22:50.715Z] GET /feed/home | Body: 0 | Token: eyJraWQi | Raw: GET|/feed/home|1772695370| | Sign: s/EsNZLa2Cq0fCNYdRsQX0W6KZnNZ6f2eUBx/zFs7E4=
[2026-03-05T07:22:50.826Z] GET /api/surf/home | Body: 0 | Token: eyJraWQi | Raw: GET|/api/surf/home|1772695370| | Sign: EUGareeSYya2fLM9lQm29t7BVOuyJsZEHbHL2Xcjpro=
[2026-03-05T07:23:49.606Z] GET /api/user/me | Body: 0 | Token: eyJraWQi | Raw: GET|/api/user/me|1772695429| | Sign: gvo/1ZxqscyiNOu3SxfGwQke2ojvVo+bKpSTcm2PRLA=
[2026-03-05T07:23:49.924Z] GET /api/posts/background-color | Body: 0 | Token: eyJraWQi | Raw: GET|/api/posts/background-color|1772695429| | Sign: 2/AbjMwkPm4PfC6ClDa1amcKbmsivUIE0UBPIRVfCts=
[2026-03-05T07:23:50.047Z] GET /api/friend/myFriends | Body: 0 | Token: eyJraWQi | Raw: GET|/api/friend/myFriends|1772695430| | Sign: /OfFE6sB0VqOk75oXSl+gzVhLcrsbZrWjzy2cfL7xNw=
[2026-03-05T07:23:50.206Z] GET /api/user/me | Body: 0 | Token: eyJraWQi | Raw: GET|/api/user/me|1772695430| | Sign: G411Sur/lGeIDWEhfb5Aud8F5W98gsFGn1PzsJ+9mIs=
[2026-03-05T07:23:50.379Z] GET /api/missions/current-user | Body: 0 | Token: eyJraWQi | Raw: GET|/api/missions/current-user|1772695430| | Sign: BMmA2hksMrWed/Dw0nkKaA9OwdjQfsvQDg7ffDss0Kk=
[2026-03-05T07:23:50.534Z] GET /api/reaction/list | Body: 0 | Token: eyJraWQi | Raw: GET|/api/reaction/list|1772695430| | Sign: CAimzfFgNdBV5UzY8+uqzHqfiS0aMKYdxEBfTp/sL1o=
[2026-03-05T07:23:50.667Z] GET /api/v1/notification/list | Body: 0 | Token: eyJraWQi | Raw: GET|/api/v1/notification/list|1772695430| | Sign: zEkQXD3SOJvDzNkJV28+d7OwR9hD+W4ZcGggwYw/zss=
[2026-03-05T07:23:50.786Z] GET /feed/home | Body: 0 | Token: eyJraWQi | Raw: GET|/feed/home|1772695430| | Sign: P2+izTWIl7XrOUYaBRdZexDDuKLCsJS4BLExGgGaONM=
[2026-03-05T07:23:50.910Z] GET /api/surf/home | Body: 0 | Token: eyJraWQi | Raw: GET|/api/surf/home|1772695430| | Sign: L+xNJoHLku0GYfY/tiz92/f2Hqg88hjbidpO8gw1oD8=
[2026-03-05T07:24:49.610Z] POST /api/auth/login | Body: 57 | Token: None | Raw: POST|/api/auth/login|1772695489|{"username":"longh1248@gmail.com","password":"Admin@123"} | Sign: HIgx+17tkkDgBpL3Q6EkLFSdB1Xiz5fLC9ETSyDjYxQ=
[2026-03-05T07:24:50.131Z] GET /api/posts/background-color | Body: 0 | Token: eyJraWQi | Raw: GET|/api/posts/background-color|1772695490| | Sign: zeTxBWaAQUmVhb4i3gXrosQgkxwjh7c406EYRs7izdw=
[2026-03-05T07:24:50.251Z] GET /api/friend/myFriends | Body: 0 | Token: eyJraWQi | Raw: GET|/api/friend/myFriends|1772695490| | Sign: RimERKm0sINlBBZ8bA/Fd8eStglosFJ8XyiR+AO79LQ=
[2026-03-05T07:24:50.420Z] GET /api/user/me | Body: 0 | Token: eyJraWQi | Raw: GET|/api/user/me|1772695490| | Sign: BN9+mKANTxOj14gGOtfkUPDBrnLX4qWukhtpvAuLiPU=
[2026-03-05T07:24:50.563Z] GET /api/missions/current-user | Body: 0 | Token: eyJraWQi | Raw: GET|/api/missions/current-user|1772695490| | Sign: ZrNF6AckQPMy6rlBbExyriWNo5nd+WNIC9fM3SN1Ou0=
[2026-03-05T07:24:50.754Z] GET /api/reaction/list | Body: 0 | Token: eyJraWQi | Raw: GET|/api/reaction/list|1772695490| | Sign: 9PzUg4J5R6hMo6rocb6t2RTdPVPbJM8sK94XoqfhKvY=
[2026-03-05T07:24:50.886Z] GET /api/v1/notification/list | Body: 0 | Token: eyJraWQi | Raw: GET|/api/v1/notification/list|1772695490| | Sign: VooH/kahcvU9HYC1thGWsLz9xExamGlLXAbn95RSHEE=
[2026-03-05T07:24:51.006Z] GET /feed/home | Body: 0 | Token: eyJraWQi | Raw: GET|/feed/home|1772695491| | Sign: Hqt0A5KkV/jKg8jdw0xRdP+oiHj8Qc/IJ0lgg3X7Cvc=
[2026-03-05T07:24:51.126Z] GET /api/surf/home | Body: 0 | Token: eyJraWQi | Raw: GET|/api/surf/home|1772695491| | Sign: SdNjpSQHnVESN0Rw+CipK0SAircPGzlLTs757v6rN/U=
[2026-03-05T07:25:49.618Z] GET /api/user/me | Body: 0 | Token: eyJraWQi | Raw: GET|/api/user/me|1772695549| | Sign: fBuUie5e7nS7OLpYSMSGyqdoJwIRdcCHLRDQ1tTgWrg=
[2026-03-05T07:25:49.946Z] GET /api/posts/background-color | Body: 0 | Token: eyJraWQi | Raw: GET|/api/posts/background-color|1772695549| | Sign: mjORQ0yKGQwqXdQ4WG6PC5aJrtxzKGT8iApqWnoKG+M=
[2026-03-05T07:25:50.064Z] GET /api/friend/myFriends | Body: 0 | Token: eyJraWQi | Raw: GET|/api/friend/myFriends|1772695550| | Sign: yEhD7rJobFraRGfmUhxo5GrlNhHT1wm3vcqAFxbwvAs=
[2026-03-05T07:25:50.238Z] GET /api/user/me | Body: 0 | Token: eyJraWQi | Raw: GET|/api/user/me|1772695550| | Sign: 4LbfbB9NFGYAEqxa1L/bc3FrpubyQsiG6PUw00CRq1U=
[2026-03-05T07:25:50.358Z] GET /api/missions/current-user | Body: 0 | Token: eyJraWQi | Raw: GET|/api/missions/current-user|1772695550| | Sign: iQ2vsg/t9zEKX1gqELRtVJzse+BYupHXjXCwA/DNLCQ=
[2026-03-05T07:25:50.487Z] GET /api/reaction/list | Body: 0 | Token: eyJraWQi | Raw: GET|/api/reaction/list|1772695550| | Sign: DGYc8URhpqHi6whuGx9CiOb8hV0cbV/mPjO0T+Pfez4=
[2026-03-05T07:25:50.614Z] GET /api/v1/notification/list | Body: 0 | Token: eyJraWQi | Raw: GET|/api/v1/notification/list|1772695550| | Sign: 0RQGaajhMraVPO/uuKcZXwfvt6nrTFNjK786TitQJfY=
[2026-03-05T07:25:50.729Z] GET /feed/home | Body: 0 | Token: eyJraWQi | Raw: GET|/feed/home|1772695550| | Sign: yHm8GCRw3d7Mb30kuqYJdsJeIrAr7qwBEmgyvRg/FYY=
[2026-03-05T07:25:50.849Z] GET /api/surf/home | Body: 0 | Token: eyJraWQi | Raw: GET|/api/surf/home|1772695550| | Sign: jvLcaqrLMeW7xFUXZcVokq1Nz7+9q0V9RokO8pp/MvA=
[2026-03-05T07:26:49.625Z] GET /api/user/me | Body: 0 | Token: eyJraWQi | Raw: GET|/api/user/me|1772695609| | Sign: Bp32JDuImlXMY9F4kvUovwPalcynCGHiw2KdbMpgHO8=
[2026-03-05T07:26:49.887Z] GET /api/posts/background-color | Body: 0 | Token: eyJraWQi | Raw: GET|/api/posts/background-color|1772695609| | Sign: atEHUAxYcj41wGPWnhgEgeluF3ydU+Z70FYhMe7Yx1c=
[2026-03-05T07:26:49.999Z] GET /api/friend/myFriends | Body: 0 | Token: eyJraWQi | Raw: GET|/api/friend/myFriends|1772695609| | Sign: 0D1MFSw5IsG6DOxaKNU79BjBRc+WD0TH2MWXPyUz81c=
[2026-03-05T07:26:50.151Z] GET /api/user/me | Body: 0 | Token: eyJraWQi | Raw: GET|/api/user/me|1772695610| | Sign: NIXZZWWwB7tBOLGPceDL/XK3CmXMSicAC0VQwUUMFV4=
[2026-03-05T07:26:50.296Z] GET /api/missions/current-user | Body: 0 | Token: eyJraWQi | Raw: GET|/api/missions/current-user|1772695610| | Sign: N00kJbPZikYM1H2GcXwOA2Mzssb16z16jLoYBMPUgIw=
[2026-03-05T07:26:50.409Z] GET /api/reaction/list | Body: 0 | Token: eyJraWQi | Raw: GET|/api/reaction/list|1772695610| | Sign: VTsnJSBck9F/OYAa6Put/Bs9ffi4B4muMKwZZlN5Ihs=
[2026-03-05T07:26:50.530Z] GET /api/v1/notification/list | Body: 0 | Token: eyJraWQi | Raw: GET|/api/v1/notification/list|1772695610| | Sign: NzUaRBe6IyjVYufTndSlHXi8AgUjq1xG3Y5Dea3ZP7k=
[2026-03-05T07:26:50.640Z] GET /feed/home | Body: 0 | Token: eyJraWQi | Raw: GET|/feed/home|1772695610| | Sign: jKdnwUO3Hz5pblVIV9AUOZ2H4rxPAzu0REgMsQBNQ0E=
[2026-03-05T07:26:50.750Z] GET /api/surf/home | Body: 0 | Token: eyJraWQi | Raw: GET|/api/surf/home|1772695610| | Sign: RRYOdJTjCSnycpSEYAkv0d6p3DMiDFpc6W6ZneTsnR0=
[2026-03-05T07:27:49.636Z] GET /api/user/me | Body: 0 | Token: eyJraWQi | Raw: GET|/api/user/me|1772695669| | Sign: f9rJRO6tH1l27U7luoW6uX3Y20RiHc5O7uzo3D8555o=
[2026-03-05T07:27:50.000Z] GET /api/posts/background-color | Body: 0 | Token: eyJraWQi | Raw: GET|/api/posts/background-color|1772695670| | Sign: JTyM2hqVkZnp8LyS5GT3N/ctUTwwvmCmpZBNBmyGYG8=
[2026-03-05T07:27:50.131Z] GET /api/friend/myFriends | Body: 0 | Token: eyJraWQi | Raw: GET|/api/friend/myFriends|1772695670| | Sign: F6Ix+GiaTHcEOO6ATF9mddH8f1sYAndMOGrnRnQvAts=
[2026-03-05T07:27:50.283Z] GET /api/user/me | Body: 0 | Token: eyJraWQi | Raw: GET|/api/user/me|1772695670| | Sign: FkAA3QS5vFOX6fevYGY1tennavNa4cqZAM9XxhWjPpg=
[2026-03-05T07:27:50.410Z] GET /api/missions/current-user | Body: 0 | Token: eyJraWQi | Raw: GET|/api/missions/current-user|1772695670| | Sign: rGu+8nOpvMR1qbu7LAihrtcBJjV3RPMwirOctPuNpfs=
[2026-03-05T07:27:50.546Z] GET /api/reaction/list | Body: 0 | Token: eyJraWQi | Raw: GET|/api/reaction/list|1772695670| | Sign: ahgDY6/B4zTnsgXJ5UTQeKi4bBG06+QLL6/x16r9rJo=
[2026-03-05T07:27:50.685Z] GET /api/v1/notification/list | Body: 0 | Token: eyJraWQi | Raw: GET|/api/v1/notification/list|1772695670| | Sign: 6AVTLK++0Of3Y9Jm3qXck2Rp1dRXl33Io7jbUzdBImY=
[2026-03-05T07:27:50.808Z] GET /feed/home | Body: 0 | Token: eyJraWQi | Raw: GET|/feed/home|1772695670| | Sign: quMot0gb0m7eRitIn1C8m8ogi6Rn973s7peezxwo4Tw=
[2026-03-05T07:27:50.925Z] GET /api/surf/home | Body: 0 | Token: eyJraWQi | Raw: GET|/api/surf/home|1772695670| | Sign: vl+iSh5Xs4i8xIFWWYML0u7JCpT89jtNKvxlGvhZxHs=
[2026-03-05T07:28:49.641Z] GET /api/user/me | Body: 0 | Token: eyJraWQi | Raw: GET|/api/user/me|1772695729| | Sign: 1jhVseM7Kl3z9xQIwmqJE7MRCwYMefulPWGJls+50oM=
[2026-03-05T07:28:50.144Z] GET /api/posts/background-color | Body: 0 | Token: eyJraWQi | Raw: GET|/api/posts/background-color|1772695730| | Sign: td65lnZ4EGmC4/GAv7r+n5urvxZ8eTgp9S9IMWCMOUE=
[2026-03-05T07:28:50.308Z] GET /api/friend/myFriends | Body: 0 | Token: eyJraWQi | Raw: GET|/api/friend/myFriends|1772695730| | Sign: hnz2UEAc7/qtUoBHFKdLU6T/uA/IMJAV1FtU5YQSj0Q=
[2026-03-05T07:28:50.500Z] GET /api/user/me | Body: 0 | Token: eyJraWQi | Raw: GET|/api/user/me|1772695730| | Sign: D6UO4MONySWLEyNKGAMRicZJIO6tB/mOU6WcADuYmxg=
[2026-03-05T07:28:50.701Z] GET /api/missions/current-user | Body: 0 | Token: eyJraWQi | Raw: GET|/api/missions/current-user|1772695730| | Sign: YJU7cxbEbZS1Y14kUvpgaOXJUJGBxI59cHLTL2ayHTw=
[2026-03-05T07:28:50.904Z] GET /api/reaction/list | Body: 0 | Token: eyJraWQi | Raw: GET|/api/reaction/list|1772695730| | Sign: 1lIHy+K05/3Zp5/V2xbeBiR9YdnE/ppqGS6TzP5Qfn4=
[2026-03-05T07:28:51.082Z] GET /api/v1/notification/list | Body: 0 | Token: eyJraWQi | Raw: GET|/api/v1/notification/list|1772695731| | Sign: BFuR8V88pPygPV1nyWdtBU7Z7infoWoUSO4l+l+povU=
[2026-03-05T07:28:51.255Z] GET /feed/home | Body: 0 | Token: eyJraWQi | Raw: GET|/feed/home|1772695731| | Sign: +jXbHzQ6RY8OOWMi1alM2adhYnOIPjQgir3vIH9OYsk=
[2026-03-05T07:28:51.416Z] GET /api/surf/home | Body: 0 | Token: eyJraWQi | Raw: GET|/api/surf/home|1772695731| | Sign: RCq4AbEHycXBCmCewKue63v+tTWPLD5Hzc8NlTNqogk=
[2026-03-05T07:29:49.641Z] POST /api/auth/login | Body: 57 | Token: None | Raw: POST|/api/auth/login|1772695789|{"username":"longh1248@gmail.com","password":"Admin@123"} | Sign: v3ReDZSwtCVy8/cMNwGRG9nKZAz3E/FejAAnCAhaQUM=
[2026-03-05T07:29:50.110Z] GET /api/user/me | Body: 0 | Token: eyJraWQi | Raw: GET|/api/user/me|1772695790| | Sign: mk94cmE1++VjcKzmg1+EfethwUuZojEgAqBIUee3SmQ=
[2026-03-05T07:29:50.257Z] GET /api/posts/background-color | Body: 0 | Token: eyJraWQi | Raw: GET|/api/posts/background-color|1772695790| | Sign: j5u9ytIF8sBGQj3x2lqqQjpO5wQ/htcE5buwLbeaqdA=
[2026-03-05T07:29:50.374Z] GET /api/friend/myFriends | Body: 0 | Token: eyJraWQi | Raw: GET|/api/friend/myFriends|1772695790| | Sign: lbveE2YOmjmKrUA7fAdhNK/t81VTVYxTwAbPczfmKrc=
[2026-03-05T07:29:50.528Z] GET /api/user/me | Body: 0 | Token: eyJraWQi | Raw: GET|/api/user/me|1772695790| | Sign: mk94cmE1++VjcKzmg1+EfethwUuZojEgAqBIUee3SmQ=
[2026-03-05T07:29:50.679Z] GET /api/missions/current-user | Body: 0 | Token: eyJraWQi | Raw: GET|/api/missions/current-user|1772695790| | Sign: HoftKkCLsJY13SiPYcJiVh5LmsKwu1fEsjCFacmZkvA=
[2026-03-05T07:29:50.857Z] GET /api/reaction/list | Body: 0 | Token: eyJraWQi | Raw: GET|/api/reaction/list|1772695790| | Sign: +HuBCwR/fBCp5LHbxrM3/PyS8YJQnn8jABAIxl66Klw=
[2026-03-05T07:29:50.994Z] GET /api/v1/notification/list | Body: 0 | Token: eyJraWQi | Raw: GET|/api/v1/notification/list|1772695790| | Sign: QZ1mi4BQB8e9+RE7LakpER+4algQ2Oaf7EwPniraCKI=
[2026-03-05T07:29:51.112Z] GET /feed/home | Body: 0 | Token: eyJraWQi | Raw: GET|/feed/home|1772695791| | Sign: R8bxBv023IVCFXbajZQO4vlS2UA3mR58tmd1FuyUR5E=
[2026-03-05T07:29:51.227Z] GET /api/surf/home | Body: 0 | Token: eyJraWQi | Raw: GET|/api/surf/home|1772695791| | Sign: z0ZW1yv1LoeiAPt1TVUS51zcpYpD1hpb7GEGd/O9GJg=
[2026-03-05T07:30:49.656Z] GET /api/user/me | Body: 0 | Token: eyJraWQi | Raw: GET|/api/user/me|1772695849| | Sign: gvNZ30JlrpaKIDd7Q2oAXc80OrucQqA9wX26AtOyY/o=
[2026-03-05T07:30:50.129Z] GET /api/posts/background-color | Body: 0 | Token: eyJraWQi | Raw: GET|/api/posts/background-color|1772695850| | Sign: LTLKRZOVb8xKkFQ5Icc97CpnZAd35Wo8baePyOXmc4U=
[2026-03-05T07:30:50.303Z] GET /api/friend/myFriends | Body: 0 | Token: eyJraWQi | Raw: GET|/api/friend/myFriends|1772695850| | Sign: a419r4Lr+3dc7xp8lTycpS7COxBed/MntmWVByCSXBI=
[2026-03-05T07:30:50.482Z] GET /api/user/me | Body: 0 | Token: eyJraWQi | Raw: GET|/api/user/me|1772695850| | Sign: fR7+58qMIPgh5ETJodovrRt7RCskFNLfS9YVIuy31Bc=
[2026-03-05T07:30:50.666Z] GET /api/missions/current-user | Body: 0 | Token: eyJraWQi | Raw: GET|/api/missions/current-user|1772695850| | Sign: TUhrSqnsTI7aad7MWrYTw8xMl1NbMFhhcCffIgXb9bg=
[2026-03-05T07:30:50.847Z] GET /api/reaction/list | Body: 0 | Token: eyJraWQi | Raw: GET|/api/reaction/list|1772695850| | Sign: aeLj4l7gEby9Fdaz5/sq47YzZEdg5tltRMPdiffNn90=
[2026-03-05T07:30:51.024Z] GET /api/v1/notification/list | Body: 0 | Token: eyJraWQi | Raw: GET|/api/v1/notification/list|1772695851| | Sign: RwroHTwGjE6Utr+GKVj/knDCxlWwsMzRA4acdcqJuzc=
[2026-03-05T07:30:51.188Z] GET /feed/home | Body: 0 | Token: eyJraWQi | Raw: GET|/feed/home|1772695851| | Sign: UqoqR862Pj42KDpEujWQaHhL46QP4kc1QBwyW6TNNmw=
[2026-03-05T07:30:51.351Z] GET /api/surf/home | Body: 0 | Token: eyJraWQi | Raw: GET|/api/surf/home|1772695851| | Sign: 7vW0IDj2u3L3Te2h/Bx4VkHkvmn2MS2S4OskHgYPPWw=
[2026-03-05T07:31:49.663Z] GET /api/user/me | Body: 0 | Token: eyJraWQi | Raw: GET|/api/user/me|1772695909| | Sign: a+NJ52iPX4T163H6QRgkCBNTkesHkgPEX6UMa97NW4Y=
[2026-03-05T07:31:49.996Z] GET /api/posts/background-color | Body: 0 | Token: eyJraWQi | Raw: GET|/api/posts/background-color|1772695909| | Sign: ClD8DodXNQ7U4vmDnIX2eAagOfIkLIyvl93bpoQiYpA=
[2026-03-05T07:31:50.123Z] GET /api/friend/myFriends | Body: 0 | Token: eyJraWQi | Raw: GET|/api/friend/myFriends|1772695910| | Sign: 9oQ908IrqrnplICarSFrHXxY76gudK1dKGtirIuWFVA=
[2026-03-05T07:31:50.282Z] GET /api/user/me | Body: 0 | Token: eyJraWQi | Raw: GET|/api/user/me|1772695910| | Sign: mc2Y3RRhTgU3w+qMd6TxiyKqcR97cmxC3hqIyD6uq2Q=
[2026-03-05T07:31:50.417Z] GET /api/missions/current-user | Body: 0 | Token: eyJraWQi | Raw: GET|/api/missions/current-user|1772695910| | Sign: yG/VLK5tYklsTpeRyGTa8+dYKpbpnzJuXeq72iHV8vs=
[2026-03-05T07:31:50.555Z] GET /api/reaction/list | Body: 0 | Token: eyJraWQi | Raw: GET|/api/reaction/list|1772695910| | Sign: SuC627BKc6ej6D3DU+7cBYaqYSC/xUK/2iWlu+tzCIA=
[2026-03-05T07:31:50.690Z] GET /api/v1/notification/list | Body: 0 | Token: eyJraWQi | Raw: GET|/api/v1/notification/list|1772695910| | Sign: cmUxB1H39HzgEgYfGY86ORdIdcN+rTfJQON+XohhPpc=
[2026-03-05T07:31:50.812Z] GET /feed/home | Body: 0 | Token: eyJraWQi | Raw: GET|/feed/home|1772695910| | Sign: MqGMlL2r0b1+OdxJgxPVl9jsA8uojpsdLWBtPysw1KA=
[2026-03-05T07:31:50.934Z] GET /api/surf/home | Body: 0 | Token: eyJraWQi | Raw: GET|/api/surf/home|1772695910| | Sign: K/sqKKPWJpsW+7RRsQaRehj6HtsO0irxJ3bFXuEoBA0=
[2026-03-05T07:32:49.677Z] POST /api/auth/login | Body: 57 | Token: None | Raw: POST|/api/auth/login|1772695969|{"username":"longh1248@gmail.com","password":"Admin@123"} | Sign: 3KVuDifEIxlnQ6pQBBpDYcFQziNEraXMYcciln6nGdY=
[2026-03-05T07:32:50.181Z] GET /api/user/me | Body: 0 | Token: eyJraWQi | Raw: GET|/api/user/me|1772695970| | Sign: djQyUWIGxhz+9UWPvAo2L834v5qGPbk0Gldy1fTWkZc=
[2026-03-05T07:32:50.346Z] GET /api/posts/background-color | Body: 0 | Token: eyJraWQi | Raw: GET|/api/posts/background-color|1772695970| | Sign: buefuYIRdDZCCowEpmKZW1HpkR+1zREyxOkyzxlf/J8=
[2026-03-05T07:32:50.467Z] GET /api/friend/myFriends | Body: 0 | Token: eyJraWQi | Raw: GET|/api/friend/myFriends|1772695970| | Sign: WRQo4V/Bti+o7lU3iPYQBCyczueYa3mZMRmRYPeh6tU=
[2026-03-05T07:32:50.628Z] GET /api/user/me | Body: 0 | Token: eyJraWQi | Raw: GET|/api/user/me|1772695970| | Sign: djQyUWIGxhz+9UWPvAo2L834v5qGPbk0Gldy1fTWkZc=
[2026-03-05T07:32:50.768Z] GET /api/missions/current-user | Body: 0 | Token: eyJraWQi | Raw: GET|/api/missions/current-user|1772695970| | Sign: F/2DtgUfyrhNk3CCRQVMij/A5IELxf0JwTWnGq5rIcw=
[2026-03-05T07:32:50.904Z] GET /api/reaction/list | Body: 0 | Token: eyJraWQi | Raw: GET|/api/reaction/list|1772695970| | Sign: zvH9cv9qWqZz9A0pcb//YCI9tZrNLCySCW4EKlvnR10=
[2026-03-05T07:32:51.043Z] GET /api/v1/notification/list | Body: 0 | Token: eyJraWQi | Raw: GET|/api/v1/notification/list|1772695971| | Sign: arz9o5xKUltMwP+iNHRRdcTUeMnGhAuJN4v44UC7mCg=
[2026-03-05T07:32:51.164Z] GET /feed/home | Body: 0 | Token: eyJraWQi | Raw: GET|/feed/home|1772695971| | Sign: 7QvO/fqXNzxMIlYRj3melbR5ut5rS2my06oRta0ILxw=
[2026-03-05T07:32:51.296Z] GET /api/surf/home | Body: 0 | Token: eyJraWQi | Raw: GET|/api/surf/home|1772695971| | Sign: 2Y6C/hB47jeJ6G8z1r0ahYPAeCQypfiRi5KfMYYU1+8=
[2026-03-05T07:33:49.685Z] GET /api/user/me | Body: 0 | Token: eyJraWQi | Raw: GET|/api/user/me|1772696029| | Sign: +B2x0QypqEUrai9Lq0Y3u8tYtnFWOuENgpvuWiS19z0=
[2026-03-05T07:33:49.953Z] GET /api/posts/background-color | Body: 0 | Token: eyJraWQi | Raw: GET|/api/posts/background-color|1772696029| | Sign: BZ1f2QgS5fcuzB9dHkidWZQfZ0ZuLRmIQAYk96Ybbbo=
[2026-03-05T07:33:50.115Z] GET /api/friend/myFriends | Body: 0 | Token: eyJraWQi | Raw: GET|/api/friend/myFriends|1772696030| | Sign: SGz+lQ0Zau7OrCOstbDkFU3AoTuVwM00mIgowaFa/9Q=
[2026-03-05T07:33:50.255Z] GET /api/user/me | Body: 0 | Token: eyJraWQi | Raw: GET|/api/user/me|1772696030| | Sign: w0PhjoVn6UC0wVHaMRT2PNHUjA//+oDIje2ywaGOcr4=
[2026-03-05T07:33:50.438Z] GET /api/missions/current-user | Body: 0 | Token: eyJraWQi | Raw: GET|/api/missions/current-user|1772696030| | Sign: VdXOHcJrD8sTsi24/8Quu/1PrMqrnP2VibOGamjTOvg=
[2026-03-05T07:33:50.566Z] GET /api/reaction/list | Body: 0 | Token: eyJraWQi | Raw: GET|/api/reaction/list|1772696030| | Sign: KfwTshF6F8mNeVDUen/2zMUtInCxR3XRPtE3yUoI9Sg=
[2026-03-05T07:33:50.740Z] GET /api/v1/notification/list | Body: 0 | Token: eyJraWQi | Raw: GET|/api/v1/notification/list|1772696030| | Sign: XVkSMCs6mtt2Iswo5FKB5z6M4Rg0fWVTmcNhqgexHZM=
[2026-03-05T07:33:50.901Z] GET /feed/home | Body: 0 | Token: eyJraWQi | Raw: GET|/feed/home|1772696030| | Sign: /+DNfN6uMFvMQ9M9drBY1PzVENOxOveimFR6xXd6ysI=
[2026-03-05T07:33:51.020Z] GET /api/surf/home | Body: 0 | Token: eyJraWQi | Raw: GET|/api/surf/home|1772696031| | Sign: R99dy9MMZyYPFcQzq+wa98tLZliefcs1zP1MWGS/YuY=
[2026-03-05T07:34:49.700Z] GET /api/user/me | Body: 0 | Token: eyJraWQi | Raw: GET|/api/user/me|1772696089| | Sign: 6yIh0Fm1N9m6P2FHGpYq8NC7jzwHMneR51m0Tg/tHLQ=
[2026-03-05T07:34:50.399Z] GET /api/posts/background-color | Body: 0 | Token: eyJraWQi | Raw: GET|/api/posts/background-color|1772696090| | Sign: okWCFA5cgg/KfHwGQMJCAVCTTdAe0Xl1kQrfpQpXVFo=
[2026-03-05T07:34:50.565Z] GET /api/friend/myFriends | Body: 0 | Token: eyJraWQi | Raw: GET|/api/friend/myFriends|1772696090| | Sign: MXW7tJ8kySAd20+4vkGhtbybnDGKFmDzsphFbfZPe5M=
[2026-03-05T07:34:50.737Z] GET /api/user/me | Body: 0 | Token: eyJraWQi | Raw: GET|/api/user/me|1772696090| | Sign: 8/dgJ0Um0cM6QX1uCZf68MHUmnr1UH0oHpiwz34qJdI=
[2026-03-05T07:34:50.912Z] GET /api/missions/current-user | Body: 0 | Token: eyJraWQi | Raw: GET|/api/missions/current-user|1772696090| | Sign: aif5RxAcfB/lmcfIUt+icNxiQTzNMywnvORPeiK0GQ8=
[2026-03-05T07:34:51.098Z] GET /api/reaction/list | Body: 0 | Token: eyJraWQi | Raw: GET|/api/reaction/list|1772696091| | Sign: w53PvvDGNQ0OMIjcxOpU4EYjbhujB+j2oALFvQhT3Mg=
[2026-03-05T07:34:51.281Z] GET /api/v1/notification/list | Body: 0 | Token: eyJraWQi | Raw: GET|/api/v1/notification/list|1772696091| | Sign: 8GSZVf004XrokI52kLPSS1ZTImqJ02GCjAKAUuj2V3o=
[2026-03-05T07:34:51.456Z] GET /feed/home | Body: 0 | Token: eyJraWQi | Raw: GET|/feed/home|1772696091| | Sign: +V7GJDVKFad51XR4ZkiciMoqG/vXiqYW1jzB/XKtwNQ=
[2026-03-05T07:34:51.620Z] GET /api/surf/home | Body: 0 | Token: eyJraWQi | Raw: GET|/api/surf/home|1772696091| | Sign: nmtqZce5hzh8EXdyXxcbCCeBnDenIMRwDUV9d+E90cU=
[2026-03-05T07:35:49.710Z] POST /api/auth/login | Body: 57 | Token: None | Raw: POST|/api/auth/login|1772696149|{"username":"longh1248@gmail.com","password":"Admin@123"} | Sign: yKeXn8I4eH2TMzj9nfbP8q7NLPX4Vkm7xRb5YUA3V0Q=
[2026-03-05T07:36:49.717Z] GET /api/user/me | Body: 0 | Token: eyJraWQi | Raw: GET|/api/user/me|1772696209| | Sign: Cjd+BALd8A1yo6DPO3lWTOX9dG88Og6QzCpbt3D66FM=
[2026-03-05T07:36:50.032Z] GET /api/posts/background-color | Body: 0 | Token: eyJraWQi | Raw: GET|/api/posts/background-color|1772696210| | Sign: YQyK4Hgjv+2SfFR5lKAtbfDr+eirHtVMt5zDHTmbl9s=
[2026-03-05T07:36:50.148Z] GET /api/friend/myFriends | Body: 0 | Token: eyJraWQi | Raw: GET|/api/friend/myFriends|1772696210| | Sign: ICZTLZHoVa0mVsjgnCmM/HoIF/B/V3KQEngoH0Airtk=
[2026-03-05T07:36:50.303Z] GET /api/user/me | Body: 0 | Token: eyJraWQi | Raw: GET|/api/user/me|1772696210| | Sign: 3hrtIV/Gj3v7wjvaZUjbsbNFBC5L5rvh5x5zVtgEfR4=
[2026-03-05T07:36:50.489Z] GET /api/missions/current-user | Body: 0 | Token: eyJraWQi | Raw: GET|/api/missions/current-user|1772696210| | Sign: n3NJTClc2pNsaecTQQRZCjFUUFIkKxmIthLHcQaNhWg=
[2026-03-05T07:36:50.615Z] GET /api/reaction/list | Body: 0 | Token: eyJraWQi | Raw: GET|/api/reaction/list|1772696210| | Sign: 2fhD4WxrWwuVSKVrlQQ4FJ446y+at9JlPm4F0LJaynY=
[2026-03-05T07:36:50.784Z] GET /api/v1/notification/list | Body: 0 | Token: eyJraWQi | Raw: GET|/api/v1/notification/list|1772696210| | Sign: gfsWhnJeJVKyhbqiie1/HM5Jpqr40CWu3Qt8Bv+Iniw=
[2026-03-05T07:36:50.905Z] GET /feed/home | Body: 0 | Token: eyJraWQi | Raw: GET|/feed/home|1772696210| | Sign: o/PBF0xLoRRukKTw843pW1F4fkLttKJAhxlqaX9KA60=
[2026-03-05T07:36:51.028Z] GET /api/surf/home | Body: 0 | Token: eyJraWQi | Raw: GET|/api/surf/home|1772696211| | Sign: BjV2fXspw7Vv2G+IezUlgFzEM74FVQ19ZAypjD1C7iM=
[2026-03-05T07:37:49.726Z] GET /api/user/me | Body: 0 | Token: eyJraWQi | Raw: GET|/api/user/me|1772696269| | Sign: ohgUFxORQ7+cFy4yg8XVP++WzZQiVwj5lsqGkNz/1o8=
[2026-03-05T07:37:50.064Z] GET /api/posts/background-color | Body: 0 | Token: eyJraWQi | Raw: GET|/api/posts/background-color|1772696270| | Sign: gz1E/JoQOr2PJUBkk7N2Z6jZ+/v6NMBQqYXgs/1SXjY=
[2026-03-05T07:37:50.258Z] GET /api/friend/myFriends | Body: 0 | Token: eyJraWQi | Raw: GET|/api/friend/myFriends|1772696270| | Sign: 9RgdPfWddIyB5+K+qsGhF9zE2xBjg2yvYpoDFVxV8I8=
[2026-03-05T07:37:50.430Z] GET /api/user/me | Body: 0 | Token: eyJraWQi | Raw: GET|/api/user/me|1772696270| | Sign: q+OMw9HRunMqeh81HxKC6rlV+xzI+nhhGUb28nLDc38=
[2026-03-05T07:37:50.553Z] GET /api/missions/current-user | Body: 0 | Token: eyJraWQi | Raw: GET|/api/missions/current-user|1772696270| | Sign: CpBMQKonM9UnMuI2ieUN2vTOJYaXku5Wp8o35RLjB9s=
[2026-03-05T07:37:50.675Z] GET /api/reaction/list | Body: 0 | Token: eyJraWQi | Raw: GET|/api/reaction/list|1772696270| | Sign: isqwzIAU7YxkGn6CmpTB3K+L7HsmuUaDe9pBZ2C6gzk=
[2026-03-05T07:37:50.811Z] GET /api/v1/notification/list | Body: 0 | Token: eyJraWQi | Raw: GET|/api/v1/notification/list|1772696270| | Sign: Tqqq0iCip112bmIP13TSkt6mnyQh4i7B2tuVODNWDAE=
[2026-03-05T07:37:50.921Z] GET /feed/home | Body: 0 | Token: eyJraWQi | Raw: GET|/feed/home|1772696270| | Sign: OZ/HmR4jnHnAJ5Q4ILLVu11yo48mnkExu6saoyzfqsM=
[2026-03-05T07:37:51.031Z] GET /api/surf/home | Body: 0 | Token: eyJraWQi | Raw: GET|/api/surf/home|1772696271| | Sign: 7udZ9Z4VBtVKPfZ+cL68H06Sb2LH7u+yMVoM8vcuVr8=
[2026-03-05T07:38:49.740Z] GET /api/user/me | Body: 0 | Token: eyJraWQi | Raw: GET|/api/user/me|1772696329| | Sign: FHN51JM9NFXusSsB3LqB0Tu2ZVraNxCbtrBTv5leOj8=
[2026-03-05T07:38:50.087Z] GET /api/posts/background-color | Body: 0 | Token: eyJraWQi | Raw: GET|/api/posts/background-color|1772696330| | Sign: DTNTmG4r6mmF1xHxo8YqSAYhm4VDcASMz5wh17kV0SI=
[2026-03-05T07:38:50.201Z] GET /api/friend/myFriends | Body: 0 | Token: eyJraWQi | Raw: GET|/api/friend/myFriends|1772696330| | Sign: qyHV/pdB13MfVruyd/79bq+OTh8ILQhgJ6hxWn+gvxE=
[2026-03-05T07:38:50.346Z] GET /api/user/me | Body: 0 | Token: eyJraWQi | Raw: GET|/api/user/me|1772696330| | Sign: HHmNm8aTJlBhNX3t+E4M+k+98Ia5ipGYdqlLX1nn2SA=
[2026-03-05T07:38:50.475Z] GET /api/missions/current-user | Body: 0 | Token: eyJraWQi | Raw: GET|/api/missions/current-user|1772696330| | Sign: DoDRnv6SmKvn3aLyP6I04bb1oqCPadBEUXH8pZYHUKg=
[2026-03-05T07:38:50.596Z] GET /api/reaction/list | Body: 0 | Token: eyJraWQi | Raw: GET|/api/reaction/list|1772696330| | Sign: LzXuEDGkzFvpccbjhg5KzOl+nYsJtyUU9hFPA0bJ8fQ=
[2026-03-05T07:38:50.711Z] GET /api/v1/notification/list | Body: 0 | Token: eyJraWQi | Raw: GET|/api/v1/notification/list|1772696330| | Sign: fspTgOwqG6fYkj6hYAq4abv8NCkEW4uauahul8P4pnQ=
[2026-03-05T07:38:50.823Z] GET /feed/home | Body: 0 | Token: eyJraWQi | Raw: GET|/feed/home|1772696330| | Sign: 79bePeaXFrFkbeMmflZrATBrKboqiHeWT60XZDocuzI=
[2026-03-05T07:38:50.933Z] GET /api/surf/home | Body: 0 | Token: eyJraWQi | Raw: GET|/api/surf/home|1772696330| | Sign: anXmCfm+JCMZetC7IHzzu/UA9AtqjVOVis5aUdxgdaw=
[2026-03-05T07:39:49.748Z] GET /api/user/me | Body: 0 | Token: eyJraWQi | Raw: GET|/api/user/me|1772696389| | Sign: oER2GpEM28Y++3XlkOAm8qoomrSmEg0UXYVOU5L97uY=
[2026-03-05T07:39:50.056Z] GET /api/posts/background-color | Body: 0 | Token: eyJraWQi | Raw: GET|/api/posts/background-color|1772696390| | Sign: XaIA6phYIo0VS3khHrnuU0Z8CjI4Rao9QF1kTtlve6Y=
[2026-03-05T07:39:50.169Z] GET /api/friend/myFriends | Body: 0 | Token: eyJraWQi | Raw: GET|/api/friend/myFriends|1772696390| | Sign: XWI/pNTFQ77VVajZrftHW0hKnMS8x2jVdS4iL4JDh6g=
[2026-03-05T07:39:50.313Z] GET /api/user/me | Body: 0 | Token: eyJraWQi | Raw: GET|/api/user/me|1772696390| | Sign: BvhaRTkKHD/ErVEgSdwFufa792uyPJU7rSxwoz5h66U=
[2026-03-05T07:39:50.442Z] GET /api/missions/current-user | Body: 0 | Token: eyJraWQi | Raw: GET|/api/missions/current-user|1772696390| | Sign: rYrUt3M9fKEDSJiSaqbnZgRWK/NGqfyZ/CFoSMfcmzM=
[2026-03-05T07:39:50.566Z] GET /api/reaction/list | Body: 0 | Token: eyJraWQi | Raw: GET|/api/reaction/list|1772696390| | Sign: oU7RO+whoGHBdkv2vcW4mJD+Ordv4+VK3i2hN6FdwJg=
[2026-03-05T07:39:50.702Z] GET /api/v1/notification/list | Body: 0 | Token: eyJraWQi | Raw: GET|/api/v1/notification/list|1772696390| | Sign: QMpQiIMVJ+8SbBkAC1d9QQHFwwMtv3t5OMPHov6B8EU=
[2026-03-05T07:39:50.818Z] GET /feed/home | Body: 0 | Token: eyJraWQi | Raw: GET|/feed/home|1772696390| | Sign: hMH38AftrEgnV4+0eOdwQ5d0k3m6Kne5RKG0eQGpyJs=
[2026-03-05T07:39:50.931Z] GET /api/surf/home | Body: 0 | Token: eyJraWQi | Raw: GET|/api/surf/home|1772696390| | Sign: BEaDv0q9Mt5Us4/JKSFqmv07NHqeRgB/rsXgfpNYTvk=
[2026-03-05T07:40:49.752Z] GET /api/user/me | Body: 0 | Token: eyJraWQi | Raw: GET|/api/user/me|1772696449| | Sign: Ryt4Lix63Q9sG351pLo9e5aVZMgNKppeR083aLi+YYE=
[2026-03-05T07:40:50.013Z] GET /api/posts/background-color | Body: 0 | Token: eyJraWQi | Raw: GET|/api/posts/background-color|1772696450| | Sign: YGkvBDpgghouoMPbG41XP8W3L9iWGYDbVYWCJjgWqT4=
[2026-03-05T07:40:50.126Z] GET /api/friend/myFriends | Body: 0 | Token: eyJraWQi | Raw: GET|/api/friend/myFriends|1772696450| | Sign: Qjz/VXvPMhDOxFtEPirAykJsdWe2RjSrccOAnhem58g=
[2026-03-05T07:40:50.278Z] GET /api/user/me | Body: 0 | Token: eyJraWQi | Raw: GET|/api/user/me|1772696450| | Sign: aUWoo1qkrHuImlDZETIcKqTvuPfgOjgXLbbX4UMubxA=
[2026-03-05T07:40:50.392Z] GET /api/missions/current-user | Body: 0 | Token: eyJraWQi | Raw: GET|/api/missions/current-user|1772696450| | Sign: U8zl1jxDZ3KNo67V++/wP++TvoZm/Gu1NuUROrAwIjw=
[2026-03-05T07:40:50.506Z] GET /api/reaction/list | Body: 0 | Token: eyJraWQi | Raw: GET|/api/reaction/list|1772696450| | Sign: rQfIWns58+usBzCtv0J7vDuqOlFphaUqrB2IfoHqpoo=
[2026-03-05T07:40:50.622Z] GET /api/v1/notification/list | Body: 0 | Token: eyJraWQi | Raw: GET|/api/v1/notification/list|1772696450| | Sign: yWmNJR7kPU9BKPEd2NqP5IyFiQtLaPbLIn/9Yz5tMgU=
[2026-03-05T07:40:50.726Z] GET /feed/home | Body: 0 | Token: eyJraWQi | Raw: GET|/feed/home|1772696450| | Sign: h914arXHzNDRI2Jdjefdn5ec5vbc9hicAjCG4IqQ54g=
[2026-03-05T07:40:50.834Z] GET /api/surf/home | Body: 0 | Token: eyJraWQi | Raw: GET|/api/surf/home|1772696450| | Sign: ZZthHpl/kzPBGFAsjJAlGmcJ+WKVeNbM3Dtkf/aQZ/Q=
[2026-03-05T07:41:49.765Z] GET /api/user/me | Body: 0 | Token: eyJraWQi | Raw: GET|/api/user/me|1772696509| | Sign: Y9bSB8vNVP5zPWazATZ7qOrtJaBXeTN99vEM4M9baug=
[2026-03-05T07:41:50.070Z] GET /api/posts/background-color | Body: 0 | Token: eyJraWQi | Raw: GET|/api/posts/background-color|1772696510| | Sign: +98V1fI0O8q5ssboshGH9/l1K+vGb2k1pVbrhK8i6WE=
[2026-03-05T07:41:50.235Z] GET /api/friend/myFriends | Body: 0 | Token: eyJraWQi | Raw: GET|/api/friend/myFriends|1772696510| | Sign: Vnn7sDRVzYJzNjlSs9WpaQsMrfAEeYStwJAvkWGQzsk=
[2026-03-05T07:41:50.432Z] GET /api/user/me | Body: 0 | Token: eyJraWQi | Raw: GET|/api/user/me|1772696510| | Sign: sDNWdytCf/gJyCJg57uAw84MI/60R4hBLaUbhMy6lBc=
[2026-03-05T07:41:50.602Z] GET /api/missions/current-user | Body: 0 | Token: eyJraWQi | Raw: GET|/api/missions/current-user|1772696510| | Sign: ImkBwLo6KIN2AXZQWoZqkQMkZJfhDXQENbAsAdISzKk=
[2026-03-05T07:41:50.773Z] GET /api/reaction/list | Body: 0 | Token: eyJraWQi | Raw: GET|/api/reaction/list|1772696510| | Sign: wBjKPhDlLPEa1o9V/usCj7m2oHfHREakTZsmSpjRccA=
[2026-03-05T07:41:50.946Z] GET /api/v1/notification/list | Body: 0 | Token: eyJraWQi | Raw: GET|/api/v1/notification/list|1772696510| | Sign: DoTpoUW/Mhzj0nujTVF1JFry5y1FUXAAr1R/soVs+vc=
[2026-03-05T07:41:51.110Z] GET /feed/home | Body: 0 | Token: eyJraWQi | Raw: GET|/feed/home|1772696511| | Sign: jHAoD9qAmVPZ8VAUlsNPcjKI8DCiBVaDFDIKzvvEYA8=
[2026-03-05T07:41:51.280Z] GET /api/surf/home | Body: 0 | Token: eyJraWQi | Raw: GET|/api/surf/home|1772696511| | Sign: LcMBUT/mAaIRaoQhzcuRplbLK5JiyQrVJuEZUQnq6KA=
[2026-03-05T07:42:49.775Z] GET /api/user/me | Body: 0 | Token: eyJraWQi | Raw: GET|/api/user/me|1772696569| | Sign: yyuvGHZmmYuptNjgpFvAGXZYI8HkWCy0UMWPTEO/YIw=
[2026-03-05T07:42:50.234Z] GET /api/posts/background-color | Body: 0 | Token: eyJraWQi | Raw: GET|/api/posts/background-color|1772696570| | Sign: h+Jo3Wyq0q/njASevJZsHNRIDzVoFo9Uhxyr99ZVTfo=
[2026-03-05T07:42:50.401Z] GET /api/friend/myFriends | Body: 0 | Token: eyJraWQi | Raw: GET|/api/friend/myFriends|1772696570| | Sign: 5HE9vAUFnwW1PZKUxK+fakTjagXp9N5cFfzS58EWoNM=
[2026-03-05T07:42:50.594Z] GET /api/user/me | Body: 0 | Token: eyJraWQi | Raw: GET|/api/user/me|1772696570| | Sign: yJRaGRc4+iypISM8lKy7Av3pY9qWbkevtr1jBnZyh98=
[2026-03-05T07:42:50.808Z] GET /api/missions/current-user | Body: 0 | Token: eyJraWQi | Raw: GET|/api/missions/current-user|1772696570| | Sign: V5gNYk+gW555ErYJAamSm2iHycCJE0Uzm31u8nHGaPc=
[2026-03-05T07:42:51.037Z] GET /api/reaction/list | Body: 0 | Token: eyJraWQi | Raw: GET|/api/reaction/list|1772696571| | Sign: oceuYUrl4P908QcvGW9vCqqAx9kfoSHChdmq1YPfy6M=
[2026-03-05T07:42:51.228Z] GET /api/v1/notification/list | Body: 0 | Token: eyJraWQi | Raw: GET|/api/v1/notification/list|1772696571| | Sign: b42k/tEdBasBaG6dXxWVfkPC6u1hWEI1MbGbHL+45pk=
[2026-03-05T07:42:51.398Z] GET /feed/home | Body: 0 | Token: eyJraWQi | Raw: GET|/feed/home|1772696571| | Sign: rvWUejF8UZtdpWpSDqzx4ZRTSDdvXDAD+Smbe1wFOYA=
[2026-03-05T07:42:51.569Z] GET /api/surf/home | Body: 0 | Token: eyJraWQi | Raw: GET|/api/surf/home|1772696571| | Sign: p9Gg5ytxihZf6T9zFn6iwpIOFbGT/hS7876I6rmzEi8=
[2026-03-05T07:43:49.778Z] POST /api/auth/login | Body: 57 | Token: None | Raw: POST|/api/auth/login|1772696629|{"username":"longh1248@gmail.com","password":"Admin@123"} | Sign: clb2GMe5yBoVu7s9phk3Osenspr7/CD9adpk3D9mV/A=
[2026-03-05T07:43:50.274Z] GET /api/user/me | Body: 0 | Token: eyJraWQi | Raw: GET|/api/user/me|1772696630| | Sign: E77QT3tCpQZGrgQFvKNXrmfW7D0oFSXKPHbtbx1xc8s=
[2026-03-05T07:43:50.460Z] GET /api/posts/background-color | Body: 0 | Token: eyJraWQi | Raw: GET|/api/posts/background-color|1772696630| | Sign: lgHv5L8dOxhncVjvFZ90HsiuiQTUzD47yj0hhQcdjJs=
[2026-03-05T07:43:50.577Z] GET /api/friend/myFriends | Body: 0 | Token: eyJraWQi | Raw: GET|/api/friend/myFriends|1772696630| | Sign: hkaCvSJR/rcwwTzfoB/cg/YZQ1Ml+JlGN4u/hD8qdOo=
[2026-03-05T07:43:50.739Z] GET /api/user/me | Body: 0 | Token: eyJraWQi | Raw: GET|/api/user/me|1772696630| | Sign: E77QT3tCpQZGrgQFvKNXrmfW7D0oFSXKPHbtbx1xc8s=
[2026-03-05T07:43:50.890Z] GET /api/missions/current-user | Body: 0 | Token: eyJraWQi | Raw: GET|/api/missions/current-user|1772696630| | Sign: qzDe7kJVa5963lMz3xGJ6/xY+Nb1c3ITwwQontGwolI=
[2026-03-05T07:43:51.044Z] GET /api/reaction/list | Body: 0 | Token: eyJraWQi | Raw: GET|/api/reaction/list|1772696631| | Sign: JwDtkSJANHGC5g70RVsDNjrEupFq0asWBsvCbZnI6Ho=
[2026-03-05T07:43:51.178Z] GET /api/v1/notification/list | Body: 0 | Token: eyJraWQi | Raw: GET|/api/v1/notification/list|1772696631| | Sign: 3sqQK7Pfu+gD9VhY92UW/tkWotylddoimMAOj7E3ius=
[2026-03-05T07:43:51.294Z] GET /feed/home | Body: 0 | Token: eyJraWQi | Raw: GET|/feed/home|1772696631| | Sign: E7kr8nlvUaC+dVSrg4KD1CPVDOhKi7Z6s+9ZN9UZLw4=
[2026-03-05T07:43:51.414Z] GET /api/surf/home | Body: 0 | Token: eyJraWQi | Raw: GET|/api/surf/home|1772696631| | Sign: Krno4ojky5UzsCE7q5gLegRAn8D6Ii1l67xFlLLmRtM=
[2026-03-05T07:44:49.786Z] GET /api/user/me | Body: 0 | Token: eyJraWQi | Raw: GET|/api/user/me|1772696689| | Sign: ypC6gQY9tPsZBydx7gZXWBs4C9NWSacQoVLwpl3anPI=
[2026-03-05T07:44:50.127Z] GET /api/posts/background-color | Body: 0 | Token: eyJraWQi | Raw: GET|/api/posts/background-color|1772696690| | Sign: iHXLoKEKS5jXs3KHykjhUw1xsOg3UOgp9pX14oiCmcU=
[2026-03-05T07:44:50.245Z] GET /api/friend/myFriends | Body: 0 | Token: eyJraWQi | Raw: GET|/api/friend/myFriends|1772696690| | Sign: fy3RZRGMhgSGUyHQEXaLoQzYARcXqNvxjfMCzbBE3q0=
[2026-03-05T07:44:50.405Z] GET /api/user/me | Body: 0 | Token: eyJraWQi | Raw: GET|/api/user/me|1772696690| | Sign: ksD7ZE9RpwIVxPVwTqKmNh5ZCHJKk+2Tu1QDqfBJ4xA=
[2026-03-05T07:44:50.535Z] GET /api/missions/current-user | Body: 0 | Token: eyJraWQi | Raw: GET|/api/missions/current-user|1772696690| | Sign: FV/Y4MJof3MljkVwSRocz+iIZXUL/rgxFU0BlZrKfEI=
[2026-03-05T07:44:50.667Z] GET /api/reaction/list | Body: 0 | Token: eyJraWQi | Raw: GET|/api/reaction/list|1772696690| | Sign: kPGrY/8qES4zUVw8Y757rhNDRf/LgOfpvJRBuGc71uw=
[2026-03-05T07:44:50.802Z] GET /api/v1/notification/list | Body: 0 | Token: eyJraWQi | Raw: GET|/api/v1/notification/list|1772696690| | Sign: S061AagVdpGLAr5uj0XBplTnhZSbll9sbpOazl5zYz4=
[2026-03-05T07:44:50.922Z] GET /feed/home | Body: 0 | Token: eyJraWQi | Raw: GET|/feed/home|1772696690| | Sign: P7MnKG/OAIYT/ezsjf/OTLLHZWo9caRZA9s4rNXjNF0=
[2026-03-05T07:44:51.046Z] GET /api/surf/home | Body: 0 | Token: eyJraWQi | Raw: GET|/api/surf/home|1772696691| | Sign: l9dFYQojB8Al9z5oDG/U/j0gbks7utAs16ePAlluEm0=
[2026-03-05T07:45:49.806Z] GET /api/user/me | Body: 0 | Token: eyJraWQi | Raw: GET|/api/user/me|1772696749| | Sign: jxlDEVU4vHLYNJXiXmdFvfFvH6wgOnEwFUqqHzz1Nhw=
[2026-03-05T07:45:50.141Z] GET /api/posts/background-color | Body: 0 | Token: eyJraWQi | Raw: GET|/api/posts/background-color|1772696750| | Sign: /42KLl6qFARtvx3SA5VVHP6+WIwHuxkT4bCiya77ARg=
[2026-03-05T07:45:50.267Z] GET /api/friend/myFriends | Body: 0 | Token: eyJraWQi | Raw: GET|/api/friend/myFriends|1772696750| | Sign: eJzkL5N2klJ2JELnLKDxs5s4uWwwdfPjjWxQ4mKYlKU=
[2026-03-05T07:45:50.429Z] GET /api/user/me | Body: 0 | Token: eyJraWQi | Raw: GET|/api/user/me|1772696750| | Sign: K/gnD+HcoJE9rzQiyuxFlrRs/rxkysb27gdUj5qJnos=
[2026-03-05T07:45:50.572Z] GET /api/missions/current-user | Body: 0 | Token: eyJraWQi | Raw: GET|/api/missions/current-user|1772696750| | Sign: 7wGN5B0EcuhDc2ZxvJ/XNRlo2vjAWHIQylXLIuFfqWI=
[2026-03-05T07:45:50.706Z] GET /api/reaction/list | Body: 0 | Token: eyJraWQi | Raw: GET|/api/reaction/list|1772696750| | Sign: CoJMJ9add/dKq09SrT3maTmMZFhg1O9xb3PpyCYr4RI=
[2026-03-05T07:45:50.842Z] GET /api/v1/notification/list | Body: 0 | Token: eyJraWQi | Raw: GET|/api/v1/notification/list|1772696750| | Sign: LQU1h86HG31hZSvV49MwBxzZQDoXZbKCwqbnsQpCpGk=
[2026-03-05T07:45:50.961Z] GET /feed/home | Body: 0 | Token: eyJraWQi | Raw: GET|/feed/home|1772696750| | Sign: 42rQwTMpK0BBqaARb8ZaE6rDRdRlB0tKtYeIwdIlgNU=
[2026-03-05T07:45:51.086Z] GET /api/surf/home | Body: 0 | Token: eyJraWQi | Raw: GET|/api/surf/home|1772696751| | Sign: 5U7YtPRAqf4Mbqb9W6CtSm0mlDaEbjc7J6M8gjUJ8w0=
[2026-03-05T07:46:49.809Z] POST /api/auth/login | Body: 57 | Token: None | Raw: POST|/api/auth/login|1772696809|{"username":"longh1248@gmail.com","password":"Admin@123"} | Sign: sL1/qJ+u1mZhwAzGNnyaJ3iLCKFUimmR73oIyx1k6HA=
[2026-03-05T07:46:50.306Z] GET /api/user/me | Body: 0 | Token: eyJraWQi | Raw: GET|/api/user/me|1772696810| | Sign: 4S9Spiip2SVVnJ+jXmM5SRzbvnQAp22/ox5TtZAOqo8=
[2026-03-05T07:46:50.466Z] GET /api/posts/background-color | Body: 0 | Token: eyJraWQi | Raw: GET|/api/posts/background-color|1772696810| | Sign: UVMPgFT9KRB2x4Eae4hZyvpTZ3JmIt3iW89Z9b7DVTU=
[2026-03-05T07:46:50.586Z] GET /api/friend/myFriends | Body: 0 | Token: eyJraWQi | Raw: GET|/api/friend/myFriends|1772696810| | Sign: BsacsAoqQ3vstMjhPJ1OaNny6oKtxd4CSuEMzZ3V860=
[2026-03-05T07:46:50.722Z] GET /api/user/me | Body: 0 | Token: eyJraWQi | Raw: GET|/api/user/me|1772696810| | Sign: 4S9Spiip2SVVnJ+jXmM5SRzbvnQAp22/ox5TtZAOqo8=
[2026-03-05T07:46:50.851Z] GET /api/missions/current-user | Body: 0 | Token: eyJraWQi | Raw: GET|/api/missions/current-user|1772696810| | Sign: e6TffjI/ptsPOktQ4Gq5CQSqq67EtMs+QFEqlz76sV0=
[2026-03-05T07:46:50.975Z] GET /api/reaction/list | Body: 0 | Token: eyJraWQi | Raw: GET|/api/reaction/list|1772696810| | Sign: 8kT5r9y5/jisxDq+iRg6U6MD6i6yZpCH+E9CXB6nvx0=
[2026-03-05T07:46:51.106Z] GET /api/v1/notification/list | Body: 0 | Token: eyJraWQi | Raw: GET|/api/v1/notification/list|1772696811| | Sign: uFzMEOASzNZrV2i4U0BEcqGwdKE+MQV044+eGFqNYE8=
[2026-03-05T07:46:51.225Z] GET /feed/home | Body: 0 | Token: eyJraWQi | Raw: GET|/feed/home|1772696811| | Sign: 0ty0dp4GzfAPnjc78r96bdKxAdLHTIlORVixQep0oV8=
[2026-03-05T07:46:51.343Z] GET /api/surf/home | Body: 0 | Token: eyJraWQi | Raw: GET|/api/surf/home|1772696811| | Sign: eZnDzQMrZZzOlr5fqtwxwI7gNWx3qtWaeOJdnz3DMsI=
[2026-03-05T07:47:49.816Z] GET /api/user/me | Body: 0 | Token: eyJraWQi | Raw: GET|/api/user/me|1772696869| | Sign: deZzZErmn9g5A0XFCPxDO85q64pFBaW6FgICCN7oO9o=
[2026-03-05T07:47:50.291Z] GET /api/posts/background-color | Body: 0 | Token: eyJraWQi | Raw: GET|/api/posts/background-color|1772696870| | Sign: 3onmFpgdz5NRu1Y/YYMa2gkrte9Iv0jUOn0ZYf48eHk=
[2026-03-05T07:47:50.459Z] GET /api/friend/myFriends | Body: 0 | Token: eyJraWQi | Raw: GET|/api/friend/myFriends|1772696870| | Sign: +27WI5S0+2RMr9Sx39jYTswkpod7XxxWD48Bz1r3RFA=
[2026-03-05T07:47:50.636Z] GET /api/user/me | Body: 0 | Token: eyJraWQi | Raw: GET|/api/user/me|1772696870| | Sign: IN0Ou2AWqTUWOwUsO7YMSJlEFgm+ClIeVIWlviJsDec=
[2026-03-05T07:47:50.832Z] GET /api/missions/current-user | Body: 0 | Token: eyJraWQi | Raw: GET|/api/missions/current-user|1772696870| | Sign: WmcUD/Zol/Q8/mM9jE14PEAEkjRS0S9Z+l/8bpb/Tks=
[2026-03-05T07:47:51.010Z] GET /api/reaction/list | Body: 0 | Token: eyJraWQi | Raw: GET|/api/reaction/list|1772696871| | Sign: 86hdn2XMzTuCa3iNDDGaiElspzX+yIIkrC+UDl7xZZw=
[2026-03-05T07:47:51.186Z] GET /api/v1/notification/list | Body: 0 | Token: eyJraWQi | Raw: GET|/api/v1/notification/list|1772696871| | Sign: bNna+vJIUQSU9qs4wX3+J2cruDc4rWGGvuHbdSGqhzU=
[2026-03-05T07:47:51.353Z] GET /feed/home | Body: 0 | Token: eyJraWQi | Raw: GET|/feed/home|1772696871| | Sign: YPjLjM4DtTFLAruJC/jY6GFP22AzdT8K0Ou1NhgvsAA=
[2026-03-05T07:47:51.522Z] GET /api/surf/home | Body: 0 | Token: eyJraWQi | Raw: GET|/api/surf/home|1772696871| | Sign: Tb8bnDJGGQYZiwCQsKUtz+3jV3tiEIEEMvPGI5OQLQs=
[2026-03-05T07:48:49.820Z] GET /api/user/me | Body: 0 | Token: eyJraWQi | Raw: GET|/api/user/me|1772696929| | Sign: TkqCi5av4fVhOo1mHTyUz+q84+Wc75GWbL46zRPyafw=
[2026-03-05T07:48:50.268Z] GET /api/posts/background-color | Body: 0 | Token: eyJraWQi | Raw: GET|/api/posts/background-color|1772696930| | Sign: spkEw5ulWWROq/uDBu6gOWUajwy3zi/vbEo74hzA4IA=
[2026-03-05T07:48:50.381Z] GET /api/friend/myFriends | Body: 0 | Token: eyJraWQi | Raw: GET|/api/friend/myFriends|1772696930| | Sign: R8MRaFCrhHytLX0dXdVsuFjdK5g704smgutuWXfkRiU=
[2026-03-05T07:48:50.553Z] GET /api/user/me | Body: 0 | Token: eyJraWQi | Raw: GET|/api/user/me|1772696930| | Sign: eAbd/DHWLOnReF5Bb/fRPsH43rUDMS2HLnAM4015WdI=
[2026-03-05T07:48:50.681Z] GET /api/missions/current-user | Body: 0 | Token: eyJraWQi | Raw: GET|/api/missions/current-user|1772696930| | Sign: 5FpFiux7iL08XYM1WL/T26LxlVTq/6g0n9d3tCODfhs=
[2026-03-05T07:48:50.853Z] GET /api/reaction/list | Body: 0 | Token: eyJraWQi | Raw: GET|/api/reaction/list|1772696930| | Sign: Uk4Xrz9tjqKFKcM8qe8r51FoWj0TU6NlzRjv+bOwwIs=
[2026-03-05T07:48:50.979Z] GET /api/v1/notification/list | Body: 0 | Token: eyJraWQi | Raw: GET|/api/v1/notification/list|1772696930| | Sign: oXODD9dp64VIm5n4AQuvwV27VGJALJRgYXq1Q3LS8m4=
[2026-03-05T07:48:51.133Z] GET /feed/home | Body: 0 | Token: eyJraWQi | Raw: GET|/feed/home|1772696931| | Sign: 01AEL93jngfZPO+EMf3Wy4Lfukuomtvw5UNUBc7lLts=
[2026-03-05T07:48:51.250Z] GET /api/surf/home | Body: 0 | Token: eyJraWQi | Raw: GET|/api/surf/home|1772696931| | Sign: 27bi9LJNd//8pkGTeo61ji4wzBlqH9OgMn6zs6bPgcw=
[2026-03-05T07:49:49.831Z] GET /api/user/me | Body: 0 | Token: eyJraWQi | Raw: GET|/api/user/me|1772696989| | Sign: rNcbE7HROMVEwRiiXzMlqusRzg731zXZCZx/LfpgweY=
[2026-03-05T07:49:50.137Z] GET /api/posts/background-color | Body: 0 | Token: eyJraWQi | Raw: GET|/api/posts/background-color|1772696990| | Sign: aJ7+mJxntLBEfjMOVeQEAm3TeCKFzm5ukDtgfvPBx5M=
[2026-03-05T07:49:50.256Z] GET /api/friend/myFriends | Body: 0 | Token: eyJraWQi | Raw: GET|/api/friend/myFriends|1772696990| | Sign: zL/bdx4/szh4Nmz1JrMitiP7QSgxyPvNsR+emCIeh4M=
[2026-03-05T07:49:50.470Z] GET /api/user/me | Body: 0 | Token: eyJraWQi | Raw: GET|/api/user/me|1772696990| | Sign: kQqZxdIMW/MqXaEGXRkxAMwAMEpckvA0/wkB5rVA9W4=
[2026-03-05T07:49:50.651Z] GET /api/missions/current-user | Body: 0 | Token: eyJraWQi | Raw: GET|/api/missions/current-user|1772696990| | Sign: AzFpiPVD4qPz0Q8wRQWA/VZH567MIRWWPnAfAlztTHI=
[2026-03-05T07:49:50.775Z] GET /api/reaction/list | Body: 0 | Token: eyJraWQi | Raw: GET|/api/reaction/list|1772696990| | Sign: WKnTbZpAjMwE6f6IrHdxDPSRivY924w03pCvdZh5Fw8=
[2026-03-05T07:49:50.958Z] GET /api/v1/notification/list | Body: 0 | Token: eyJraWQi | Raw: GET|/api/v1/notification/list|1772696990| | Sign: /LldgA7KzcdUnOotXtr4Bo4obH3E+Ze/DOVoUtEzaHQ=
[2026-03-05T07:49:51.074Z] GET /feed/home | Body: 0 | Token: eyJraWQi | Raw: GET|/feed/home|1772696991| | Sign: ha+q1Ho6vkfDzvs1l7JAAaPMqsoQKsusVtZjQA8S8YI=
[2026-03-05T07:49:51.233Z] GET /api/surf/home | Body: 0 | Token: eyJraWQi | Raw: GET|/api/surf/home|1772696991| | Sign: Al7J1vLQqaFIg/UdAii72bWpAerSg+IdGNM1XftqRLw=
[2026-03-05T07:50:49.831Z] GET /api/user/me | Body: 0 | Token: eyJraWQi | Raw: GET|/api/user/me|1772697049| | Sign: bgrx+sEn7DznRASGNXRcLRtoEtshjqN1FuxOg5pAQmc=
[2026-03-05T07:50:50.081Z] GET /api/posts/background-color | Body: 0 | Token: eyJraWQi | Raw: GET|/api/posts/background-color|1772697050| | Sign: N3bK2ODXkmqdKtOZ5JWsBr/328QAyDQSJq6qA6Wf8z0=
[2026-03-05T07:50:50.189Z] GET /api/friend/myFriends | Body: 0 | Token: eyJraWQi | Raw: GET|/api/friend/myFriends|1772697050| | Sign: 9Y/X6Pf4g9cJHAcUvvW34vBiCRbEyLpODprLcbrT/2o=
[2026-03-05T07:50:50.374Z] GET /api/user/me | Body: 0 | Token: eyJraWQi | Raw: GET|/api/user/me|1772697050| | Sign: X6fblt1p+Xy9B4sqZbnvW7ae9PYvdepQ5GJf/a7uz1o=
[2026-03-05T07:50:50.528Z] GET /api/missions/current-user | Body: 0 | Token: eyJraWQi | Raw: GET|/api/missions/current-user|1772697050| | Sign: epl7hnYfKErvMVSFi5w8Eqd4sGssgeS1rADFINnKhHY=
[2026-03-05T07:50:50.654Z] GET /api/reaction/list | Body: 0 | Token: eyJraWQi | Raw: GET|/api/reaction/list|1772697050| | Sign: DN9BIe9fdqSJ3M/KfjnpdZ3mGdnDgGzs8UcrRfHSDsc=
[2026-03-05T07:50:50.775Z] GET /api/v1/notification/list | Body: 0 | Token: eyJraWQi | Raw: GET|/api/v1/notification/list|1772697050| | Sign: 2vrD4BZu4nBvohB13AcFjpk6YEwfK0MfKJsYw2kMbRE=
[2026-03-05T07:50:50.886Z] GET /feed/home | Body: 0 | Token: eyJraWQi | Raw: GET|/feed/home|1772697050| | Sign: cFvxGVOTGW+CFeC+z5FG5iGuxLveg2JzJWCuXa+FoRs=
[2026-03-05T07:50:50.998Z] GET /api/surf/home | Body: 0 | Token: eyJraWQi | Raw: GET|/api/surf/home|1772697050| | Sign: PNoLhz3VtF2zRSsNGVMX/WuO3np7fwj98gtEJ0V6YFY=
[2026-03-05T07:51:49.833Z] GET /api/user/me | Body: 0 | Token: eyJraWQi | Raw: GET|/api/user/me|1772697109| | Sign: feAg8CkyWw4PZQHONTthKh2KrUnvOW/GSqMUPDX0Nog=
[2026-03-05T07:51:50.096Z] GET /api/posts/background-color | Body: 0 | Token: eyJraWQi | Raw: GET|/api/posts/background-color|1772697110| | Sign: qDax08xtqqnIh6jEdni88AE26HkeaT+B2g1TX+RGx6Y=
[2026-03-05T07:51:50.214Z] GET /api/friend/myFriends | Body: 0 | Token: eyJraWQi | Raw: GET|/api/friend/myFriends|1772697110| | Sign: BdGY2cSRro4sApbsLGqkmZxnHq3y3kyHmIEu6sJ5eCA=
[2026-03-05T07:51:50.374Z] GET /api/user/me | Body: 0 | Token: eyJraWQi | Raw: GET|/api/user/me|1772697110| | Sign: Z1m7tmLZ/3krFriWfHCqBfHDfE0RhJgf7hyy1aZkB0I=
[2026-03-05T07:51:50.514Z] GET /api/missions/current-user | Body: 0 | Token: eyJraWQi | Raw: GET|/api/missions/current-user|1772697110| | Sign: t40hLNmEwcFZkSrntizoab6MFWrOHNGD/eYwmA2EkQ0=
[2026-03-05T07:51:50.649Z] GET /api/reaction/list | Body: 0 | Token: eyJraWQi | Raw: GET|/api/reaction/list|1772697110| | Sign: KPapDJANjN3GvgVIys34JL+E8fFzQjhcVPex5lvRzcs=
[2026-03-05T07:51:50.777Z] GET /api/v1/notification/list | Body: 0 | Token: eyJraWQi | Raw: GET|/api/v1/notification/list|1772697110| | Sign: /7/UnRr87l+bnurZg3UMJB1jhS+hTeLrMWFGHxdFIiY=
[2026-03-05T07:51:50.895Z] GET /feed/home | Body: 0 | Token: eyJraWQi | Raw: GET|/feed/home|1772697110| | Sign: e36ovBWREVCzfj9KLoQH+7PUwREk9cyWLaoDRV4+PZU=
[2026-03-05T07:51:51.011Z] GET /api/surf/home | Body: 0 | Token: eyJraWQi | Raw: GET|/api/surf/home|1772697111| | Sign: k7cdpuN9gsYGsq1nkdl7H7DlHEjQpSLswYGNxjFNtno=
[2026-03-05T07:52:49.838Z] POST /api/auth/login | Body: 57 | Token: None | Raw: POST|/api/auth/login|1772697169|{"username":"longh1248@gmail.com","password":"Admin@123"} | Sign: bh8BtLgeLIqs85xRK03YdjX+mwQefrlBm2DpPcDBt7o=
[2026-03-05T07:52:50.349Z] GET /api/user/me | Body: 0 | Token: eyJraWQi | Raw: GET|/api/user/me|1772697170| | Sign: wPOqU3lxycz/MImOpHCXmOZL7F/JVu9EkCKtmmvwTG8=
[2026-03-05T07:52:50.547Z] GET /api/posts/background-color | Body: 0 | Token: eyJraWQi | Raw: GET|/api/posts/background-color|1772697170| | Sign: tHWmkMltmVt/hoW364CqoZmruzNx2a7kPZ7Be/vJjmc=
[2026-03-05T07:52:50.667Z] GET /api/friend/myFriends | Body: 0 | Token: eyJraWQi | Raw: GET|/api/friend/myFriends|1772697170| | Sign: 3nIPPEAYRY++KpC6tj+RAJba/VagRWTwt/hhpx7oXiI=
[2026-03-05T07:52:50.811Z] GET /api/user/me | Body: 0 | Token: eyJraWQi | Raw: GET|/api/user/me|1772697170| | Sign: wPOqU3lxycz/MImOpHCXmOZL7F/JVu9EkCKtmmvwTG8=
[2026-03-05T07:52:50.946Z] GET /api/missions/current-user | Body: 0 | Token: eyJraWQi | Raw: GET|/api/missions/current-user|1772697170| | Sign: Xj3dAhMFkcU3z2sUyO5GG6fL8XAwhRXNltB6/ykBr+c=
[2026-03-05T07:52:51.080Z] GET /api/reaction/list | Body: 0 | Token: eyJraWQi | Raw: GET|/api/reaction/list|1772697171| | Sign: DiziEJTxjQCVhMmd7jNkXLaOfRlqhaL8wL5VNKwPxyM=
[2026-03-05T07:52:51.213Z] GET /api/v1/notification/list | Body: 0 | Token: eyJraWQi | Raw: GET|/api/v1/notification/list|1772697171| | Sign: GSCXhJvT6EIJ4xUpoCD+Wxbmvgkr4ACrXeQtafY6HeE=
[2026-03-05T07:52:51.339Z] GET /feed/home | Body: 0 | Token: eyJraWQi | Raw: GET|/feed/home|1772697171| | Sign: 42IjtfxQm/SWUJzeAIbIYR54CukDmqxRl03iVfqK2lw=
[2026-03-05T07:52:51.460Z] GET /api/surf/home | Body: 0 | Token: eyJraWQi | Raw: GET|/api/surf/home|1772697171| | Sign: VeloSmBDYaJHV1DQ1OSw490ioadCCftseN6JwEZwKfg=
[2026-03-05T07:53:49.840Z] GET /api/user/me | Body: 0 | Token: eyJraWQi | Raw: GET|/api/user/me|1772697229| | Sign: W73XJSvme10+XNiFJAis9MiHOY9vD7YTwTCdBX/FdjU=
[2026-03-05T07:53:50.155Z] GET /api/posts/background-color | Body: 0 | Token: eyJraWQi | Raw: GET|/api/posts/background-color|1772697230| | Sign: PKkjkO5mOwAJnSxi3w5vRPRHkUQQu2N4f+gstg0WziA=
[2026-03-05T07:53:50.270Z] GET /api/friend/myFriends | Body: 0 | Token: eyJraWQi | Raw: GET|/api/friend/myFriends|1772697230| | Sign: 5dCvc1SbQOhZKq8gfhkeOnLkgnPcRO7qYfFQpjsXb2A=
[2026-03-05T07:53:50.627Z] GET /api/user/me | Body: 0 | Token: eyJraWQi | Raw: GET|/api/user/me|1772697230| | Sign: mIAVCQvvXw9iCZ7mycE78/TIhSVC/wXTGF1UPwoNx04=
[2026-03-05T07:53:50.762Z] GET /api/missions/current-user | Body: 0 | Token: eyJraWQi | Raw: GET|/api/missions/current-user|1772697230| | Sign: bItZqc0nr3FBL/N7VeYCcAOPmrI6Nds8e/DtaQ85ZwI=
[2026-03-05T07:53:50.913Z] GET /api/reaction/list | Body: 0 | Token: eyJraWQi | Raw: GET|/api/reaction/list|1772697230| | Sign: butDU+FBKRL7wfrnbw0vZA8NS/uQ+0sqDSaP/MTg8Zc=
[2026-03-05T07:53:51.045Z] GET /api/v1/notification/list | Body: 0 | Token: eyJraWQi | Raw: GET|/api/v1/notification/list|1772697231| | Sign: 5fTeNoPJ+BiU28CUwYEuf0GEpi+s4LWXXOGu11lZxyY=
[2026-03-05T07:53:51.167Z] GET /feed/home | Body: 0 | Token: eyJraWQi | Raw: GET|/feed/home|1772697231| | Sign: LeVPss0NcDFfZA5oBGYYRnUiOnK/HYmhKQpuxTyBOmg=
[2026-03-05T07:53:51.281Z] GET /api/surf/home | Body: 0 | Token: eyJraWQi | Raw: GET|/api/surf/home|1772697231| | Sign: 9HBdYe+8sezZewFM4Oj9eLAvx5/T1vToRBtrFUfRRbQ=
[2026-03-05T07:54:49.842Z] POST /api/auth/login | Body: 57 | Token: None | Raw: POST|/api/auth/login|1772697289|{"username":"longh1248@gmail.com","password":"Admin@123"} | Sign: 7GhnVYS97Yua6hwrirJeminkKxJkgVwrJOQtlRYWiII=
[2026-03-05T07:54:50.277Z] GET /api/user/me | Body: 0 | Token: eyJraWQi | Raw: GET|/api/user/me|1772697290| | Sign: DnGDppmPY1bEsnagpJrNZ4i54rI9l3nackfKKSOkl5A=
[2026-03-05T07:54:50.439Z] GET /api/posts/background-color | Body: 0 | Token: eyJraWQi | Raw: GET|/api/posts/background-color|1772697290| | Sign: Wyd3jMLQ+JabLWppBExpvcBvN58/FrNNBiW/KaM96Pk=
[2026-03-05T07:54:50.560Z] GET /api/friend/myFriends | Body: 0 | Token: eyJraWQi | Raw: GET|/api/friend/myFriends|1772697290| | Sign: 4RnjYEk2GvwXi4MgXkeqolTGPg+2wgkaaoHiCGVIpBw=
[2026-03-05T07:54:50.717Z] GET /api/user/me | Body: 0 | Token: eyJraWQi | Raw: GET|/api/user/me|1772697290| | Sign: DnGDppmPY1bEsnagpJrNZ4i54rI9l3nackfKKSOkl5A=
[2026-03-05T07:54:50.844Z] GET /api/missions/current-user | Body: 0 | Token: eyJraWQi | Raw: GET|/api/missions/current-user|1772697290| | Sign: 1jIYvezLSebU0/rW1uvEDSkh/xloth/QHbtgfUnghng=
[2026-03-05T07:54:50.987Z] GET /api/reaction/list | Body: 0 | Token: eyJraWQi | Raw: GET|/api/reaction/list|1772697290| | Sign: lmf1NqL04GVyo4vENu3hLbCXKOopNBXfXigr+NAmSyQ=
[2026-03-05T07:54:51.126Z] GET /api/v1/notification/list | Body: 0 | Token: eyJraWQi | Raw: GET|/api/v1/notification/list|1772697291| | Sign: hRNoXE/7v6szooafvazzVxiRUuvcHRokEXEl7O6LonQ=
[2026-03-05T07:54:51.250Z] GET /feed/home | Body: 0 | Token: eyJraWQi | Raw: GET|/feed/home|1772697291| | Sign: 1l030MbdCwjdIw/sOmNuoW+aGslH3/YimLqsK0DgMEU=
[2026-03-05T07:54:51.392Z] GET /api/surf/home | Body: 0 | Token: eyJraWQi | Raw: GET|/api/surf/home|1772697291| | Sign: swiwKVQQ+O7csKlSzjcb+AxdGErlA1nopk5MgB5Qiys=
[2026-03-05T07:55:49.849Z] GET /api/user/me | Body: 0 | Token: eyJraWQi | Raw: GET|/api/user/me|1772697349| | Sign: GdoFnArBmP06VyFV1MDzK4p4ZMyGZGcxTteyvjR5gTc=
[2026-03-05T07:55:50.310Z] GET /api/posts/background-color | Body: 0 | Token: eyJraWQi | Raw: GET|/api/posts/background-color|1772697350| | Sign: 24zDJqknfzCxZDf9xrJRlpm2XN8OLAjcSS1Q3Tfy01U=
[2026-03-05T07:55:50.474Z] GET /api/friend/myFriends | Body: 0 | Token: eyJraWQi | Raw: GET|/api/friend/myFriends|1772697350| | Sign: l3UCxSwqydCX2wOQpG8okhT1bkzGU30/gg8VuwNjKw4=
[2026-03-05T07:55:50.664Z] GET /api/user/me | Body: 0 | Token: eyJraWQi | Raw: GET|/api/user/me|1772697350| | Sign: XlQgrUft/NcqwjV5NyS8vmGeqyd0thzRMDq0BV0T5fk=
[2026-03-05T07:55:50.833Z] GET /api/missions/current-user | Body: 0 | Token: eyJraWQi | Raw: GET|/api/missions/current-user|1772697350| | Sign: 5Pxz36wGOBmrmp7H3VTSv83LLVpvqiyj8Ue8J6PPBz4=
[2026-03-05T07:55:51.021Z] GET /api/reaction/list | Body: 0 | Token: eyJraWQi | Raw: GET|/api/reaction/list|1772697351| | Sign: GLMj/+AWPbJQ/6c+rWcwUESNvEcq3ykBHi9qxPfDnuQ=
[2026-03-05T07:55:51.202Z] GET /api/v1/notification/list | Body: 0 | Token: eyJraWQi | Raw: GET|/api/v1/notification/list|1772697351| | Sign: jzyipV3+v8VXxyjKRXca5gMx+KVcEtpeFw6iXvJjGFk=
[2026-03-05T07:55:51.366Z] GET /feed/home | Body: 0 | Token: eyJraWQi | Raw: GET|/feed/home|1772697351| | Sign: dWeMh+gYG/DelaTsZbZK0RtOcGAtPg9uFFAYFHhaQMU=
[2026-03-05T07:55:51.528Z] GET /api/surf/home | Body: 0 | Token: eyJraWQi | Raw: GET|/api/surf/home|1772697351| | Sign: muVe9x1bkJTYuwvhKMqEi2CnxCpC1v3ePvi31CR7zfM=
[2026-03-05T07:56:49.854Z] GET /api/user/me | Body: 0 | Token: eyJraWQi | Raw: GET|/api/user/me|1772697409| | Sign: CpYBIgT0FKrxQAGYDn1rJiNzN5BaoKrXVJV4erqakUM=
[2026-03-05T07:56:50.165Z] GET /api/posts/background-color | Body: 0 | Token: eyJraWQi | Raw: GET|/api/posts/background-color|1772697410| | Sign: 9ut4o8ZFoglC/XcTImjLsEzoU+C0A/vBKw9naE+Rwt8=
[2026-03-05T07:56:50.282Z] GET /api/friend/myFriends | Body: 0 | Token: eyJraWQi | Raw: GET|/api/friend/myFriends|1772697410| | Sign: WnbROEUDAMw6YeW3ZZf+SPTX0YpilWdqNPtLH5a6KZ4=
[2026-03-05T07:56:50.473Z] GET /api/user/me | Body: 0 | Token: eyJraWQi | Raw: GET|/api/user/me|1772697410| | Sign: +3Oirudg1HrB4VYKd9TFOhKHI7z+vblxXRujjmpZw6I=
[2026-03-05T07:56:50.620Z] GET /api/missions/current-user | Body: 0 | Token: eyJraWQi | Raw: GET|/api/missions/current-user|1772697410| | Sign: ai8MwIZ74niA3crPx/2jjnEt4QaOxyu+oXFeEh8NXek=
[2026-03-05T07:56:50.849Z] GET /api/reaction/list | Body: 0 | Token: eyJraWQi | Raw: GET|/api/reaction/list|1772697410| | Sign: uhWq9FM7bRmhyqdW07rRMOEPpppktFcKL+WIPWYQe9o=
[2026-03-05T07:56:50.973Z] GET /api/v1/notification/list | Body: 0 | Token: eyJraWQi | Raw: GET|/api/v1/notification/list|1772697410| | Sign: LamLQKE4fgzmuMYfNDUEtYtZgvaUvwpt7p705tdYPSA=
[2026-03-05T07:56:51.137Z] GET /feed/home | Body: 0 | Token: eyJraWQi | Raw: GET|/feed/home|1772697411| | Sign: 5y+MaX6PelovW19rHuqLpV/r1kHQLkNcrBBsfjU1h6Y=
[2026-03-05T07:56:51.252Z] GET /api/surf/home | Body: 0 | Token: eyJraWQi | Raw: GET|/api/surf/home|1772697411| | Sign: q6a5KA6pPLERTQ91c2AxKN16c+ADGF/6nM0q67rwm/M=
[2026-03-05T07:57:49.855Z] POST /api/auth/login | Body: 57 | Token: None | Raw: POST|/api/auth/login|1772697469|{"username":"longh1248@gmail.com","password":"Admin@123"} | Sign: k0m77MlNAY8RDgg/RXhkI2Bu/pqXYlMrMzLBh+Z1rFE=
[2026-03-05T07:57:50.388Z] GET /api/user/me | Body: 0 | Token: eyJraWQi | Raw: GET|/api/user/me|1772697470| | Sign: PvAnoeua/RdbExBHX1tQZ4rSsk2qNLwEazJ3tv6rRr4=
[2026-03-05T07:57:50.532Z] GET /api/posts/background-color | Body: 0 | Token: eyJraWQi | Raw: GET|/api/posts/background-color|1772697470| | Sign: qbdFbE536GjqoDajyTXqxiLnTfiMTYPb8A2vPik/FXw=
[2026-03-05T07:57:50.653Z] GET /api/friend/myFriends | Body: 0 | Token: eyJraWQi | Raw: GET|/api/friend/myFriends|1772697470| | Sign: ywZ6alb8E3JNQ1mc5R153bdlG4MA+HHknFoJHBQ4EaI=
[2026-03-05T07:57:50.795Z] GET /api/user/me | Body: 0 | Token: eyJraWQi | Raw: GET|/api/user/me|1772697470| | Sign: PvAnoeua/RdbExBHX1tQZ4rSsk2qNLwEazJ3tv6rRr4=
[2026-03-05T07:57:50.935Z] GET /api/missions/current-user | Body: 0 | Token: eyJraWQi | Raw: GET|/api/missions/current-user|1772697470| | Sign: h6rFZFIseOxQmnoCL7ap/6pTlUC8QbFFyr0UBaHSuvQ=
[2026-03-05T07:57:51.067Z] GET /api/reaction/list | Body: 0 | Token: eyJraWQi | Raw: GET|/api/reaction/list|1772697471| | Sign: xP5FememxwbFVB3K7qo1UaeeaVa/5S0SDGdULHjVKRg=
[2026-03-05T07:57:51.210Z] GET /api/v1/notification/list | Body: 0 | Token: eyJraWQi | Raw: GET|/api/v1/notification/list|1772697471| | Sign: ChjjqTT3TOkOhMfqsgrfZQOvdpqI6KyF6X5Qe7F57FQ=
[2026-03-05T07:57:51.333Z] GET /feed/home | Body: 0 | Token: eyJraWQi | Raw: GET|/feed/home|1772697471| | Sign: OmEDLz45sL3SJ4AV0k4Fyu2ufhwNk/y5MSozruBg9O8=
[2026-03-05T07:57:51.455Z] GET /api/surf/home | Body: 0 | Token: eyJraWQi | Raw: GET|/api/surf/home|1772697471| | Sign: ASh+LW15QWsgIGfQevqLff8QJy8kwKXlRt/vCg8wB4A=
[2026-03-05T07:58:49.858Z] GET /api/user/me | Body: 0 | Token: eyJraWQi | Raw: GET|/api/user/me|1772697529| | Sign: e+7PyTCRSmlnm5LyWY9JyqnkWdMP8rsMMwIgbhlOh8A=
[2026-03-05T07:58:50.189Z] GET /api/posts/background-color | Body: 0 | Token: eyJraWQi | Raw: GET|/api/posts/background-color|1772697530| | Sign: NdjuvUi4+dLAluqMCbcR1X99sGfjcKnDXj2xWoxbofQ=
[2026-03-05T07:58:50.313Z] GET /api/friend/myFriends | Body: 0 | Token: eyJraWQi | Raw: GET|/api/friend/myFriends|1772697530| | Sign: wD/SvnS2pvKh2vx2nZSniXzjjo+uFfKFwBRiRULjub4=
[2026-03-05T07:58:50.464Z] GET /api/user/me | Body: 0 | Token: eyJraWQi | Raw: GET|/api/user/me|1772697530| | Sign: GD7Hg6mQkToOIJacLiQFGkm5OH1S+5dlafiY75i6K88=
[2026-03-05T07:58:50.614Z] GET /api/missions/current-user | Body: 0 | Token: eyJraWQi | Raw: GET|/api/missions/current-user|1772697530| | Sign: xb5GBNSt8ZFnzwEz/xQ1BBSCa+5mYXHuOgaLuOu7gh0=
[2026-03-05T07:58:50.757Z] GET /api/reaction/list | Body: 0 | Token: eyJraWQi | Raw: GET|/api/reaction/list|1772697530| | Sign: W/KaDZreL7GfZt04hweKnIHt9vz7TrlZWffbCbmXju4=
[2026-03-05T07:58:50.893Z] GET /api/v1/notification/list | Body: 0 | Token: eyJraWQi | Raw: GET|/api/v1/notification/list|1772697530| | Sign: zd7woDfpfYjqTGRnQOK2Yc1gv2vgv4YL08xRFNgi+e0=
[2026-03-05T07:58:51.010Z] GET /feed/home | Body: 0 | Token: eyJraWQi | Raw: GET|/feed/home|1772697531| | Sign: J/ElN4vd3wMKQ1JAc5J/vo30RpxDatZBbMv6yDW46lM=
[2026-03-05T07:58:51.133Z] GET /api/surf/home | Body: 0 | Token: eyJraWQi | Raw: GET|/api/surf/home|1772697531| | Sign: IgRcUjxMnnds3tSlbN1Kb2ocdWbSFoteeOH4zHXDz+Y=
[2026-03-05T07:59:49.875Z] GET /api/user/me | Body: 0 | Token: eyJraWQi | Raw: GET|/api/user/me|1772697589| | Sign: d0prCKkmzMl4nUqByw8zz5PrkqqZo3w8nmhSFSx8G8Y=
[2026-03-05T07:59:50.131Z] GET /api/posts/background-color | Body: 0 | Token: eyJraWQi | Raw: GET|/api/posts/background-color|1772697590| | Sign: e/kULIY8clqCjKi3DPuQpO3EKSuNQKR88e8Rc5JU9aI=
[2026-03-05T07:59:50.295Z] GET /api/friend/myFriends | Body: 0 | Token: eyJraWQi | Raw: GET|/api/friend/myFriends|1772697590| | Sign: 4veYSixtaFHtvS/YmAJJ/J4km68KV2z8B9Km83PPBGY=
[2026-03-05T07:59:50.465Z] GET /api/user/me | Body: 0 | Token: eyJraWQi | Raw: GET|/api/user/me|1772697590| | Sign: RQ8aKlR5QUJzuanJGudWnvruria8kU5LY+cTUSiwac8=
[2026-03-05T07:59:50.651Z] GET /api/missions/current-user | Body: 0 | Token: eyJraWQi | Raw: GET|/api/missions/current-user|1772697590| | Sign: AwEgWePJ6XfWgNO/kc4XoVTM0tDd6ONTJLudvxWRAWM=
[2026-03-05T07:59:50.812Z] GET /api/reaction/list | Body: 0 | Token: eyJraWQi | Raw: GET|/api/reaction/list|1772697590| | Sign: CPKt59CstOoVwHnKTFOWHCvqOD3fN3xvfmm67KtfopA=
[2026-03-05T07:59:50.937Z] GET /api/v1/notification/list | Body: 0 | Token: eyJraWQi | Raw: GET|/api/v1/notification/list|1772697590| | Sign: nF/z6NR8UE36jgjBxcWUhIbVTGGuLLTAAz3npfINkGU=
[2026-03-05T07:59:51.050Z] GET /feed/home | Body: 0 | Token: eyJraWQi | Raw: GET|/feed/home|1772697591| | Sign: pSr9hCjBp0VKLOhHMNibOsBgMoh8UcCuadvdRMZS3+Y=
[2026-03-05T07:59:51.168Z] GET /api/surf/home | Body: 0 | Token: eyJraWQi | Raw: GET|/api/surf/home|1772697591| | Sign: W/ZSOZHnzoYIHs9/YOjekz/GK2f07ShHV7CdFNcMgnE=
[2026-03-05T08:00:49.877Z] POST /api/auth/login | Body: 57 | Token: None | Raw: POST|/api/auth/login|1772697649|{"username":"longh1248@gmail.com","password":"Admin@123"} | Sign: aWMKgZ+VVz5JoByXFMqmvThGlCG3r5dHoH3/iUIXMsM=
[2026-03-05T08:00:50.309Z] GET /api/user/me | Body: 0 | Token: eyJraWQi | Raw: GET|/api/user/me|1772697650| | Sign: RS5AURh829C7NPe1zYmfwnemifzHmIQ7Rh2bmVzwcmU=
[2026-03-05T08:00:50.460Z] GET /api/posts/background-color | Body: 0 | Token: eyJraWQi | Raw: GET|/api/posts/background-color|1772697650| | Sign: PEHyvP2jRmjDBGfGa53JESKVJ22/iZxJ18KkemmrlTs=
[2026-03-05T08:00:50.574Z] GET /api/friend/myFriends | Body: 0 | Token: eyJraWQi | Raw: GET|/api/friend/myFriends|1772697650| | Sign: EYCO0Va/1z2Jap8wyzxeimSInXfzZqqnol7D0UhzxzU=
[2026-03-05T08:00:50.721Z] GET /api/user/me | Body: 0 | Token: eyJraWQi | Raw: GET|/api/user/me|1772697650| | Sign: RS5AURh829C7NPe1zYmfwnemifzHmIQ7Rh2bmVzwcmU=
[2026-03-05T08:00:50.873Z] GET /api/missions/current-user | Body: 0 | Token: eyJraWQi | Raw: GET|/api/missions/current-user|1772697650| | Sign: iXOntcrlICECpOF4ANEWZNi/SqapraHqMTRx99dzZgo=
[2026-03-05T08:00:51.029Z] GET /api/reaction/list | Body: 0 | Token: eyJraWQi | Raw: GET|/api/reaction/list|1772697651| | Sign: HXCj7RhkAcaMVrbw8agIqSJ5FzDZJ8p4kVeAUR5v95k=
[2026-03-05T08:00:51.157Z] GET /api/v1/notification/list | Body: 0 | Token: eyJraWQi | Raw: GET|/api/v1/notification/list|1772697651| | Sign: Y/1kG3UyQayb29vOy23TjC1O2aoFlT5XtZFnem92eNA=
[2026-03-05T08:00:51.275Z] GET /feed/home | Body: 0 | Token: eyJraWQi | Raw: GET|/feed/home|1772697651| | Sign: 7bvVAFsrtiHo/cA4qcE9XT9yzWkevf6zMTJbtChHoi4=
[2026-03-05T08:00:51.391Z] GET /api/surf/home | Body: 0 | Token: eyJraWQi | Raw: GET|/api/surf/home|1772697651| | Sign: HGfs7B47/fQBDgv6uldyNpBWJReIQZi9ZZx4xQDbn0A=
[2026-03-05T08:01:49.881Z] POST /api/auth/login | Body: 57 | Token: None | Raw: POST|/api/auth/login|1772697709|{"username":"longh1248@gmail.com","password":"Admin@123"} | Sign: DutzqL+Z+OnURzl2YUVgmhCsh3uWqZZORQttb4XBtBc=
[2026-03-05T08:01:50.303Z] GET /api/user/me | Body: 0 | Token: eyJraWQi | Raw: GET|/api/user/me|1772697710| | Sign: NJWcOhpM+NR3WRt4LDm48+/bpgMEyXly8Tv0AjYxfGY=
[2026-03-05T08:01:50.502Z] GET /api/posts/background-color | Body: 0 | Token: eyJraWQi | Raw: GET|/api/posts/background-color|1772697710| | Sign: tMrnxrH8UqhMF5Z9Dhb8BhxnSydunAY+NW4k14TYinM=
[2026-03-05T08:01:50.629Z] GET /api/friend/myFriends | Body: 0 | Token: eyJraWQi | Raw: GET|/api/friend/myFriends|1772697710| | Sign: x+vxXFnH4DevUKC8/nT1wsuI6wCsYSB5SG6V/R5g9gM=
[2026-03-05T08:01:50.805Z] GET /api/user/me | Body: 0 | Token: eyJraWQi | Raw: GET|/api/user/me|1772697710| | Sign: NJWcOhpM+NR3WRt4LDm48+/bpgMEyXly8Tv0AjYxfGY=
[2026-03-05T08:01:50.945Z] GET /api/missions/current-user | Body: 0 | Token: eyJraWQi | Raw: GET|/api/missions/current-user|1772697710| | Sign: fr/Djt3N/8GKodSLtLprVi03Hfk5VVMxdZeXCFMD3i4=
[2026-03-05T08:01:51.114Z] GET /api/reaction/list | Body: 0 | Token: eyJraWQi | Raw: GET|/api/reaction/list|1772697711| | Sign: 00X47OIYU6/n/PKb1E9wryzvxXmeLT7LnMe6mNDBrXE=
[2026-03-05T08:01:51.263Z] GET /api/v1/notification/list | Body: 0 | Token: eyJraWQi | Raw: GET|/api/v1/notification/list|1772697711| | Sign: 5wcqpGDzpfKa6iiKqK/I91wWWeHK2ylXZ8Vk6HhvXeo=
[2026-03-05T08:01:51.394Z] GET /feed/home | Body: 0 | Token: eyJraWQi | Raw: GET|/feed/home|1772697711| | Sign: 3BJVnqEeNXlt0X4MujxZdWJY+AOAJfUt/Dm9HRuR8Xk=
[2026-03-05T08:01:51.525Z] GET /api/surf/home | Body: 0 | Token: eyJraWQi | Raw: GET|/api/surf/home|1772697711| | Sign: IpdjH8QW8krsDAn750Dv1S3ubhty4IIIi4Xfoakiw5E=
[2026-03-05T08:02:49.890Z] GET /api/user/me | Body: 0 | Token: eyJraWQi | Raw: GET|/api/user/me|1772697769| | Sign: 1sHfzqCXiIAzbz+YIJxjGW8YUCk1TVQCKewClRuUS14=
[2026-03-05T08:02:50.240Z] GET /api/posts/background-color | Body: 0 | Token: eyJraWQi | Raw: GET|/api/posts/background-color|1772697770| | Sign: 9IE7vODFf5g7hK9DATgmgYp7JKCg17OQFofKaPBFU/4=
[2026-03-05T08:02:50.365Z] GET /api/friend/myFriends | Body: 0 | Token: eyJraWQi | Raw: GET|/api/friend/myFriends|1772697770| | Sign: mUHxqYvzak769MMP6rXV0Hp7JukpQ1YbQsxLU2mZJ4U=
[2026-03-05T08:02:50.523Z] GET /api/user/me | Body: 0 | Token: eyJraWQi | Raw: GET|/api/user/me|1772697770| | Sign: b+68eGa7ilwZ9KgLz3giYiplWiwV8GP3c4qEZAn75dE=
[2026-03-05T08:02:50.681Z] GET /api/missions/current-user | Body: 0 | Token: eyJraWQi | Raw: GET|/api/missions/current-user|1772697770| | Sign: H1AVWS1XnlMNIx/ai7QtudYwToP13gW9t9KrNG2aYDc=
[2026-03-05T08:02:50.814Z] GET /api/reaction/list | Body: 0 | Token: eyJraWQi | Raw: GET|/api/reaction/list|1772697770| | Sign: IlX/i+LAtxqwevoLDzSErPH6w8pfwKRodPCjaixy9yQ=
[2026-03-05T08:02:50.945Z] GET /api/v1/notification/list | Body: 0 | Token: eyJraWQi | Raw: GET|/api/v1/notification/list|1772697770| | Sign: AEhL1Z729w11dnWQtMvcToc+bhGBjbrIDPNdXf0DyhY=
[2026-03-05T08:02:51.066Z] GET /feed/home | Body: 0 | Token: eyJraWQi | Raw: GET|/feed/home|1772697771| | Sign: Ave1DFeOi/FQsyC+jqBDfyPpEd45LS3VYjnupzxeNGk=
[2026-03-05T08:02:51.199Z] GET /api/surf/home | Body: 0 | Token: eyJraWQi | Raw: GET|/api/surf/home|1772697771| | Sign: F2ZrXrjMGw7dPEK06w90UETnZR/45hyJj1C8wmrXPb8=
[2026-03-05T08:03:49.892Z] GET /api/user/me | Body: 0 | Token: eyJraWQi | Raw: GET|/api/user/me|1772697829| | Sign: IrZDJ9MQl83bgWfPCFQK5fneCpecxGQoBIfoWRWUdt4=
[2026-03-05T08:03:50.212Z] GET /api/posts/background-color | Body: 0 | Token: eyJraWQi | Raw: GET|/api/posts/background-color|1772697830| | Sign: GrrlZkItFaGgTl2bT44lFN8bN7hdxWcWegJ4e5TYWl4=
[2026-03-05T08:03:50.326Z] GET /api/friend/myFriends | Body: 0 | Token: eyJraWQi | Raw: GET|/api/friend/myFriends|1772697830| | Sign: z3AhOGU6s1DPXRn6ukbj9XiHRpAkx6NXdnG2BOx0W3M=
[2026-03-05T08:03:50.496Z] GET /api/user/me | Body: 0 | Token: eyJraWQi | Raw: GET|/api/user/me|1772697830| | Sign: P5khVdFrD4tay0czDK2qq+unSdNriTQb8uNcWtYEl4o=
[2026-03-05T08:03:50.641Z] GET /api/missions/current-user | Body: 0 | Token: eyJraWQi | Raw: GET|/api/missions/current-user|1772697830| | Sign: eDVIkmX3Hmicoa3T779PTQiwYhx/wOlaRQ9MO0j9x3E=
[2026-03-05T08:03:50.761Z] GET /api/reaction/list | Body: 0 | Token: eyJraWQi | Raw: GET|/api/reaction/list|1772697830| | Sign: ZbMHXAPpgVcH9aKaqSFf66nmsVVXLd+hT2hcLGkpJxU=
[2026-03-05T08:03:50.885Z] GET /api/v1/notification/list | Body: 0 | Token: eyJraWQi | Raw: GET|/api/v1/notification/list|1772697830| | Sign: 0SFJL5uQ6WP9hobKYHI0Sxc/C4emWCDuSOnhZpW95S0=
[2026-03-05T08:03:51.001Z] GET /feed/home | Body: 0 | Token: eyJraWQi | Raw: GET|/feed/home|1772697831| | Sign: d1vL3HEk2lL7wyn6oTXpG1Pv9vPKk8areC1udE1bzGc=
[2026-03-05T08:03:51.116Z] GET /api/surf/home | Body: 0 | Token: eyJraWQi | Raw: GET|/api/surf/home|1772697831| | Sign: kHuFO03k0U75iuqafqm61KyMzgOSy0VpBXUPdXjxRf4=
[2026-03-05T08:04:49.897Z] GET /api/user/me | Body: 0 | Token: eyJraWQi | Raw: GET|/api/user/me|1772697889| | Sign: gGgBfsRS1xH4EizXa89GeXKdpqxgQ3xO5THsiACzGQs=
[2026-03-05T08:04:50.173Z] GET /api/posts/background-color | Body: 0 | Token: eyJraWQi | Raw: GET|/api/posts/background-color|1772697890| | Sign: isG6gxRYSy2HGn1vXP+EYsbDWEBJ7xtrmP4sRPO7F9Y=
[2026-03-05T08:04:50.295Z] GET /api/friend/myFriends | Body: 0 | Token: eyJraWQi | Raw: GET|/api/friend/myFriends|1772697890| | Sign: TPaf00dXwu9nV2h0WuLPBzVI4yHM5kVEQrseoNb3zYc=
[2026-03-05T08:04:50.464Z] GET /api/user/me | Body: 0 | Token: eyJraWQi | Raw: GET|/api/user/me|1772697890| | Sign: yHMT0whZp7YQndH0xjdPzL9wNiYinXKWHNEsoA+ZRUs=
[2026-03-05T08:04:50.619Z] GET /api/missions/current-user | Body: 0 | Token: eyJraWQi | Raw: GET|/api/missions/current-user|1772697890| | Sign: yVxsQ191FuP4mVR/Fv3ezraDEZhi5y4csQdcOUoIOBU=
[2026-03-05T08:04:50.755Z] GET /api/reaction/list | Body: 0 | Token: eyJraWQi | Raw: GET|/api/reaction/list|1772697890| | Sign: +p7EymHdvwcNOZ8UmjVjQDLnsjIzdAJsBEEps6h1ck0=
[2026-03-05T08:04:50.883Z] GET /api/v1/notification/list | Body: 0 | Token: eyJraWQi | Raw: GET|/api/v1/notification/list|1772697890| | Sign: A4a2wnMuHEf+o+4uyuSoB8ixEFgQb9t8qyfTBy323ZY=
[2026-03-05T08:04:51.009Z] GET /feed/home | Body: 0 | Token: eyJraWQi | Raw: GET|/feed/home|1772697891| | Sign: OpzyyYEWKW/dUf6aHY9IUdgRgVKxOipTsfk5A8a3NiE=
[2026-03-05T08:04:51.134Z] GET /api/surf/home | Body: 0 | Token: eyJraWQi | Raw: GET|/api/surf/home|1772697891| | Sign: d7RKzw7pkgV3PENndAr7M/CRtzNnU5zk34OgSX47Qck=
[2026-03-05T08:05:49.895Z] GET /api/user/me | Body: 0 | Token: eyJraWQi | Raw: GET|/api/user/me|1772697949| | Sign: 2/bchVlRL6NUCK6VIZg12AF4371vqvu7pNAKzZV91Mw=
[2026-03-05T08:05:50.198Z] GET /api/posts/background-color | Body: 0 | Token: eyJraWQi | Raw: GET|/api/posts/background-color|1772697950| | Sign: r5WBMaRYZ/4OkYwaF76rYtglR6Aj6hhffBiylSKPU9s=
[2026-03-05T08:05:50.304Z] GET /api/friend/myFriends | Body: 0 | Token: eyJraWQi | Raw: GET|/api/friend/myFriends|1772697950| | Sign: p+eOwe+mSA7ggdCkK3vMLHMnhUKOL2cUnmPZKdgNbMM=
[2026-03-05T08:05:50.451Z] GET /api/user/me | Body: 0 | Token: eyJraWQi | Raw: GET|/api/user/me|1772697950| | Sign: 0JehyBu3fiRjH8WAC42MDYcYHsOO6DacEuzHdAzrzuE=
[2026-03-05T08:05:50.566Z] GET /api/missions/current-user | Body: 0 | Token: eyJraWQi | Raw: GET|/api/missions/current-user|1772697950| | Sign: 1ZstTIcvbTqkEeSaN3fhDgSGLRgIx9hwNx/lIOQ/LKw=
[2026-03-05T08:05:50.684Z] GET /api/reaction/list | Body: 0 | Token: eyJraWQi | Raw: GET|/api/reaction/list|1772697950| | Sign: jIJhvhGumHu41vTj4vsdAUoQRSfHmrkjdBEGH2FxS0Y=
[2026-03-05T08:05:50.807Z] GET /api/v1/notification/list | Body: 0 | Token: eyJraWQi | Raw: GET|/api/v1/notification/list|1772697950| | Sign: ZXpzYqTFYD5uW+GLz3VTTAJEF2ofuOuS4K5e45KL9mA=
[2026-03-05T08:05:50.913Z] GET /feed/home | Body: 0 | Token: eyJraWQi | Raw: GET|/feed/home|1772697950| | Sign: QJp7Dqz6qn3rZPs+MyLbhFgLE57P2ley3Sk4pgRMyxk=
[2026-03-05T08:05:51.023Z] GET /api/surf/home | Body: 0 | Token: eyJraWQi | Raw: GET|/api/surf/home|1772697951| | Sign: 2G5OK3NuzZJHn99u5sHMAjleqcClUD80ZcOWFezmeBc=
[2026-03-05T08:06:49.898Z] GET /api/user/me | Body: 0 | Token: eyJraWQi | Raw: GET|/api/user/me|1772698009| | Sign: sRl71yFCetrRNONmErTldf8PLK8dKfPcaHmPdC0EW+0=
[2026-03-05T08:06:50.222Z] GET /api/posts/background-color | Body: 0 | Token: eyJraWQi | Raw: GET|/api/posts/background-color|1772698010| | Sign: /tNmEre38S8gNGtBNT/s0O48Hbbtb9NJaA+wxNkOVe0=
[2026-03-05T08:06:50.358Z] GET /api/friend/myFriends | Body: 0 | Token: eyJraWQi | Raw: GET|/api/friend/myFriends|1772698010| | Sign: fDt4SoNdqKNsQUXeeO2nyvNbQiQxTFTksWkFCOXZZKk=
[2026-03-05T08:06:50.514Z] GET /api/user/me | Body: 0 | Token: eyJraWQi | Raw: GET|/api/user/me|1772698010| | Sign: fUzLW4Ct6cFS/+IBKA3ihotnk+sxxD2zCjAkb3GOcY8=
[2026-03-05T08:06:50.666Z] GET /api/missions/current-user | Body: 0 | Token: eyJraWQi | Raw: GET|/api/missions/current-user|1772698010| | Sign: GxMi97ZIdExUzQ+uMhtZ/VuU0SY27A0rnM8SRpQ2yog=
[2026-03-05T08:06:50.792Z] GET /api/reaction/list | Body: 0 | Token: eyJraWQi | Raw: GET|/api/reaction/list|1772698010| | Sign: lgRP4jW0Jl/Z9Lfl5mAf2Tee+dss1JhQHO3NDaXST9A=
[2026-03-05T08:06:50.927Z] GET /api/v1/notification/list | Body: 0 | Token: eyJraWQi | Raw: GET|/api/v1/notification/list|1772698010| | Sign: 0feja8okQ6xXVep7W4BlqDVhWZ8D4N4czJnIqV9PeZ4=
[2026-03-05T08:06:51.050Z] GET /feed/home | Body: 0 | Token: eyJraWQi | Raw: GET|/feed/home|1772698011| | Sign: Y9XqDedF0wuDFvrPBUnOvcC1D1MkKPXFcCKTwZfD5lo=
[2026-03-05T08:06:51.169Z] GET /api/surf/home | Body: 0 | Token: eyJraWQi | Raw: GET|/api/surf/home|1772698011| | Sign: qns5+Pfv05I5UlzlZRuB1JJVwUNFMPvx0sYEn7Q44Dk=
[2026-03-05T08:07:49.909Z] GET /api/user/me | Body: 0 | Token: eyJraWQi | Raw: GET|/api/user/me|1772698069| | Sign: De7vkLJebfbLzEnD+gaTmbw9yIbQawuFnKjb6WWIyuQ=
[2026-03-05T08:07:50.204Z] GET /api/posts/background-color | Body: 0 | Token: eyJraWQi | Raw: GET|/api/posts/background-color|1772698070| | Sign: /JSk9QVKOSxkfdDGwTeY5WjrvVf/8r+Yuw09UTr8Mhc=
[2026-03-05T08:07:50.337Z] GET /api/friend/myFriends | Body: 0 | Token: eyJraWQi | Raw: GET|/api/friend/myFriends|1772698070| | Sign: Jtyy/A/M+6aO6hfw24ibhZq6rxErcCMG7Uxxq4vYrX0=
[2026-03-05T08:07:50.519Z] GET /api/user/me | Body: 0 | Token: eyJraWQi | Raw: GET|/api/user/me|1772698070| | Sign: k0Tc7MDCwQexHXpKMGghj2S6Gx72OPSa3fqPP1KHUEU=
[2026-03-05T08:07:50.696Z] GET /api/missions/current-user | Body: 0 | Token: eyJraWQi | Raw: GET|/api/missions/current-user|1772698070| | Sign: RyoSh1xNWfWpgHCf3xiNOf1mXR+ZzVWNYirzFuNiekA=
[2026-03-05T08:07:50.853Z] GET /api/reaction/list | Body: 0 | Token: eyJraWQi | Raw: GET|/api/reaction/list|1772698070| | Sign: k7q8g0yC4nUM3+lXh10tiDnNeOMULNpWO9O7EqR6Kyk=
[2026-03-05T08:07:50.992Z] GET /api/v1/notification/list | Body: 0 | Token: eyJraWQi | Raw: GET|/api/v1/notification/list|1772698070| | Sign: z/XCmGOrdcvQmFuq2l64AH3heQbt1IJWaAgjzjky+/I=
[2026-03-05T08:07:51.117Z] GET /feed/home | Body: 0 | Token: eyJraWQi | Raw: GET|/feed/home|1772698071| | Sign: t1eW6ZOSMawgWmw6F1cuoZe0WUbp2ItyXSaD0PSyHTA=
[2026-03-05T08:07:51.240Z] GET /api/surf/home | Body: 0 | Token: eyJraWQi | Raw: GET|/api/surf/home|1772698071| | Sign: eZDm/R+GTbY6STf06KFWZbq0Ai8UkPFopvhg+nsurhg=
[2026-03-05T08:08:49.915Z] GET /api/user/me | Body: 0 | Token: eyJraWQi | Raw: GET|/api/user/me|1772698129| | Sign: Bt6HOyu5gE3vj3vCmcW29FadVTMTMYUZJ/ArDn2rd68=
[2026-03-05T08:08:50.212Z] GET /api/posts/background-color | Body: 0 | Token: eyJraWQi | Raw: GET|/api/posts/background-color|1772698130| | Sign: vU2IAupgdJMg1sBpl8wEgMLbo9VHPakbNiDewXw7GPc=
[2026-03-05T08:08:50.339Z] GET /api/friend/myFriends | Body: 0 | Token: eyJraWQi | Raw: GET|/api/friend/myFriends|1772698130| | Sign: nnUVb6w7hPVKvhO0G8xWfvFL9w0g/2Jt1YMUF3GGwLI=
[2026-03-05T08:08:50.552Z] GET /api/user/me | Body: 0 | Token: eyJraWQi | Raw: GET|/api/user/me|1772698130| | Sign: 3X8WU5WbjBp2tM4VEnG2gtj8D6kCEoTZpULXqWSw8UE=
[2026-03-05T08:08:50.706Z] GET /api/missions/current-user | Body: 0 | Token: eyJraWQi | Raw: GET|/api/missions/current-user|1772698130| | Sign: GXa6elj4WLVRCN39iFXcRb3reEH+tvB+8LcpgV2Y+rA=
[2026-03-05T08:08:50.867Z] GET /api/reaction/list | Body: 0 | Token: eyJraWQi | Raw: GET|/api/reaction/list|1772698130| | Sign: FLKLUSnbEzgQA7bOaBnKsyJnGASBEyODgOK2k6PX1h4=
[2026-03-05T08:08:50.999Z] GET /api/v1/notification/list | Body: 0 | Token: eyJraWQi | Raw: GET|/api/v1/notification/list|1772698130| | Sign: ll7DcamficdELLo+Zkz4W2ArHXp1RObiOqzAMTw5DTg=
[2026-03-05T08:08:51.107Z] GET /feed/home | Body: 0 | Token: eyJraWQi | Raw: GET|/feed/home|1772698131| | Sign: 1KMbACa59T45BKFdEBCEIl+krdLr4XHRBCaKdEIL4lc=
[2026-03-05T08:08:51.226Z] GET /api/surf/home | Body: 0 | Token: eyJraWQi | Raw: GET|/api/surf/home|1772698131| | Sign: ZHoKbruqwnLO/+klzsKy02WoPgGFFKXbTFSXOs28k/k=
[2026-03-05T08:09:49.919Z] GET /api/user/me | Body: 0 | Token: eyJraWQi | Raw: GET|/api/user/me|1772698189| | Sign: 3r0zvJvpixiQiSq7bqKiraausPnPf1usgWyR3PLEvxY=
[2026-03-05T08:09:50.280Z] GET /api/posts/background-color | Body: 0 | Token: eyJraWQi | Raw: GET|/api/posts/background-color|1772698190| | Sign: 8BEW0yIE2W/PexXgOgkRfBkrubeEe+0AV3Q4g1cFfpE=
[2026-03-05T08:09:50.404Z] GET /api/friend/myFriends | Body: 0 | Token: eyJraWQi | Raw: GET|/api/friend/myFriends|1772698190| | Sign: Bel3FpSAmbyf0i05i5mwH82AOBFU9iFiWW40uQnXPeU=
[2026-03-05T08:09:50.594Z] GET /api/user/me | Body: 0 | Token: eyJraWQi | Raw: GET|/api/user/me|1772698190| | Sign: U2HL9J5WqOpDSrKIhpZVxL9LDa9GPbFckEVHpiA2A+I=
[2026-03-05T08:09:50.733Z] GET /api/missions/current-user | Body: 0 | Token: eyJraWQi | Raw: GET|/api/missions/current-user|1772698190| | Sign: ga4GDZB3JwGHz1MXyu4zZ8qWVWwKjfHMQfAVCafX7wk=
[2026-03-05T08:09:51.163Z] GET /api/reaction/list | Body: 0 | Token: eyJraWQi | Raw: GET|/api/reaction/list|1772698191| | Sign: 3DEb60UJO7lxcRG1n0LOZ0k5l7sxOVJYN4mByqKwBag=
[2026-03-05T08:09:51.289Z] GET /api/v1/notification/list | Body: 0 | Token: eyJraWQi | Raw: GET|/api/v1/notification/list|1772698191| | Sign: dJADqdtlzZqWKwkSvZVWNFdCsuC3BoesLxW1GKD9Kt8=
[2026-03-05T08:09:51.407Z] GET /feed/home | Body: 0 | Token: eyJraWQi | Raw: GET|/feed/home|1772698191| | Sign: c2FT/528ZmNLn1DPzvIy8jh+2Ajv3YffW/imkudJIis=
[2026-03-05T08:09:51.529Z] GET /api/surf/home | Body: 0 | Token: eyJraWQi | Raw: GET|/api/surf/home|1772698191| | Sign: gRppqCBcSffUTiP4eeiIZHSghMgiwv9Io1X4xtKHC98=
[2026-03-05T08:10:49.919Z] POST /api/auth/login | Body: 57 | Token: None | Raw: POST|/api/auth/login|1772698249|{"username":"longh1248@gmail.com","password":"Admin@123"} | Sign: sT6chd0jeha2hg9dDsBO+sYREa1FBxQFzSOKhXFwr98=
[2026-03-05T08:10:50.376Z] GET /api/user/me | Body: 0 | Token: eyJraWQi | Raw: GET|/api/user/me|1772698250| | Sign: vOa86rjeqXUuCVhQ+/cEoIL0JiSylxSdVuT2xgQz3ss=
[2026-03-05T08:10:50.531Z] GET /api/posts/background-color | Body: 0 | Token: eyJraWQi | Raw: GET|/api/posts/background-color|1772698250| | Sign: lRro3/wV7KOy73OXI9C+vIWjsS3y/9Lhr0lOyikbUZM=
[2026-03-05T08:10:50.657Z] GET /api/friend/myFriends | Body: 0 | Token: eyJraWQi | Raw: GET|/api/friend/myFriends|1772698250| | Sign: m3mQ8cAuUqwL/urexvUGiSHZd2PH0jmnLDXHfsd1uxY=
[2026-03-05T08:10:50.802Z] GET /api/user/me | Body: 0 | Token: eyJraWQi | Raw: GET|/api/user/me|1772698250| | Sign: vOa86rjeqXUuCVhQ+/cEoIL0JiSylxSdVuT2xgQz3ss=
[2026-03-05T08:10:50.938Z] GET /api/missions/current-user | Body: 0 | Token: eyJraWQi | Raw: GET|/api/missions/current-user|1772698250| | Sign: AJA/jzy71YptJYF9nGVYWo4pQ4eJ9w+FXpmbuGfCJGE=
[2026-03-05T08:10:51.092Z] GET /api/reaction/list | Body: 0 | Token: eyJraWQi | Raw: GET|/api/reaction/list|1772698251| | Sign: ivUtoy15RMQMJ3J+cS/3YCniKlMO6f+QeIUo2lcerl4=
[2026-03-05T08:10:51.225Z] GET /api/v1/notification/list | Body: 0 | Token: eyJraWQi | Raw: GET|/api/v1/notification/list|1772698251| | Sign: PnZXfm/iRz8E/Vv/Xta/RSwZqrISJv4MXx9laX8s9VM=
[2026-03-05T08:10:51.342Z] GET /feed/home | Body: 0 | Token: eyJraWQi | Raw: GET|/feed/home|1772698251| | Sign: V39AjrrR5NaQPzaMOl2XiNvxGZo112NXPUF/vFdOvJg=
[2026-03-05T08:10:51.461Z] GET /api/surf/home | Body: 0 | Token: eyJraWQi | Raw: GET|/api/surf/home|1772698251| | Sign: 2huu+b3JfWgqMG7qV08H3dss65qxm2S6YjIssWjPp7Q=
[2026-03-05T08:11:49.920Z] GET /api/user/me | Body: 0 | Token: eyJraWQi | Raw: GET|/api/user/me|1772698309| | Sign: xX4hGdQ0cW14IeIcyG7RL8O3kFvQaPKaJm1yiwdEnaw=
[2026-03-05T08:11:50.212Z] GET /api/posts/background-color | Body: 0 | Token: eyJraWQi | Raw: GET|/api/posts/background-color|1772698310| | Sign: EYDJiTgqM3Mbogxagc5LwEunsdJxjQAGRInJVE9KAmM=
[2026-03-05T08:11:50.322Z] GET /api/friend/myFriends | Body: 0 | Token: eyJraWQi | Raw: GET|/api/friend/myFriends|1772698310| | Sign: gb15OHU/Gf/Q8bEqqiGRx/amm7SZXa2uJ1ZBcLhi7Hk=
[2026-03-05T08:11:50.476Z] GET /api/user/me | Body: 0 | Token: eyJraWQi | Raw: GET|/api/user/me|1772698310| | Sign: kc7pbgEl4YyLH5cSBfYo8SWYZlWU5N0DqxSQkNKmIKI=
[2026-03-05T08:11:50.618Z] GET /api/missions/current-user | Body: 0 | Token: eyJraWQi | Raw: GET|/api/missions/current-user|1772698310| | Sign: q+mi8hc8/4EaSBgtMjC14OBshrINOuVvQ2p4+a6ts8U=
[2026-03-05T08:11:50.760Z] GET /api/reaction/list | Body: 0 | Token: eyJraWQi | Raw: GET|/api/reaction/list|1772698310| | Sign: NCLMpACRaqf/M8NGEnUIZT2qRpbdlxtrvnm3OneclTE=
[2026-03-05T08:11:50.881Z] GET /api/v1/notification/list | Body: 0 | Token: eyJraWQi | Raw: GET|/api/v1/notification/list|1772698310| | Sign: KEEeXE1Jxpd2HGyApxfu0U5l1mYL6BKcfhwuEb1zlVw=
[2026-03-05T08:11:50.989Z] GET /feed/home | Body: 0 | Token: eyJraWQi | Raw: GET|/feed/home|1772698310| | Sign: kqhEcnXj4jSeR4K5PmQDIZ9CBhlC5lPvEUgd2m2aT0w=
[2026-03-05T08:11:51.098Z] GET /api/surf/home | Body: 0 | Token: eyJraWQi | Raw: GET|/api/surf/home|1772698311| | Sign: PbPEb9oz5Mf38wKpY0DOGciIQt0uelp1LqKHaTjG9CE=
[2026-03-05T08:12:49.935Z] GET /api/user/me | Body: 0 | Token: eyJraWQi | Raw: GET|/api/user/me|1772698369| | Sign: CzhAHcz1ORYIrcQmg4pdn34v+KKvVzKWiy8ikhWmaoM=
[2026-03-05T08:12:50.191Z] GET /api/posts/background-color | Body: 0 | Token: eyJraWQi | Raw: GET|/api/posts/background-color|1772698370| | Sign: 0B3oMu1mo6ZW5f1B234XENadypz/Iq47E6M7l1eEINs=
[2026-03-05T08:12:50.309Z] GET /api/friend/myFriends | Body: 0 | Token: eyJraWQi | Raw: GET|/api/friend/myFriends|1772698370| | Sign: 7J9eZg1W+YDFufmeTKT91sJqX8/tBQnrkq39i+jbjDU=
[2026-03-05T08:12:50.455Z] GET /api/user/me | Body: 0 | Token: eyJraWQi | Raw: GET|/api/user/me|1772698370| | Sign: AAj/Z5QhT6Om2FxHLExU51V+10Zoetmzz5Mj71IPPuk=
[2026-03-05T08:12:50.600Z] GET /api/missions/current-user | Body: 0 | Token: eyJraWQi | Raw: GET|/api/missions/current-user|1772698370| | Sign: 4AHAuP8zhDz79Y/GZVcMFWnf8DwHqIGKfRUB//YWuoU=
[2026-03-05T08:12:50.800Z] GET /api/reaction/list | Body: 0 | Token: eyJraWQi | Raw: GET|/api/reaction/list|1772698370| | Sign: xI/oibGp+Mx/KarktiHaqPuSo2RnUMzwSucKR1MlAuE=
[2026-03-05T08:12:50.934Z] GET /api/v1/notification/list | Body: 0 | Token: eyJraWQi | Raw: GET|/api/v1/notification/list|1772698370| | Sign: H5M4rsrl6gg4UZuZ/OV+zy15SDNO3ao7mJJQF9LiYt8=
[2026-03-05T08:12:51.049Z] GET /feed/home | Body: 0 | Token: eyJraWQi | Raw: GET|/feed/home|1772698371| | Sign: lpolGJDOGYAA2JttaHtkZqjqxNdIjTsoCfxnAUztIQQ=
[2026-03-05T08:12:51.168Z] GET /api/surf/home | Body: 0 | Token: eyJraWQi | Raw: GET|/api/surf/home|1772698371| | Sign: 1QOErBmOlLSh3BInbNQAWod9aEyJQ6jCe9fO1eYeG80=
[2026-03-05T08:13:49.937Z] GET /api/user/me | Body: 0 | Token: eyJraWQi | Raw: GET|/api/user/me|1772698429| | Sign: T4RHFJp5q/QH05lQZ0LyTqXAF6ujOjJC/bGyqJUZns0=
[2026-03-05T08:13:50.196Z] GET /api/posts/background-color | Body: 0 | Token: eyJraWQi | Raw: GET|/api/posts/background-color|1772698430| | Sign: jr6B63QfXb1QhQ5bmo6+WP41jkm5F1Tl2A8W71koE5M=
[2026-03-05T08:13:50.318Z] GET /api/friend/myFriends | Body: 0 | Token: eyJraWQi | Raw: GET|/api/friend/myFriends|1772698430| | Sign: cCl+JjUBMzXU0e/mUyGhGA14MQKNzs+wUFZRTbQjgV8=
[2026-03-05T08:13:50.476Z] GET /api/user/me | Body: 0 | Token: eyJraWQi | Raw: GET|/api/user/me|1772698430| | Sign: 19Hk8ythUClXxiA4U8PUltrwh5gQuMDWyEvHHRluEDo=
[2026-03-05T08:13:50.664Z] GET /api/missions/current-user | Body: 0 | Token: eyJraWQi | Raw: GET|/api/missions/current-user|1772698430| | Sign: 8vuBN3pa+lpXlbyrl0vy8a7c7Ad0rg93DeyM2JOAf9g=
[2026-03-05T08:13:50.822Z] GET /api/reaction/list | Body: 0 | Token: eyJraWQi | Raw: GET|/api/reaction/list|1772698430| | Sign: U6hhG13diZs/+5iedIBM2jlDj9UOCieTVA+ObgBYlWE=
[2026-03-05T08:13:50.952Z] GET /api/v1/notification/list | Body: 0 | Token: eyJraWQi | Raw: GET|/api/v1/notification/list|1772698430| | Sign: NDtnUJbgR+QqMXXZWSoksDS8RUgt2YhxxL1jFP+J8Cs=
[2026-03-05T08:13:51.075Z] GET /feed/home | Body: 0 | Token: eyJraWQi | Raw: GET|/feed/home|1772698431| | Sign: fymI/Rk4ph18Y5Tc9u9+1Ox1T+G1zJdMYKef5u1Cfbk=
[2026-03-05T08:13:51.199Z] GET /api/surf/home | Body: 0 | Token: eyJraWQi | Raw: GET|/api/surf/home|1772698431| | Sign: ovw75lgW5aimPjLE0qj0T0Nahy1/kJVYHlVCYTRJLO4=
[2026-03-05T08:14:49.943Z] GET /api/user/me | Body: 0 | Token: eyJraWQi | Raw: GET|/api/user/me|1772698489| | Sign: dZhM6IagduK7lrTSrNUZQ022+KMOkOa00XIHi4OrKvw=
[2026-03-05T08:14:50.273Z] GET /api/posts/background-color | Body: 0 | Token: eyJraWQi | Raw: GET|/api/posts/background-color|1772698490| | Sign: lomoErTcRSL4+13PNwcdAPl4rCd6f0xd7OOIFbrauEc=
[2026-03-05T08:14:50.389Z] GET /api/friend/myFriends | Body: 0 | Token: eyJraWQi | Raw: GET|/api/friend/myFriends|1772698490| | Sign: j6hl8DLrwPINRTFmDr9eDPghrCT9ZFmozobYqSEAQ6U=
[2026-03-05T08:14:50.588Z] GET /api/user/me | Body: 0 | Token: eyJraWQi | Raw: GET|/api/user/me|1772698490| | Sign: UNoOAe5JxSq8mU0WeLT3PWGMcCePYL3YihxErz6AlPc=
[2026-03-05T08:14:50.752Z] GET /api/missions/current-user | Body: 0 | Token: eyJraWQi | Raw: GET|/api/missions/current-user|1772698490| | Sign: AJ7ybIYROjepGGxuXgKDKaKQyulvOaqmb/MeOwhuisk=
[2026-03-05T08:14:50.879Z] GET /api/reaction/list | Body: 0 | Token: eyJraWQi | Raw: GET|/api/reaction/list|1772698490| | Sign: ygYVkW3Jb1U2fyl0psWPDCpHi5Wsp+zGbdPmzpuGZYE=
[2026-03-05T08:14:51.007Z] GET /api/v1/notification/list | Body: 0 | Token: eyJraWQi | Raw: GET|/api/v1/notification/list|1772698491| | Sign: Whg2w0RSbB2PRRWhDIqm8D3eilVBBK0y8IL6U+rckd8=
[2026-03-05T08:14:51.125Z] GET /feed/home | Body: 0 | Token: eyJraWQi | Raw: GET|/feed/home|1772698491| | Sign: 68tXR+ADwfxx/5NxN5D9YZ+5OQk8KaU++YkU1VIVdaM=
[2026-03-05T08:14:51.252Z] GET /api/surf/home | Body: 0 | Token: eyJraWQi | Raw: GET|/api/surf/home|1772698491| | Sign: 195B4G6Pszz3rXDPRdzZ/TCwID4LgzUMxi7D052ZTZ0=
[2026-03-05T08:15:49.952Z] GET /api/user/me | Body: 0 | Token: eyJraWQi | Raw: GET|/api/user/me|1772698549| | Sign: gU1IxJuhJaYOpGdugBKMkG4UA3Acb+4q0iRJyRE7zDM=
[2026-03-05T08:15:50.352Z] GET /api/posts/background-color | Body: 0 | Token: eyJraWQi | Raw: GET|/api/posts/background-color|1772698550| | Sign: H+lJnL3TjTXv9IKwPLC7BQi2WJEjHlzajYEBM55I8uQ=
[2026-03-05T08:15:50.486Z] GET /api/friend/myFriends | Body: 0 | Token: eyJraWQi | Raw: GET|/api/friend/myFriends|1772698550| | Sign: jqa/o/zJnxRLtplEBJMi0SaEuO24flBSGWNpklve3m0=
[2026-03-05T08:15:50.646Z] GET /api/user/me | Body: 0 | Token: eyJraWQi | Raw: GET|/api/user/me|1772698550| | Sign: 9d/4cjYZ6/dwE8XDDkO4Z4q4XN7hCjO7Vnbus/bO6+k=
[2026-03-05T08:15:50.776Z] GET /api/missions/current-user | Body: 0 | Token: eyJraWQi | Raw: GET|/api/missions/current-user|1772698550| | Sign: m3EVBJgxdnBRcTWnNEbaXSIWPFHBbRRctAKZ8jCHCFA=
[2026-03-05T08:15:50.907Z] GET /api/reaction/list | Body: 0 | Token: eyJraWQi | Raw: GET|/api/reaction/list|1772698550| | Sign: uPyRa9Yf1DkhKptB4sHj5kFSghQ3pvs2Q24n4Azfp50=
[2026-03-05T08:15:51.050Z] GET /api/v1/notification/list | Body: 0 | Token: eyJraWQi | Raw: GET|/api/v1/notification/list|1772698551| | Sign: GdpA59VaDc/XQvGaQXC9BCDtQBTUd63YABA/sqpmG38=
[2026-03-05T08:15:51.173Z] GET /feed/home | Body: 0 | Token: eyJraWQi | Raw: GET|/feed/home|1772698551| | Sign: HssD5XtoAFtLr5AhawrwadOxYmDZcKZ/KbE2mMQgYOg=
[2026-03-05T08:15:51.295Z] GET /api/surf/home | Body: 0 | Token: eyJraWQi | Raw: GET|/api/surf/home|1772698551| | Sign: 6vYqM7DBdGkMNvZxxK5HRobe8kkqqhFMkieukn0xkmg=
[2026-03-05T08:16:49.965Z] GET /api/user/me | Body: 0 | Token: eyJraWQi | Raw: GET|/api/user/me|1772698609| | Sign: nju4M1OySRST6Wkb1EAbEg1mzzXbg9iVMNHAwL/VkI8=
[2026-03-05T08:16:50.426Z] GET /api/posts/background-color | Body: 0 | Token: eyJraWQi | Raw: GET|/api/posts/background-color|1772698610| | Sign: RugE5DTwrSsJxIUcEusOtIwBvkJqkulrXcmtEdflmoM=
[2026-03-05T08:16:50.591Z] GET /api/friend/myFriends | Body: 0 | Token: eyJraWQi | Raw: GET|/api/friend/myFriends|1772698610| | Sign: 6a2/PbH9szM8sluulfdLIAAR7LhYJpRfrA0e+o9UZ7U=
[2026-03-05T08:16:51.273Z] GET /api/user/me | Body: 0 | Token: eyJraWQi | Raw: GET|/api/user/me|1772698611| | Sign: Z5TK0E6X97RfxiZhJpOPlyTBhLSy7g43KiedceCnVKo=
[2026-03-05T08:16:51.450Z] GET /api/missions/current-user | Body: 0 | Token: eyJraWQi | Raw: GET|/api/missions/current-user|1772698611| | Sign: WxvZBb1FUKg/q5vJB6RIHivkDaG8FYTk3dPFlNc9TLE=
[2026-03-05T08:16:51.644Z] GET /api/reaction/list | Body: 0 | Token: eyJraWQi | Raw: GET|/api/reaction/list|1772698611| | Sign: ivYIVwObE01ieC4StdBzTdkvJuAN8txsTBVcseazXMw=
[2026-03-05T08:16:51.817Z] GET /api/v1/notification/list | Body: 0 | Token: eyJraWQi | Raw: GET|/api/v1/notification/list|1772698611| | Sign: wvW/67lmwMSoUHrh04KbnDLD15IpciuY2KkTeqHnloM=
[2026-03-05T08:16:51.986Z] GET /feed/home | Body: 0 | Token: eyJraWQi | Raw: GET|/feed/home|1772698611| | Sign: crL/u98yGcSGNajm83c9Y5NxI69abyoXEJFuaseehaE=
[2026-03-05T08:16:52.151Z] GET /api/surf/home | Body: 0 | Token: eyJraWQi | Raw: GET|/api/surf/home|1772698612| | Sign: bdnNZin5kcG0TDL1HLIAMsgQf407J7EtyMbw23M7zpM=
[2026-03-05T08:17:49.973Z] GET /api/user/me | Body: 0 | Token: eyJraWQi | Raw: GET|/api/user/me|1772698669| | Sign: GbgouLP+S/PY3rcvsLMLMXzst+FKFM80OP7qJu2H1yI=
[2026-03-05T08:17:50.237Z] GET /api/posts/background-color | Body: 0 | Token: eyJraWQi | Raw: GET|/api/posts/background-color|1772698670| | Sign: +87HStz1w3gwGgPvevJPtI5KsHSTOP0EEzL57FRqs28=
[2026-03-05T08:17:50.358Z] GET /api/friend/myFriends | Body: 0 | Token: eyJraWQi | Raw: GET|/api/friend/myFriends|1772698670| | Sign: AaViFCBKEKPtvs5xGliWBTrHFaJsVrOMLNbVRXACZVU=
[2026-03-05T08:17:50.521Z] GET /api/user/me | Body: 0 | Token: eyJraWQi | Raw: GET|/api/user/me|1772698670| | Sign: COS7IkaUIRCCG42VgtPehekPP9vbvBf0BdaF6hi0HUk=
[2026-03-05T08:17:50.671Z] GET /api/missions/current-user | Body: 0 | Token: eyJraWQi | Raw: GET|/api/missions/current-user|1772698670| | Sign: Ep14LJw9BNkZ08wN+MypFCSLgaRaEmwCXqbRt9Ogx5w=
[2026-03-05T08:17:50.832Z] GET /api/reaction/list | Body: 0 | Token: eyJraWQi | Raw: GET|/api/reaction/list|1772698670| | Sign: scKWpzn4CQFNbsFGFUNiZk859Rj0g5u4C4gkqbOkTBo=
[2026-03-05T08:17:50.966Z] GET /api/v1/notification/list | Body: 0 | Token: eyJraWQi | Raw: GET|/api/v1/notification/list|1772698670| | Sign: 1jPcsogifyp34akWV1iUlX6ClIPsEKG2B2VT94HcSzk=
[2026-03-05T08:17:51.086Z] GET /feed/home | Body: 0 | Token: eyJraWQi | Raw: GET|/feed/home|1772698671| | Sign: ZUOViD/SnwZ4XXA/KN9/JINzA5AMR+dEUAbfdI+VBKo=
[2026-03-05T08:17:51.210Z] GET /api/surf/home | Body: 0 | Token: eyJraWQi | Raw: GET|/api/surf/home|1772698671| | Sign: NTiQH5kPAA4JP7X+o/J8Lb+nii56frMPWy3kSTyeA8I=
[2026-03-05T08:18:49.978Z] GET /api/user/me | Body: 0 | Token: eyJraWQi | Raw: GET|/api/user/me|1772698729| | Sign: OGZNGrIcU/9pada7PvcgIg0AD572msMTSqsm1TdJOw0=
[2026-03-05T08:18:50.298Z] GET /api/posts/background-color | Body: 0 | Token: eyJraWQi | Raw: GET|/api/posts/background-color|1772698730| | Sign: Cpgv9/lxKqcNL2hloujeF48bTpi84xXOSl92KdwA8f8=
[2026-03-05T08:18:50.418Z] GET /api/friend/myFriends | Body: 0 | Token: eyJraWQi | Raw: GET|/api/friend/myFriends|1772698730| | Sign: pOp5hE0uO/yxVMEfmbAFdKEi68cM33oAjLcYNGSTAtQ=
[2026-03-05T08:18:50.570Z] GET /api/user/me | Body: 0 | Token: eyJraWQi | Raw: GET|/api/user/me|1772698730| | Sign: dqNZgS6vkjWE/ESCLIS0W1Sxq7T+n1daHpiVBRDxe6k=
[2026-03-05T08:18:50.725Z] GET /api/missions/current-user | Body: 0 | Token: eyJraWQi | Raw: GET|/api/missions/current-user|1772698730| | Sign: JqLVH6bs5ke1DQlY1M0U9fgwvE+72wcvQVtzmLPOW9c=
[2026-03-05T08:18:50.855Z] GET /api/reaction/list | Body: 0 | Token: eyJraWQi | Raw: GET|/api/reaction/list|1772698730| | Sign: oJb6EScCMFqrbQQFJL3e+gl6UZg6dWYkCnOIWAFVWRg=
[2026-03-05T08:18:50.997Z] GET /api/v1/notification/list | Body: 0 | Token: eyJraWQi | Raw: GET|/api/v1/notification/list|1772698730| | Sign: 9lWjNJwbST00m4F9uy50s9MPWAnVBe2fy4DvMC4D5BI=
[2026-03-05T08:18:51.247Z] GET /feed/home | Body: 0 | Token: eyJraWQi | Raw: GET|/feed/home|1772698731| | Sign: 77HOBe9orrgctLVGS7QE7MPiuhb12c7NrQBm525HnWw=
[2026-03-05T08:18:51.361Z] GET /api/surf/home | Body: 0 | Token: eyJraWQi | Raw: GET|/api/surf/home|1772698731| | Sign: IsFzF4L4lNMVUM0Fp2EFwfppuFwnZKBs6NohUevilbY=
[2026-03-05T08:19:49.989Z] GET /api/user/me | Body: 0 | Token: eyJraWQi | Raw: GET|/api/user/me|1772698789| | Sign: 1gwzL7n/e+CSYFUX+G30eqSxJXxYB6OiYKv2uVEr5hs=
[2026-03-05T08:19:50.311Z] GET /api/posts/background-color | Body: 0 | Token: eyJraWQi | Raw: GET|/api/posts/background-color|1772698790| | Sign: XjdiYc/XT3aQgGlMxE84cmKeJ8xHBiM9f7kFMxqFEmM=
[2026-03-05T08:19:50.434Z] GET /api/friend/myFriends | Body: 0 | Token: eyJraWQi | Raw: GET|/api/friend/myFriends|1772698790| | Sign: xLTvAT0KC5DEIie6/clo5oE3BATDkrUpzpP3rqkFkLc=
[2026-03-05T08:19:50.591Z] GET /api/user/me | Body: 0 | Token: eyJraWQi | Raw: GET|/api/user/me|1772698790| | Sign: xleQ0xI5KJZ+lmgGVR4UhbmuBlWi/KDLEVryDpJUTPs=
[2026-03-05T08:19:50.749Z] GET /api/missions/current-user | Body: 0 | Token: eyJraWQi | Raw: GET|/api/missions/current-user|1772698790| | Sign: UpV6mSbTWXBjMPG+4i0gbcL6NmfUu+SzVEajDPMR4n4=
[2026-03-05T08:19:50.930Z] GET /api/reaction/list | Body: 0 | Token: eyJraWQi | Raw: GET|/api/reaction/list|1772698790| | Sign: eBfRwfAek+jdW8W4ibeUVKGnCc7qmOBYIDEiYOk7Ss8=
[2026-03-05T08:19:51.067Z] GET /api/v1/notification/list | Body: 0 | Token: eyJraWQi | Raw: GET|/api/v1/notification/list|1772698791| | Sign: aE2IWx+9fs+wuZ59s5FOw1r09g9opYPmy7yozcbwVr4=
[2026-03-05T08:19:51.187Z] GET /feed/home | Body: 0 | Token: eyJraWQi | Raw: GET|/feed/home|1772698791| | Sign: Yl4F7jNZSFYteUGghqubSXC+eB6MwscM92VOxquy20Q=
[2026-03-05T08:19:51.304Z] GET /api/surf/home | Body: 0 | Token: eyJraWQi | Raw: GET|/api/surf/home|1772698791| | Sign: Eg/OBWB7e8nHrkLSFb2FgY41IYjGm08ykOCYIvdgJNk=
[2026-03-05T08:20:49.991Z] POST /api/auth/login | Body: 57 | Token: None | Raw: POST|/api/auth/login|1772698849|{"username":"longh1248@gmail.com","password":"Admin@123"} | Sign: v4p7u07gCiDnVhS4OIMfNjcVsA1HqZc1mA08yymgJeI=
[2026-03-05T08:20:50.453Z] GET /api/user/me | Body: 0 | Token: eyJraWQi | Raw: GET|/api/user/me|1772698850| | Sign: Yh6dUFHvfN4zQDh4UjoHr5yfpJ0nl52Jb0AX1e26wPU=
[2026-03-05T08:20:50.596Z] GET /api/posts/background-color | Body: 0 | Token: eyJraWQi | Raw: GET|/api/posts/background-color|1772698850| | Sign: rSDaOgYRoAU54d2TJa4z+nLOmRDehYGEXUa0lyujgps=
[2026-03-05T08:20:50.720Z] GET /api/friend/myFriends | Body: 0 | Token: eyJraWQi | Raw: GET|/api/friend/myFriends|1772698850| | Sign: 6EmjoaJDMy4OTiMRSrjYYLYoon8DLft3lnRG1324LLs=
[2026-03-05T08:20:50.848Z] GET /api/user/me | Body: 0 | Token: eyJraWQi | Raw: GET|/api/user/me|1772698850| | Sign: Yh6dUFHvfN4zQDh4UjoHr5yfpJ0nl52Jb0AX1e26wPU=
[2026-03-05T08:20:51.001Z] GET /api/missions/current-user | Body: 0 | Token: eyJraWQi | Raw: GET|/api/missions/current-user|1772698851| | Sign: cdmxazpyJLCq6FFjeStDc0FoeYWzgxesL67memACWUo=
[2026-03-05T08:20:51.133Z] GET /api/reaction/list | Body: 0 | Token: eyJraWQi | Raw: GET|/api/reaction/list|1772698851| | Sign: Pcx+cwgWLUh5xx48AQwe4ruWjEqWXb0BM5RXb497dQc=
[2026-03-05T08:20:51.256Z] GET /api/v1/notification/list | Body: 0 | Token: eyJraWQi | Raw: GET|/api/v1/notification/list|1772698851| | Sign: 2X80VvART+Q/efo5UcxVkMJN6vBZ2bSIE9F5Htt0Jq8=
[2026-03-05T08:20:51.725Z] GET /feed/home | Body: 0 | Token: eyJraWQi | Raw: GET|/feed/home|1772698851| | Sign: pvLP8NuO4Rcyo+rHzcIN4Pu94zQY+k71XorELa2vO2Q=
[2026-03-05T08:20:51.839Z] GET /api/surf/home | Body: 0 | Token: eyJraWQi | Raw: GET|/api/surf/home|1772698851| | Sign: AhYJ21Z+svxJE4LWxOev+JwIRL+PWm3SlzOHmNC6KUI=
[2026-03-05T08:21:49.999Z] GET /api/user/me | Body: 0 | Token: eyJraWQi | Raw: GET|/api/user/me|1772698909| | Sign: B6s0EyA42o1vQ94B2Ej4h9eBJR+PvNw7yrcy+neO6Tc=
[2026-03-05T08:21:50.330Z] GET /api/posts/background-color | Body: 0 | Token: eyJraWQi | Raw: GET|/api/posts/background-color|1772698910| | Sign: NXoRzCEePbk7B2j/E9qtDAwZfUa7iKQLxPtdkja7Kmk=
[2026-03-05T08:21:50.447Z] GET /api/friend/myFriends | Body: 0 | Token: eyJraWQi | Raw: GET|/api/friend/myFriends|1772698910| | Sign: sMz7M7NvnkzCDRmDDvTZVWNp5/5u0AMGr0GSCGTuFyk=
[2026-03-05T08:21:50.608Z] GET /api/user/me | Body: 0 | Token: eyJraWQi | Raw: GET|/api/user/me|1772698910| | Sign: 9nrAu+6Gjic6nhjqJ2V8XUEc+3x2O4kj723ZKmjnwt4=
[2026-03-05T08:21:50.765Z] GET /api/missions/current-user | Body: 0 | Token: eyJraWQi | Raw: GET|/api/missions/current-user|1772698910| | Sign: RpbiKFg9DB/qPLUZGY4CzrffD8CTopsgIU13MDLDGDA=
[2026-03-05T08:21:50.896Z] GET /api/reaction/list | Body: 0 | Token: eyJraWQi | Raw: GET|/api/reaction/list|1772698910| | Sign: p+ER5+jybs6/7Wds39WB54ckbQx2WMlovco7LRLzEK8=
[2026-03-05T08:21:51.031Z] GET /api/v1/notification/list | Body: 0 | Token: eyJraWQi | Raw: GET|/api/v1/notification/list|1772698911| | Sign: 3cdhTbvxWMxgqvpIVsVZeNKwrectTjt5muOgHAM7j4Q=
[2026-03-05T08:21:51.147Z] GET /feed/home | Body: 0 | Token: eyJraWQi | Raw: GET|/feed/home|1772698911| | Sign: CVZVlyIU1bMa8gufkMG6o432YhAE3NelkAWbBh5VZhY=
[2026-03-05T08:21:51.263Z] GET /api/surf/home | Body: 0 | Token: eyJraWQi | Raw: GET|/api/surf/home|1772698911| | Sign: w9Pwt0NxeUYo0SsD5w4glNcjzmcoRl8SeMBWT7ezvmY=
[2026-03-05T08:22:49.997Z] GET /api/user/me | Body: 0 | Token: eyJraWQi | Raw: GET|/api/user/me|1772698969| | Sign: BWXUg7iEkpBccdoJL92b6N1tTHrQCsRBUoS97F8e7fs=
[2026-03-05T08:22:50.280Z] GET /api/posts/background-color | Body: 0 | Token: eyJraWQi | Raw: GET|/api/posts/background-color|1772698970| | Sign: CJiAZtPbCYC0kf91xiKjYxvp85/e0j+BsgO651x9CTs=
[2026-03-05T08:22:50.391Z] GET /api/friend/myFriends | Body: 0 | Token: eyJraWQi | Raw: GET|/api/friend/myFriends|1772698970| | Sign: cXwydHgJkRVWYf4Nrcd16WrgCSTAoyDrjbM36Kf2U+g=
[2026-03-05T08:22:50.536Z] GET /api/user/me | Body: 0 | Token: eyJraWQi | Raw: GET|/api/user/me|1772698970| | Sign: 25z6Qh+CefFYEgx/7N8q9f9jQDwQTY9MoAKEiiEtkjQ=
[2026-03-05T08:22:50.677Z] GET /api/missions/current-user | Body: 0 | Token: eyJraWQi | Raw: GET|/api/missions/current-user|1772698970| | Sign: tUBE1G+bTCsXiGO5eXcWLA09BnCYVp87hOuAFkwtkNY=
[2026-03-05T08:22:50.862Z] GET /api/reaction/list | Body: 0 | Token: eyJraWQi | Raw: GET|/api/reaction/list|1772698970| | Sign: WZ7R2HbezlwO/nkl2kBAhYs6+k74LBfFE8YRZRWqGWQ=
[2026-03-05T08:22:50.981Z] GET /api/v1/notification/list | Body: 0 | Token: eyJraWQi | Raw: GET|/api/v1/notification/list|1772698970| | Sign: vrubfblFBSTjeJ7iJeRElYVND0tZDYyTmriTmtyBZ6M=
[2026-03-05T08:22:51.092Z] GET /feed/home | Body: 0 | Token: eyJraWQi | Raw: GET|/feed/home|1772698971| | Sign: rHd4UNKdhoBq2bXu244xa8csLYpTg9evSxXstRTGBSM=
[2026-03-05T08:22:51.203Z] GET /api/surf/home | Body: 0 | Token: eyJraWQi | Raw: GET|/api/surf/home|1772698971| | Sign: yzywuX8KVyv45CAv9DVMUFziN2Cu4Zg3irDCtWZmVCI=
[2026-03-05T08:23:49.999Z] GET /api/user/me | Body: 0 | Token: eyJraWQi | Raw: GET|/api/user/me|1772699029| | Sign: TTTgL+90OjA26yCDUZG8CZcjbSchIgr/nNygw7dMPLE=
[2026-03-05T08:23:50.227Z] GET /api/posts/background-color | Body: 0 | Token: eyJraWQi | Raw: GET|/api/posts/background-color|1772699030| | Sign: VHKILb31bdqv/PJquIj/dDMDoPGbZdUImuxc2juoJWU=
[2026-03-05T08:23:50.339Z] GET /api/friend/myFriends | Body: 0 | Token: eyJraWQi | Raw: GET|/api/friend/myFriends|1772699030| | Sign: eXt44mftwZVvRSC9/qKyO6xAOnRfWLfZPwi+ISG8DF4=
[2026-03-05T08:23:50.483Z] GET /api/user/me | Body: 0 | Token: eyJraWQi | Raw: GET|/api/user/me|1772699030| | Sign: +mn+yOKChMhrPXN8GBbiMzofD25K0qeBzejt3Vv+miA=
[2026-03-05T08:23:50.619Z] GET /api/missions/current-user | Body: 0 | Token: eyJraWQi | Raw: GET|/api/missions/current-user|1772699030| | Sign: RM703pUPItXh+RLWuKZFTz4HkTlDn5c78PwH8LyqFK0=
[2026-03-05T08:23:50.760Z] GET /api/reaction/list | Body: 0 | Token: eyJraWQi | Raw: GET|/api/reaction/list|1772699030| | Sign: FdCZcN60wimnHk54jxJnSiVGEb98+gZ1Pb1z/uiTjMg=
[2026-03-05T08:23:50.886Z] GET /api/v1/notification/list | Body: 0 | Token: eyJraWQi | Raw: GET|/api/v1/notification/list|1772699030| | Sign: FRaVrttx0YrCPxm3ujlmYpik5iLhsjkSYsrpFxjXKgY=
[2026-03-05T08:23:50.999Z] GET /feed/home | Body: 0 | Token: eyJraWQi | Raw: GET|/feed/home|1772699030| | Sign: DNtbQ+os0qi9uoQkAoLxeS5c4LDTCq+UtsTrBn9ycx0=
[2026-03-05T08:23:51.115Z] GET /api/surf/home | Body: 0 | Token: eyJraWQi | Raw: GET|/api/surf/home|1772699031| | Sign: nKgmIMo2AJ0/GDdQfGNpzWPyKNtOXhbf0OiVRdlPJ5A=
[2026-03-05T08:24:50.014Z] GET /api/user/me | Body: 0 | Token: eyJraWQi | Raw: GET|/api/user/me|1772699090| | Sign: XZw//XkH3PjdvW9KSLV3osEM4P1LCxRNTMg9NM8dnws=
[2026-03-05T08:24:50.324Z] GET /api/posts/background-color | Body: 0 | Token: eyJraWQi | Raw: GET|/api/posts/background-color|1772699090| | Sign: K+Ax7K4sloWRWtoHc4Lp3uDt39gfrV0MCn4QBRvOrHQ=
[2026-03-05T08:24:50.434Z] GET /api/friend/myFriends | Body: 0 | Token: eyJraWQi | Raw: GET|/api/friend/myFriends|1772699090| | Sign: mwk7IPRB9kTG2JpuNW3oWSxKWmZkXoKw+RM0+UcBz4M=
[2026-03-05T08:24:50.576Z] GET /api/user/me | Body: 0 | Token: eyJraWQi | Raw: GET|/api/user/me|1772699090| | Sign: XZw//XkH3PjdvW9KSLV3osEM4P1LCxRNTMg9NM8dnws=
[2026-03-05T08:24:50.718Z] GET /api/missions/current-user | Body: 0 | Token: eyJraWQi | Raw: GET|/api/missions/current-user|1772699090| | Sign: c3JxbYWDXmOPwBR4UpffZwhrs7AjxyxHq99bBGSWsBk=
[2026-03-05T08:24:50.859Z] GET /api/reaction/list | Body: 0 | Token: eyJraWQi | Raw: GET|/api/reaction/list|1772699090| | Sign: Ie2ALrMRETGyGcanG3upbtl6/Ks/Vn3O3drbd6nzbr8=
[2026-03-05T08:24:50.982Z] GET /api/v1/notification/list | Body: 0 | Token: eyJraWQi | Raw: GET|/api/v1/notification/list|1772699090| | Sign: l4mH8RSQ8JrUyobCpJuJXsqfuaOByirWACyXCoN8ed4=
[2026-03-05T08:24:51.098Z] GET /feed/home | Body: 0 | Token: eyJraWQi | Raw: GET|/feed/home|1772699091| | Sign: 237NvaY0GHcPhbHey/hj1qjRUQ9WAkSLw7xG0bisw6M=
[2026-03-05T08:24:51.213Z] GET /api/surf/home | Body: 0 | Token: eyJraWQi | Raw: GET|/api/surf/home|1772699091| | Sign: Yu9qul5E4M/vUYh4Bu2RPSWIH9bCNuBvczhWX9kQPLA=
[2026-03-05T08:25:50.015Z] GET /api/user/me | Body: 0 | Token: eyJraWQi | Raw: GET|/api/user/me|1772699150| | Sign: dwX6Yo3NmfgVrGKIBpPEZwvIOFvXQjSaGZdmTfowF/g=
[2026-03-05T08:25:50.366Z] GET /api/posts/background-color | Body: 0 | Token: eyJraWQi | Raw: GET|/api/posts/background-color|1772699150| | Sign: KCzy5c8kz6klWuUABodKAAoqTBZKSS3ToCvDKOx+rFI=
[2026-03-05T08:25:50.488Z] GET /api/friend/myFriends | Body: 0 | Token: eyJraWQi | Raw: GET|/api/friend/myFriends|1772699150| | Sign: g1DaK5s7i+KjIbsiJEVC1/m9FuabexehXZQ9daUy9Jc=
[2026-03-05T08:25:50.642Z] GET /api/user/me | Body: 0 | Token: eyJraWQi | Raw: GET|/api/user/me|1772699150| | Sign: dwX6Yo3NmfgVrGKIBpPEZwvIOFvXQjSaGZdmTfowF/g=
[2026-03-05T08:25:50.797Z] GET /api/missions/current-user | Body: 0 | Token: eyJraWQi | Raw: GET|/api/missions/current-user|1772699150| | Sign: 74JLVSMrHKXLIfkPQeTeTTf8QdXmdHn21g5cWkKcia4=
[2026-03-05T08:25:50.923Z] GET /api/reaction/list | Body: 0 | Token: eyJraWQi | Raw: GET|/api/reaction/list|1772699150| | Sign: yTFKpzn4FklSnUFpHH4BV0D/1EntEqKIww0JSu01+Uk=
[2026-03-05T08:25:51.060Z] GET /api/v1/notification/list | Body: 0 | Token: eyJraWQi | Raw: GET|/api/v1/notification/list|1772699151| | Sign: Hl1ZpHkjEpJ0TxMsEv7+68ukknncHkJLgPmtIPMqsw4=
[2026-03-05T08:25:51.177Z] GET /feed/home | Body: 0 | Token: eyJraWQi | Raw: GET|/feed/home|1772699151| | Sign: iWfRw6WvAweIA9eZdlxFiyZ3rs5Ub0E+iN3xtcFAs5g=
[2026-03-05T08:25:51.293Z] GET /api/surf/home | Body: 0 | Token: eyJraWQi | Raw: GET|/api/surf/home|1772699151| | Sign: sXsgGlge88E6eMzfbTcTZx2EjcHmpS/yzCKaJYtZTGk=
[2026-03-05T08:26:50.028Z] GET /api/user/me | Body: 0 | Token: eyJraWQi | Raw: GET|/api/user/me|1772699210| | Sign: /monzL+tBfWeaCss7W/KIyCqrXi47XJGaSzJKWMUjcU=
[2026-03-05T08:26:50.287Z] GET /api/posts/background-color | Body: 0 | Token: eyJraWQi | Raw: GET|/api/posts/background-color|1772699210| | Sign: BPjYTGhmEOQ4+rYWkhvAeYSlj9gwR7T8+5bQiWbuBBc=
[2026-03-05T08:26:50.405Z] GET /api/friend/myFriends | Body: 0 | Token: eyJraWQi | Raw: GET|/api/friend/myFriends|1772699210| | Sign: RRDxQRdrUrP4V1P8rzgTj8eWlSUT3ld66NdVHrigD4c=
[2026-03-05T08:26:50.545Z] GET /api/user/me | Body: 0 | Token: eyJraWQi | Raw: GET|/api/user/me|1772699210| | Sign: /monzL+tBfWeaCss7W/KIyCqrXi47XJGaSzJKWMUjcU=
[2026-03-05T08:26:50.685Z] GET /api/missions/current-user | Body: 0 | Token: eyJraWQi | Raw: GET|/api/missions/current-user|1772699210| | Sign: JZXE7HlXZ+SXprPmFIyb+lNHUbdK4POVm+urpCsjnuM=
[2026-03-05T08:26:50.823Z] GET /api/reaction/list | Body: 0 | Token: eyJraWQi | Raw: GET|/api/reaction/list|1772699210| | Sign: fpP2pSquXDGyMd5FgJzVRtT7tCU6kGpu6JwR2Zt0yNw=
[2026-03-05T08:26:50.937Z] GET /api/v1/notification/list | Body: 0 | Token: eyJraWQi | Raw: GET|/api/v1/notification/list|1772699210| | Sign: eT+DpBWvnqxn/M22ucixWZq7aF9ZOPPVEKEzdBjDhYs=
[2026-03-05T08:26:51.051Z] GET /feed/home | Body: 0 | Token: eyJraWQi | Raw: GET|/feed/home|1772699211| | Sign: vg7AKHOBQOC0G7fse/zWJO3BNRZperDQZxiZ3YI006g=
[2026-03-05T08:26:51.163Z] GET /api/surf/home | Body: 0 | Token: eyJraWQi | Raw: GET|/api/surf/home|1772699211| | Sign: qVDjRS5OQ+Jxd5esg0kLFGsQAZM/yzMbQvpn9gSjchg=
[2026-03-05T08:27:50.037Z] GET /api/user/me | Body: 0 | Token: eyJraWQi | Raw: GET|/api/user/me|1772699270| | Sign: cy5+yz13TsJbGV0+5/WDhvUYIY2l/qhGRW4zoRCBrRk=
[2026-03-05T08:27:50.329Z] GET /api/posts/background-color | Body: 0 | Token: eyJraWQi | Raw: GET|/api/posts/background-color|1772699270| | Sign: 4gzWI/g7pEwKdztMDqjv2Ls89ijHnAOJmP5QSriR4kc=
[2026-03-05T08:27:50.440Z] GET /api/friend/myFriends | Body: 0 | Token: eyJraWQi | Raw: GET|/api/friend/myFriends|1772699270| | Sign: aG0jS2v5EiqVD6nYNclGuz3j8gu/kGKqgAbzO+m7cRc=
[2026-03-05T08:27:50.584Z] GET /api/user/me | Body: 0 | Token: eyJraWQi | Raw: GET|/api/user/me|1772699270| | Sign: cy5+yz13TsJbGV0+5/WDhvUYIY2l/qhGRW4zoRCBrRk=
[2026-03-05T08:27:50.735Z] GET /api/missions/current-user | Body: 0 | Token: eyJraWQi | Raw: GET|/api/missions/current-user|1772699270| | Sign: AURI8Gl0iuQ5AhW0Wmp8D5QkUJwMn7elgRefmGvdjXk=
[2026-03-05T08:27:50.881Z] GET /api/reaction/list | Body: 0 | Token: eyJraWQi | Raw: GET|/api/reaction/list|1772699270| | Sign: FoIGchVLKaacj+4onmhyWYueYKG+L2N2MMybTtu3SCg=
[2026-03-05T08:27:50.998Z] GET /api/v1/notification/list | Body: 0 | Token: eyJraWQi | Raw: GET|/api/v1/notification/list|1772699270| | Sign: jhLZZxYqEPHFDC2Gh0buuKlcr3X5lSTdW96NOEmkVgc=
[2026-03-05T08:27:51.108Z] GET /feed/home | Body: 0 | Token: eyJraWQi | Raw: GET|/feed/home|1772699271| | Sign: ycNgzExP/F2OKJ5yAQ5QwoiIk4XcYy0DIly2iGbmJe0=
[2026-03-05T08:27:51.217Z] GET /api/surf/home | Body: 0 | Token: eyJraWQi | Raw: GET|/api/surf/home|1772699271| | Sign: mv9LEWagBfXWusHHJGJO6tDvt/z/hLh6R0YZ84a3Z/I=
[2026-03-05T08:28:50.038Z] GET /api/user/me | Body: 0 | Token: eyJraWQi | Raw: GET|/api/user/me|1772699330| | Sign: KkwD6G5DUHUgWQq4JYj8gXQKzo1W7/TCoXwfOaRpTqM=
[2026-03-05T08:28:50.351Z] GET /api/posts/background-color | Body: 0 | Token: eyJraWQi | Raw: GET|/api/posts/background-color|1772699330| | Sign: FPjTeHec/UADXXcvg7ZXUml1Tw0Fg+bErwV8VDEsSbE=
[2026-03-05T08:28:50.470Z] GET /api/friend/myFriends | Body: 0 | Token: eyJraWQi | Raw: GET|/api/friend/myFriends|1772699330| | Sign: 8Cv780OGZxmFlwXo441uFnxIjs7+2gwHYZUszgQbc0k=
[2026-03-05T08:28:50.629Z] GET /api/user/me | Body: 0 | Token: eyJraWQi | Raw: GET|/api/user/me|1772699330| | Sign: KkwD6G5DUHUgWQq4JYj8gXQKzo1W7/TCoXwfOaRpTqM=
[2026-03-05T08:28:50.775Z] GET /api/missions/current-user | Body: 0 | Token: eyJraWQi | Raw: GET|/api/missions/current-user|1772699330| | Sign: ZY1AvF8GrF3tfOikgPGO75h/YtFmEVk5bFb43gU8au8=
[2026-03-05T08:28:50.952Z] GET /api/reaction/list | Body: 0 | Token: eyJraWQi | Raw: GET|/api/reaction/list|1772699330| | Sign: Xs+L/eaYVoGL2pYQ4Bvt151UJsjH1dpZ+aquQzHn4oE=
[2026-03-05T08:28:51.072Z] GET /api/v1/notification/list | Body: 0 | Token: eyJraWQi | Raw: GET|/api/v1/notification/list|1772699331| | Sign: mIqIf056jlE4sUssMin5kE816ULkvrTfroz6Xainv6U=
[2026-03-05T08:28:51.189Z] GET /feed/home | Body: 0 | Token: eyJraWQi | Raw: GET|/feed/home|1772699331| | Sign: OivlSqbNEOxkmJrLaTT/F787MQJIHNqPFaZNkXv4FSA=
[2026-03-05T08:28:51.302Z] GET /api/surf/home | Body: 0 | Token: eyJraWQi | Raw: GET|/api/surf/home|1772699331| | Sign: VxgDGOMam7hlttMiPBkkKlZ+vxs6TladvS8Mr+xUEKs=
[2026-03-05T08:29:50.049Z] GET /api/user/me | Body: 0 | Token: eyJraWQi | Raw: GET|/api/user/me|1772699390| | Sign: 2uDLuA6KIuZgrVfAkB7lpWFHoANb3fyI4wagsySUjEA=
[2026-03-05T08:29:50.321Z] GET /api/posts/background-color | Body: 0 | Token: eyJraWQi | Raw: GET|/api/posts/background-color|1772699390| | Sign: 5zYanhXmxGjySQ54KT9RPCQFMxDmrrUrRfFzhON8tsU=
[2026-03-05T08:29:50.438Z] GET /api/friend/myFriends | Body: 0 | Token: eyJraWQi | Raw: GET|/api/friend/myFriends|1772699390| | Sign: 1XapAHkT4mLByzmgZJBlkw3I0WiYT3Pomz+vScsNBKg=
[2026-03-05T08:29:50.587Z] GET /api/user/me | Body: 0 | Token: eyJraWQi | Raw: GET|/api/user/me|1772699390| | Sign: 2uDLuA6KIuZgrVfAkB7lpWFHoANb3fyI4wagsySUjEA=
[2026-03-05T08:29:50.734Z] GET /api/missions/current-user | Body: 0 | Token: eyJraWQi | Raw: GET|/api/missions/current-user|1772699390| | Sign: SBS1E3LJj+giSrpC4JrEoTdZkQ4fgLFm5ybGlSA2GpQ=
[2026-03-05T08:29:50.880Z] GET /api/reaction/list | Body: 0 | Token: eyJraWQi | Raw: GET|/api/reaction/list|1772699390| | Sign: vOnQJLnT4pYv/taHuRJy/H3FTtAP4zcKOLEHMAocxLQ=
[2026-03-05T08:29:51.001Z] GET /api/v1/notification/list | Body: 0 | Token: eyJraWQi | Raw: GET|/api/v1/notification/list|1772699391| | Sign: 1FLClvCnY8SHTJ6p38nP4ygUgDDBWbff65ijMIj6iDA=
[2026-03-05T08:29:51.117Z] GET /feed/home | Body: 0 | Token: eyJraWQi | Raw: GET|/feed/home|1772699391| | Sign: B7owvIbfh5cCaFyQkXeWQ/jLnLeUPw8XoZhyysMqCpA=
[2026-03-05T08:29:51.231Z] GET /api/surf/home | Body: 0 | Token: eyJraWQi | Raw: GET|/api/surf/home|1772699391| | Sign: iEzQ6sLRKoZQO1vjZl10DJxRsaIaOMo6toCc+8ei9vo=
[2026-03-05T08:30:50.055Z] GET /api/user/me | Body: 0 | Token: eyJraWQi | Raw: GET|/api/user/me|1772699450| | Sign: tyZUVRLbJ1gweFuzDxs6Kp2oYzOm8tvo+GqjyFZMBMU=
[2026-03-05T08:30:50.510Z] GET /api/posts/background-color | Body: 0 | Token: eyJraWQi | Raw: GET|/api/posts/background-color|1772699450| | Sign: TGjKvA82zwAFNvJJcoh5P9P8yAQ9DTh9Y7hwrlMAYQc=
[2026-03-05T08:30:50.671Z] GET /api/friend/myFriends | Body: 0 | Token: eyJraWQi | Raw: GET|/api/friend/myFriends|1772699450| | Sign: 5cbzx9TthR1hBLbPjYJDQguZJ5MpsyxcqfBckU9G86A=
[2026-03-05T08:30:50.873Z] GET /api/user/me | Body: 0 | Token: eyJraWQi | Raw: GET|/api/user/me|1772699450| | Sign: tyZUVRLbJ1gweFuzDxs6Kp2oYzOm8tvo+GqjyFZMBMU=
[2026-03-05T08:30:51.058Z] GET /api/missions/current-user | Body: 0 | Token: eyJraWQi | Raw: GET|/api/missions/current-user|1772699451| | Sign: OwxhTIIGXO6n723t5229r4se1VbkLVkKAtH6L8YA/Ts=
[2026-03-05T08:30:51.242Z] GET /api/reaction/list | Body: 0 | Token: eyJraWQi | Raw: GET|/api/reaction/list|1772699451| | Sign: EQzBN8kuuHIODvtBpCCTuyMikFH5PjgRy1vVQuEt/S0=
[2026-03-05T08:30:51.426Z] GET /api/v1/notification/list | Body: 0 | Token: eyJraWQi | Raw: GET|/api/v1/notification/list|1772699451| | Sign: ATcUQJF67UH5tznOG9FqEwDojtj/26f34t8rOU+hE48=
[2026-03-05T08:30:51.585Z] GET /feed/home | Body: 0 | Token: eyJraWQi | Raw: GET|/feed/home|1772699451| | Sign: JqKgc1QhwD2zeUmPUAlI+F1FBXlZ+tKF+gs+SkRZGc8=
[2026-03-05T08:30:51.750Z] GET /api/surf/home | Body: 0 | Token: eyJraWQi | Raw: GET|/api/surf/home|1772699451| | Sign: t8F6XZVQspZNTyFG6kUKiEZpVw03AgZDRpuB+wj0vvc=
[2026-03-05T08:31:50.070Z] GET /api/user/me | Body: 0 | Token: eyJraWQi | Raw: GET|/api/user/me|1772699510| | Sign: 22QCFjTmZwlR8cxCFY5tVy9FCLlly4y+EerBgQX1xrI=
[2026-03-05T08:31:50.374Z] GET /api/posts/background-color | Body: 0 | Token: eyJraWQi | Raw: GET|/api/posts/background-color|1772699510| | Sign: aGqhxgNHHp+LjIXlok6NzOS2V48a5fiqM7KEAzdTU1k=
[2026-03-05T08:31:50.543Z] GET /api/friend/myFriends | Body: 0 | Token: eyJraWQi | Raw: GET|/api/friend/myFriends|1772699510| | Sign: 4IGYbBnF1JWPDT/wWsfqLjFQdpRjWra6gRqbKWimY10=
[2026-03-05T08:31:50.737Z] GET /api/user/me | Body: 0 | Token: eyJraWQi | Raw: GET|/api/user/me|1772699510| | Sign: 22QCFjTmZwlR8cxCFY5tVy9FCLlly4y+EerBgQX1xrI=
[2026-03-05T08:31:50.912Z] GET /api/missions/current-user | Body: 0 | Token: eyJraWQi | Raw: GET|/api/missions/current-user|1772699510| | Sign: WFkiuth/vJ6BVNwIZ+oqKAzGMg+dwTO06I7/nXRdUDA=
[2026-03-05T08:31:51.088Z] GET /api/reaction/list | Body: 0 | Token: eyJraWQi | Raw: GET|/api/reaction/list|1772699511| | Sign: 4SdLz5Zw8o4fK4zQBLE2dDy7TpKsJtvQo8zUmk62wDI=
[2026-03-05T08:31:51.255Z] GET /api/v1/notification/list | Body: 0 | Token: eyJraWQi | Raw: GET|/api/v1/notification/list|1772699511| | Sign: 2dySHbIFB5MTJNSBT0rk5OjdLIB0g7+bJwubHb1ST04=
[2026-03-05T08:31:51.421Z] GET /feed/home | Body: 0 | Token: eyJraWQi | Raw: GET|/feed/home|1772699511| | Sign: qZm0lnRn4NhYxA7I0d1KVRNdHtxJbBdEV0nc8Uvx2kI=
[2026-03-05T08:31:51.588Z] GET /api/surf/home | Body: 0 | Token: eyJraWQi | Raw: GET|/api/surf/home|1772699511| | Sign: C5qg+8Ri8ze01/R2EliN9ZK3Q+YCWGYxVwxasCEQ5BY=
[2026-03-05T08:32:50.079Z] GET /api/user/me | Body: 0 | Token: eyJraWQi | Raw: GET|/api/user/me|1772699570| | Sign: u09xl6jYNwIJK6LufboEfVQ2WruN1Qnigp0M9uHb7/k=
[2026-03-05T08:32:50.361Z] GET /api/posts/background-color | Body: 0 | Token: eyJraWQi | Raw: GET|/api/posts/background-color|1772699570| | Sign: H+qZBLgT200A/lzgE+A3HTmqkM4o7CZWI/bhWIMPeHk=
[2026-03-05T08:32:50.484Z] GET /api/friend/myFriends | Body: 0 | Token: eyJraWQi | Raw: GET|/api/friend/myFriends|1772699570| | Sign: qm/C+uhD9fWgVTohvaOWDn55uUaxXF2TGgRrwBGjBtY=
[2026-03-05T08:32:50.670Z] GET /api/user/me | Body: 0 | Token: eyJraWQi | Raw: GET|/api/user/me|1772699570| | Sign: u09xl6jYNwIJK6LufboEfVQ2WruN1Qnigp0M9uHb7/k=
[2026-03-05T08:32:50.845Z] GET /api/missions/current-user | Body: 0 | Token: eyJraWQi | Raw: GET|/api/missions/current-user|1772699570| | Sign: 4gC3ygaE6Cx3nZ4HyyJHzUD4rLLpMWsBZz2ga8mV6/0=
[2026-03-05T08:32:50.992Z] GET /api/reaction/list | Body: 0 | Token: eyJraWQi | Raw: GET|/api/reaction/list|1772699570| | Sign: Q7iz7pv+zgsEOCzBG3GGJw8aYdrObC2QeoREtJFbDMU=
[2026-03-05T08:32:51.131Z] GET /api/v1/notification/list | Body: 0 | Token: eyJraWQi | Raw: GET|/api/v1/notification/list|1772699571| | Sign: b0tQgGwGPosWbKNZ42OsVCSNFufr5UqWEBjXYLaOdys=
[2026-03-05T08:32:51.251Z] GET /feed/home | Body: 0 | Token: eyJraWQi | Raw: GET|/feed/home|1772699571| | Sign: SK09GYcN8MMwAwb/gD5hFUop03XBOEMCj+lx/heLhug=
[2026-03-05T08:32:51.375Z] GET /api/surf/home | Body: 0 | Token: eyJraWQi | Raw: GET|/api/surf/home|1772699571| | Sign: XIWPeONTOd3iAgLh6NZ7MJ5Ro7vn+Cs627yMD/pY4HQ=
[2026-03-05T08:33:50.086Z] GET /api/user/me | Body: 0 | Token: eyJraWQi | Raw: GET|/api/user/me|1772699630| | Sign: mjudD9DAzU6lx2KShB05oKkL3dxJNK2lYjmcG9268Ms=
[2026-03-05T08:33:50.367Z] GET /api/posts/background-color | Body: 0 | Token: eyJraWQi | Raw: GET|/api/posts/background-color|1772699630| | Sign: lcq5YSHYZvnZLVUeYV0Q/MTBn2dzZ9a6Miz6knFS0yw=
[2026-03-05T08:33:50.491Z] GET /api/friend/myFriends | Body: 0 | Token: eyJraWQi | Raw: GET|/api/friend/myFriends|1772699630| | Sign: yYL7gSH7mF0mDWainZBcJq7wJ6KU/pBr6SgXWjkVmAg=
[2026-03-05T08:33:50.665Z] GET /api/user/me | Body: 0 | Token: eyJraWQi | Raw: GET|/api/user/me|1772699630| | Sign: mjudD9DAzU6lx2KShB05oKkL3dxJNK2lYjmcG9268Ms=
[2026-03-05T08:33:50.843Z] GET /api/missions/current-user | Body: 0 | Token: eyJraWQi | Raw: GET|/api/missions/current-user|1772699630| | Sign: glJAzKimQjbM5ojm6HGBaN/gyTtX20TJ3y+XChOD/Ho=
[2026-03-05T08:33:51.003Z] GET /api/reaction/list | Body: 0 | Token: eyJraWQi | Raw: GET|/api/reaction/list|1772699631| | Sign: qr4LHGC5W7nt9aqaCpajSCUXxfG4H94FJC5XBtcVqyg=
[2026-03-05T08:33:51.140Z] GET /api/v1/notification/list | Body: 0 | Token: eyJraWQi | Raw: GET|/api/v1/notification/list|1772699631| | Sign: a0CPAfOwqZxl97GGoL4h4WtknjcyeZ7p6k68s48+O+Y=
[2026-03-05T08:33:51.275Z] GET /feed/home | Body: 0 | Token: eyJraWQi | Raw: GET|/feed/home|1772699631| | Sign: trZYXC6puvQZmZPQ9KBoF36AikkQXO6p0Ev2/wdY2JM=
[2026-03-05T08:33:51.396Z] GET /api/surf/home | Body: 0 | Token: eyJraWQi | Raw: GET|/api/surf/home|1772699631| | Sign: j4u0dRc2JJIw/UyEVEX3Rh9k0eQClkhl+St4Xfr2JLY=
[2026-03-05T08:34:50.093Z] POST /api/auth/login | Body: 57 | Token: None | Raw: POST|/api/auth/login|1772699690|{"username":"longh1248@gmail.com","password":"Admin@123"} | Sign: 6W5hxPz/kQ3NsafUv16R9ZXrmvSPeHQwqePGA8Blazw=
[2026-03-05T08:34:50.547Z] GET /api/user/me | Body: 0 | Token: eyJraWQi | Raw: GET|/api/user/me|1772699690| | Sign: kET4kV7Gaxwt+B7RAX30bwzQ+CRVXKSDOQK3/CDW04A=
[2026-03-05T08:34:51.653Z] GET /api/posts/background-color | Body: 0 | Token: eyJraWQi | Raw: GET|/api/posts/background-color|1772699691| | Sign: VO24b56PdOyOfxRVbh2p2ac2nso/+DVM+uOeGQQH718=
[2026-03-05T08:34:51.767Z] GET /api/friend/myFriends | Body: 0 | Token: eyJraWQi | Raw: GET|/api/friend/myFriends|1772699691| | Sign: Kjhe1UQVJdc0yDfbRHpMArExYNbbt7uoCgHlQqBoEDQ=
[2026-03-05T08:34:51.905Z] GET /api/user/me | Body: 0 | Token: eyJraWQi | Raw: GET|/api/user/me|1772699691| | Sign: CKb0wrC06mAqGZvUSTSN/JOlG8t8HjPVhm0B8uu+uQM=
[2026-03-05T08:34:52.070Z] GET /api/missions/current-user | Body: 0 | Token: eyJraWQi | Raw: GET|/api/missions/current-user|1772699692| | Sign: 7DlnLdXOI0POfe0rrxQdb4ZlessC5sZD+nrY0yJyHj8=
[2026-03-05T08:34:52.220Z] GET /api/reaction/list | Body: 0 | Token: eyJraWQi | Raw: GET|/api/reaction/list|1772699692| | Sign: Y3H5bUxPhdC38O1M1SzUs4akWgxcmRg/JpdANcwtLkA=
[2026-03-05T08:34:52.347Z] GET /api/v1/notification/list | Body: 0 | Token: eyJraWQi | Raw: GET|/api/v1/notification/list|1772699692| | Sign: HN2EsJTBm7oIc55yifQg3GETtxUTi1A3Kj0T0R+fbH0=
[2026-03-05T08:34:52.464Z] GET /feed/home | Body: 0 | Token: eyJraWQi | Raw: GET|/feed/home|1772699692| | Sign: CkHAeq6zKbQTDEyuKexvN/D7y45uPgBFJ4nk8CdtJpo=
[2026-03-05T08:34:52.580Z] GET /api/surf/home | Body: 0 | Token: eyJraWQi | Raw: GET|/api/surf/home|1772699692| | Sign: CrUfGFtyacl6cFcRt7XTspaWWy2yp4Tu3m0U4fu0smY=
[2026-03-05T08:35:50.094Z] GET /api/user/me | Body: 0 | Token: eyJraWQi | Raw: GET|/api/user/me|1772699750| | Sign: Zqu6XR/piVD8zbNx7gTuma44FaHcFso7tTrb6tTr1Gc=
[2026-03-05T08:35:50.415Z] GET /api/posts/background-color | Body: 0 | Token: eyJraWQi | Raw: GET|/api/posts/background-color|1772699750| | Sign: xc9ZE3/d5+Xd31LjCL/W6QCC1cMUyQxH8AICQOk3NTc=
[2026-03-05T08:35:50.530Z] GET /api/friend/myFriends | Body: 0 | Token: eyJraWQi | Raw: GET|/api/friend/myFriends|1772699750| | Sign: TRfzJ/YF5CrDJZR9Dk3fsXKYwABTKwVz948iJJwo4w0=
[2026-03-05T08:35:50.666Z] GET /api/user/me | Body: 0 | Token: eyJraWQi | Raw: GET|/api/user/me|1772699750| | Sign: Zqu6XR/piVD8zbNx7gTuma44FaHcFso7tTrb6tTr1Gc=
[2026-03-05T08:35:50.802Z] GET /api/missions/current-user | Body: 0 | Token: eyJraWQi | Raw: GET|/api/missions/current-user|1772699750| | Sign: sko2jJi8JDufVLviEEKZpLhvv0KUQGfqXaDoAewfzW0=
[2026-03-05T08:35:50.948Z] GET /api/reaction/list | Body: 0 | Token: eyJraWQi | Raw: GET|/api/reaction/list|1772699750| | Sign: yKrIRtwscwEnsP2Kbufg3msBavfCRjxhSXfoFVVkA+Q=
[2026-03-05T08:35:51.066Z] GET /api/v1/notification/list | Body: 0 | Token: eyJraWQi | Raw: GET|/api/v1/notification/list|1772699751| | Sign: 2UB5GSbdIZ870e6iDHyz5Ef6ieHVnxGIcSWNOzQZBmc=
[2026-03-05T08:35:51.179Z] GET /feed/home | Body: 0 | Token: eyJraWQi | Raw: GET|/feed/home|1772699751| | Sign: +sQg9DfCcqwgHuCDVFF+olMwGWhvZqFWh15P27DNzuQ=
[2026-03-05T08:35:51.295Z] GET /api/surf/home | Body: 0 | Token: eyJraWQi | Raw: GET|/api/surf/home|1772699751| | Sign: d0y3kJphM22bolxAjrxGrC/8RgxKtCrf925wauEIoyg=
[2026-03-05T08:36:50.105Z] GET /api/user/me | Body: 0 | Token: eyJraWQi | Raw: GET|/api/user/me|1772699810| | Sign: vOCkJmDOGkItIsS6ebdpADR4B2LIxU/muuwt+k744OQ=
[2026-03-05T08:36:50.403Z] GET /api/posts/background-color | Body: 0 | Token: eyJraWQi | Raw: GET|/api/posts/background-color|1772699810| | Sign: irUOYOU9mWuKYyfq+tjGyoJZ/KKl626yOjpuiwn2lYA=
[2026-03-05T08:36:50.511Z] GET /api/friend/myFriends | Body: 0 | Token: eyJraWQi | Raw: GET|/api/friend/myFriends|1772699810| | Sign: +U1sph7DdqV5nwnfWW53t4CC2tLW9QnH9EZx8dzmVb0=
[2026-03-05T08:36:50.676Z] GET /api/user/me | Body: 0 | Token: eyJraWQi | Raw: GET|/api/user/me|1772699810| | Sign: vOCkJmDOGkItIsS6ebdpADR4B2LIxU/muuwt+k744OQ=
[2026-03-05T08:36:51.109Z] GET /api/missions/current-user | Body: 0 | Token: eyJraWQi | Raw: GET|/api/missions/current-user|1772699811| | Sign: jppSonRlHiQa9TcY0s4PSDhirGxP83RMN8hQvQXi7x0=
[2026-03-05T08:36:51.229Z] GET /api/reaction/list | Body: 0 | Token: eyJraWQi | Raw: GET|/api/reaction/list|1772699811| | Sign: YY8s5bwl60M79M8roHxyRcJwvuPj/CjrhUdVK2/M2ng=
[2026-03-05T08:36:51.364Z] GET /api/v1/notification/list | Body: 0 | Token: eyJraWQi | Raw: GET|/api/v1/notification/list|1772699811| | Sign: jq4dHyvNV6fLHQAs3SVDqLsR5ae6T4bpnuDw3GEcSRw=
[2026-03-05T08:36:51.475Z] GET /feed/home | Body: 0 | Token: eyJraWQi | Raw: GET|/feed/home|1772699811| | Sign: 65KIEk3r9M7BP0Oz4jlEmmuDjwmrFXVh/pgNmeLmEMA=
[2026-03-05T08:36:51.585Z] GET /api/surf/home | Body: 0 | Token: eyJraWQi | Raw: GET|/api/surf/home|1772699811| | Sign: Ej2T7u1XffXvr+lLMmFBaBieTc6x30C3eUWGtc+IvQ4=
[2026-03-05T08:37:50.111Z] GET /api/user/me | Body: 0 | Token: eyJraWQi | Raw: GET|/api/user/me|1772699870| | Sign: 0DtMTD6WIrNr78zeeegD1ZextmIXQbHKX1L2XcDjOCM=
[2026-03-05T08:37:50.429Z] GET /api/posts/background-color | Body: 0 | Token: eyJraWQi | Raw: GET|/api/posts/background-color|1772699870| | Sign: USe+mS9yjJffZJLePJA9K0Fv4fhFcUuMxLAS36P3Pu0=
[2026-03-05T08:37:50.545Z] GET /api/friend/myFriends | Body: 0 | Token: eyJraWQi | Raw: GET|/api/friend/myFriends|1772699870| | Sign: rB//X0uuaiEbbn3c4D5fiyltoWBKypaj+qBMc+NHllY=
[2026-03-05T08:37:50.694Z] GET /api/user/me | Body: 0 | Token: eyJraWQi | Raw: GET|/api/user/me|1772699870| | Sign: 0DtMTD6WIrNr78zeeegD1ZextmIXQbHKX1L2XcDjOCM=
[2026-03-05T08:37:50.847Z] GET /api/missions/current-user | Body: 0 | Token: eyJraWQi | Raw: GET|/api/missions/current-user|1772699870| | Sign: MIWEpw00ghqQwqq3CbB0SiQr2DhaIWQhEsAqXIfYEgE=
[2026-03-05T08:37:51.019Z] GET /api/reaction/list | Body: 0 | Token: eyJraWQi | Raw: GET|/api/reaction/list|1772699871| | Sign: DxX3AWsmiAF1A5F3k2/9hCS9dLwe4VWVLiZ57dOxVEA=
[2026-03-05T08:37:51.139Z] GET /api/v1/notification/list | Body: 0 | Token: eyJraWQi | Raw: GET|/api/v1/notification/list|1772699871| | Sign: JuUP387Z8mMl6HKBaPaR8lCpsQ3hwvOYMqxwscii3Fc=
[2026-03-05T08:37:51.253Z] GET /feed/home | Body: 0 | Token: eyJraWQi | Raw: GET|/feed/home|1772699871| | Sign: 44AjjUEk8H5CcCAnAcmN9qVuJUxVfGwiLp0xLIYHVDs=
[2026-03-05T08:37:51.371Z] GET /api/surf/home | Body: 0 | Token: eyJraWQi | Raw: GET|/api/surf/home|1772699871| | Sign: Yxhr7A8EqVr+QOPn9NHDhCGK+i6Po20WXOajox7iwJo=
[2026-03-05T08:38:50.120Z] GET /api/user/me | Body: 0 | Token: eyJraWQi | Raw: GET|/api/user/me|1772699930| | Sign: YTByACL80Z1hHpM+Hr6KFBe8vNWBQy+3IbI0aFxPLn4=
[2026-03-05T08:38:50.385Z] GET /api/posts/background-color | Body: 0 | Token: eyJraWQi | Raw: GET|/api/posts/background-color|1772699930| | Sign: jqyBd0S1sfmOIMw0WezY4m+O0zayAAeQ2PkfyGaBwz4=
[2026-03-05T08:38:50.509Z] GET /api/friend/myFriends | Body: 0 | Token: eyJraWQi | Raw: GET|/api/friend/myFriends|1772699930| | Sign: dSP0aLPDNhIVSRa8pnHbH+HED0wEraVHNSbQrzKwRsw=
[2026-03-05T08:38:50.674Z] GET /api/user/me | Body: 0 | Token: eyJraWQi | Raw: GET|/api/user/me|1772699930| | Sign: YTByACL80Z1hHpM+Hr6KFBe8vNWBQy+3IbI0aFxPLn4=
[2026-03-05T08:38:50.830Z] GET /api/missions/current-user | Body: 0 | Token: eyJraWQi | Raw: GET|/api/missions/current-user|1772699930| | Sign: ZcDmwfZh7bO55Ik5IL+y5TwFa9vOAHiX1c8QywiQ2R0=
[2026-03-05T08:38:51.005Z] GET /api/reaction/list | Body: 0 | Token: eyJraWQi | Raw: GET|/api/reaction/list|1772699931| | Sign: b/IB3ggrEsi6TL3BEsE1F7DIFhZqD6dnANeGoYoLrYc=
[2026-03-05T08:38:51.133Z] GET /api/v1/notification/list | Body: 0 | Token: eyJraWQi | Raw: GET|/api/v1/notification/list|1772699931| | Sign: 3K4ep9td3JDD/UtcYz/yyWcA2tDQ06K2EiBtJFBAiPs=
[2026-03-05T08:38:51.255Z] GET /feed/home | Body: 0 | Token: eyJraWQi | Raw: GET|/feed/home|1772699931| | Sign: MxGgo7G/gEJJeXTxd2zK3T6Mk8uwOsZ6uFCGATzvx7s=
[2026-03-05T08:38:51.375Z] GET /api/surf/home | Body: 0 | Token: eyJraWQi | Raw: GET|/api/surf/home|1772699931| | Sign: yiWW2Zqxdlpsff6u5qwjIGxh3KhLYuN5ivgUdQDX6FU=
[2026-03-05T08:39:50.120Z] POST /api/auth/login | Body: 57 | Token: None | Raw: POST|/api/auth/login|1772699990|{"username":"longh1248@gmail.com","password":"Admin@123"} | Sign: LAXyfPMwUN4oOWkgECyQA7d1BBsFjw3lLKsh2hb8pWY=
[2026-03-05T08:39:50.821Z] GET /api/user/me | Body: 0 | Token: eyJraWQi | Raw: GET|/api/user/me|1772699990| | Sign: Mxq8+9RpA8e95Lo2DdM6UZ4ZyH4YGTExf8Um5S/TqWI=
[2026-03-05T08:39:51.045Z] GET /api/posts/background-color | Body: 0 | Token: eyJraWQi | Raw: GET|/api/posts/background-color|1772699991| | Sign: Yl5oJFWZB968yQFiN9Q3SoNCsggNHRgLHmidk0p10I0=
[2026-03-05T08:39:51.220Z] GET /api/friend/myFriends | Body: 0 | Token: eyJraWQi | Raw: GET|/api/friend/myFriends|1772699991| | Sign: I1GolxXlvc/siIJM6jinGLIRXPu1G1jpLwJNGA6fgW8=
[2026-03-05T08:39:51.365Z] GET /api/user/me | Body: 0 | Token: eyJraWQi | Raw: GET|/api/user/me|1772699991| | Sign: bX/48IaHPekpLVd15f0FFuabvKBLTdOf+eqlAg/5GeQ=
[2026-03-05T08:39:51.520Z] GET /api/missions/current-user | Body: 0 | Token: eyJraWQi | Raw: GET|/api/missions/current-user|1772699991| | Sign: YtqlQRzEKtgTC+pld7UrjILb+XqfeA2punBEwplU7UM=
[2026-03-05T08:39:51.709Z] GET /api/reaction/list | Body: 0 | Token: eyJraWQi | Raw: GET|/api/reaction/list|1772699991| | Sign: yGLI96/2QE9Td03ibTggvWECinx3D5RLgsaGB3ZNNOo=
[2026-03-05T08:39:51.868Z] GET /api/v1/notification/list | Body: 0 | Token: eyJraWQi | Raw: GET|/api/v1/notification/list|1772699991| | Sign: gssO4alOcFfILurpbOHay8SMOcjPn2hTz1wrBYVs4+0=
[2026-03-05T08:39:51.990Z] GET /feed/home | Body: 0 | Token: eyJraWQi | Raw: GET|/feed/home|1772699991| | Sign: cMZzvj6H6GQsBVFT9fb7TIdCrl5d62go08nJFvAIVBQ=
[2026-03-05T08:39:52.114Z] GET /api/surf/home | Body: 0 | Token: eyJraWQi | Raw: GET|/api/surf/home|1772699992| | Sign: K0dCO53tXLLNyxvE2EVctZ9b/ClHTKcJYvv9/7Rl8Ds=
[2026-03-05T08:40:50.124Z] GET /api/user/me | Body: 0 | Token: eyJraWQi | Raw: GET|/api/user/me|1772700050| | Sign: qA3yuRLzMKjb5E5B/g4ln0ZsC3Ry5z7pge5qvJS9Yt0=
[2026-03-05T08:40:50.408Z] GET /api/posts/background-color | Body: 0 | Token: eyJraWQi | Raw: GET|/api/posts/background-color|1772700050| | Sign: cB24aOhfKs89HzP01D9J41H4onIYqUl9lZx9XGFBEwk=
[2026-03-05T08:40:50.531Z] GET /api/friend/myFriends | Body: 0 | Token: eyJraWQi | Raw: GET|/api/friend/myFriends|1772700050| | Sign: Q51XehwGqexMKYyXkTUOtdflKwVGazCuNlzuSQHkI5w=
[2026-03-05T08:40:50.691Z] GET /api/user/me | Body: 0 | Token: eyJraWQi | Raw: GET|/api/user/me|1772700050| | Sign: qA3yuRLzMKjb5E5B/g4ln0ZsC3Ry5z7pge5qvJS9Yt0=
[2026-03-05T08:40:50.842Z] GET /api/missions/current-user | Body: 0 | Token: eyJraWQi | Raw: GET|/api/missions/current-user|1772700050| | Sign: ohWS4nF5bE7xBg3ZhXfSfV40OpfF2Y+q9mQbeNoOJP8=
[2026-03-05T08:40:50.986Z] GET /api/reaction/list | Body: 0 | Token: eyJraWQi | Raw: GET|/api/reaction/list|1772700050| | Sign: w2+iG1Ff70LLM8DbvxRgMTeKeRyR3Zz3FqiWwfIuzho=
[2026-03-05T08:40:51.114Z] GET /api/v1/notification/list | Body: 0 | Token: eyJraWQi | Raw: GET|/api/v1/notification/list|1772700051| | Sign: KrwfbVAJj7LkvbUuhJEJVrO+Zu4moRjWYQp7znqrC0w=
[2026-03-05T08:40:51.236Z] GET /feed/home | Body: 0 | Token: eyJraWQi | Raw: GET|/feed/home|1772700051| | Sign: /zTYWDbZPq1n6nNxFCeXVj4LT6FZnHgawT8hKvZjNEs=
[2026-03-05T08:40:51.373Z] GET /api/surf/home | Body: 0 | Token: eyJraWQi | Raw: GET|/api/surf/home|1772700051| | Sign: 9xVqKe0MAaYONiblm55PZqdPRb+SZIxkwAL9lPLGhgQ=
[2026-03-05T08:41:50.122Z] GET /api/user/me | Body: 0 | Token: eyJraWQi | Raw: GET|/api/user/me|1772700110| | Sign: oiAygvGSvrieqjvNJxdnX8AUlPYikAMSNSSFrVgTEqw=
[2026-03-05T08:41:50.434Z] GET /api/posts/background-color | Body: 0 | Token: eyJraWQi | Raw: GET|/api/posts/background-color|1772700110| | Sign: F1c4pd5k7fxMkmff9d5QnhsrJW8Em+0ZSNmrojWMPz4=
[2026-03-05T08:41:50.546Z] GET /api/friend/myFriends | Body: 0 | Token: eyJraWQi | Raw: GET|/api/friend/myFriends|1772700110| | Sign: /MKMQAWc9erlqX8hxMemlnXlU5Y3qqyQD5XYxA2hAVE=
[2026-03-05T08:41:50.684Z] GET /api/user/me | Body: 0 | Token: eyJraWQi | Raw: GET|/api/user/me|1772700110| | Sign: oiAygvGSvrieqjvNJxdnX8AUlPYikAMSNSSFrVgTEqw=
[2026-03-05T08:41:50.822Z] GET /api/missions/current-user | Body: 0 | Token: eyJraWQi | Raw: GET|/api/missions/current-user|1772700110| | Sign: IAXwZQSDr2tz+azKoMDzqzj2MaP2lHggcHJy7cYV4p8=
[2026-03-05T08:41:51.093Z] GET /api/reaction/list | Body: 0 | Token: eyJraWQi | Raw: GET|/api/reaction/list|1772700111| | Sign: TjDSpJTevwNJ8jbgQgmKGqqhAXEcmWSwY4/QpAlS9ug=
[2026-03-05T08:41:51.233Z] GET /api/v1/notification/list | Body: 0 | Token: eyJraWQi | Raw: GET|/api/v1/notification/list|1772700111| | Sign: CA+YE3KyO+PNvGL1yMuJqRqx2yFxudICMST2+jnuEDg=
[2026-03-05T08:41:51.347Z] GET /feed/home | Body: 0 | Token: eyJraWQi | Raw: GET|/feed/home|1772700111| | Sign: cDZ+L4Ny+Sc5KA7Fiya2tvwMJJIcmOPglPnzu1prLYI=
[2026-03-05T08:41:51.461Z] GET /api/surf/home | Body: 0 | Token: eyJraWQi | Raw: GET|/api/surf/home|1772700111| | Sign: KX8910K5iLFsy8UDT5A10Pzlex9N59gj/BbidU1rsjg=
[2026-03-05T08:42:50.136Z] GET /api/user/me | Body: 0 | Token: eyJraWQi | Raw: GET|/api/user/me|1772700170| | Sign: eLUoq9GMbI9V8716UxtBD/h5AZalb6+siuniWMrG3Ko=
[2026-03-05T08:42:50.388Z] GET /api/posts/background-color | Body: 0 | Token: eyJraWQi | Raw: GET|/api/posts/background-color|1772700170| | Sign: 3JITF8o35ci6b0sKA5flzCUxtl00C0tjI4B/zdUTCYY=
[2026-03-05T08:42:50.501Z] GET /api/friend/myFriends | Body: 0 | Token: eyJraWQi | Raw: GET|/api/friend/myFriends|1772700170| | Sign: nJxYLq/vQQ4qUtRDABIoc3euvWUV+e1JGemQeRyrJXQ=
[2026-03-05T08:42:50.660Z] GET /api/user/me | Body: 0 | Token: eyJraWQi | Raw: GET|/api/user/me|1772700170| | Sign: eLUoq9GMbI9V8716UxtBD/h5AZalb6+siuniWMrG3Ko=
[2026-03-05T08:42:50.794Z] GET /api/missions/current-user | Body: 0 | Token: eyJraWQi | Raw: GET|/api/missions/current-user|1772700170| | Sign: AC62XUiMGtVoNw4AUUR21npujuLPXd47LMMcbd6Mino=
[2026-03-05T08:42:50.982Z] GET /api/reaction/list | Body: 0 | Token: eyJraWQi | Raw: GET|/api/reaction/list|1772700170| | Sign: N1U5rZwdx6ZSQJbVuKBmEcLQ36w9NSUDwVH6UVeacOg=
[2026-03-05T08:42:51.098Z] GET /api/v1/notification/list | Body: 0 | Token: eyJraWQi | Raw: GET|/api/v1/notification/list|1772700171| | Sign: xVg7x42LTAU4kkQbZ0BBHNM9usW0HPynps0AJ61TEZ8=
[2026-03-05T08:42:51.213Z] GET /feed/home | Body: 0 | Token: eyJraWQi | Raw: GET|/feed/home|1772700171| | Sign: r8Oj+RdQcIgBVDBCI1Vz+0HwCOVE1HeJP7jr0PNfQig=
[2026-03-05T08:42:51.326Z] GET /api/surf/home | Body: 0 | Token: eyJraWQi | Raw: GET|/api/surf/home|1772700171| | Sign: O6gmN2UTAbsraeHYksGXXtcc+DdIKzzvtd+1GR1npw8=
[2026-03-05T08:43:50.139Z] GET /api/user/me | Body: 0 | Token: eyJraWQi | Raw: GET|/api/user/me|1772700230| | Sign: uypwSphwoGUyFhnqQu3ZtDVWoifO+rAxJAVMdQMCC1U=
[2026-03-05T08:43:50.471Z] GET /api/posts/background-color | Body: 0 | Token: eyJraWQi | Raw: GET|/api/posts/background-color|1772700230| | Sign: D/AAj3DDoHteYp1YzjzOIfR9HHL7rj3esPg3fRbb7N4=
[2026-03-05T08:43:50.595Z] GET /api/friend/myFriends | Body: 0 | Token: eyJraWQi | Raw: GET|/api/friend/myFriends|1772700230| | Sign: toS64KR9T4BimebOga7QY5aoPINteNxQmDZjAnl1xDc=
[2026-03-05T08:43:50.749Z] GET /api/user/me | Body: 0 | Token: eyJraWQi | Raw: GET|/api/user/me|1772700230| | Sign: uypwSphwoGUyFhnqQu3ZtDVWoifO+rAxJAVMdQMCC1U=
[2026-03-05T08:43:50.892Z] GET /api/missions/current-user | Body: 0 | Token: eyJraWQi | Raw: GET|/api/missions/current-user|1772700230| | Sign: 3iJdXOmV8QNI89TJ1YsbuEiZAhLaAA+1zKX1965i9j4=
[2026-03-05T08:43:51.039Z] GET /api/reaction/list | Body: 0 | Token: eyJraWQi | Raw: GET|/api/reaction/list|1772700231| | Sign: jXdE9nCxaz+WuzJaEd+SVWch4NGPOkiob9No0bQgfkk=
[2026-03-05T08:43:51.179Z] GET /api/v1/notification/list | Body: 0 | Token: eyJraWQi | Raw: GET|/api/v1/notification/list|1772700231| | Sign: Xnu8t9m1QiqNSG5tQUL8Q+RfgxPQWU6zkjl/fl4Pa+s=
[2026-03-05T08:43:51.301Z] GET /feed/home | Body: 0 | Token: eyJraWQi | Raw: GET|/feed/home|1772700231| | Sign: IbN4OY9FHUCHvTdI4WaPD3x7GtiGLf1XJGwEn4BV7V8=
[2026-03-05T08:43:51.430Z] GET /api/surf/home | Body: 0 | Token: eyJraWQi | Raw: GET|/api/surf/home|1772700231| | Sign: xVg9NOaTgxds/qubCrvvY1kgItF1FD+CKLbEvHjWdNQ=
[2026-03-05T08:44:50.147Z] GET /api/user/me | Body: 0 | Token: eyJraWQi | Raw: GET|/api/user/me|1772700290| | Sign: zmzDwXtJLp0UMhGsnrIXg8VCYf4loG+ThDlZdSmhdB0=
[2026-03-05T08:44:50.498Z] GET /api/posts/background-color | Body: 0 | Token: eyJraWQi | Raw: GET|/api/posts/background-color|1772700290| | Sign: UuOGcUdrb+QjsbMpn/NDHSAkJteL8HonugDALaQJqy4=
[2026-03-05T08:44:50.667Z] GET /api/friend/myFriends | Body: 0 | Token: eyJraWQi | Raw: GET|/api/friend/myFriends|1772700290| | Sign: 1898LtXGl0FMJsLyQqRg42Xm6MsCGn8Td+1X4z+w0Vw=
[2026-03-05T08:44:50.863Z] GET /api/user/me | Body: 0 | Token: eyJraWQi | Raw: GET|/api/user/me|1772700290| | Sign: zmzDwXtJLp0UMhGsnrIXg8VCYf4loG+ThDlZdSmhdB0=
[2026-03-05T08:44:51.038Z] GET /api/missions/current-user | Body: 0 | Token: eyJraWQi | Raw: GET|/api/missions/current-user|1772700291| | Sign: oTInUSeXwtZTJMGPesGaVGdZiNG6+//lIEmo8V7E2E4=
[2026-03-05T08:44:51.210Z] GET /api/reaction/list | Body: 0 | Token: eyJraWQi | Raw: GET|/api/reaction/list|1772700291| | Sign: 8h8svTXLlgCCDlCz7lpNdU67qvjlU4n2DHtnRkQL08Q=
[2026-03-05T08:44:51.393Z] GET /api/v1/notification/list | Body: 0 | Token: eyJraWQi | Raw: GET|/api/v1/notification/list|1772700291| | Sign: +Aazlc0Wq/utuJ8NokKKwt3lX7ND+Aygo7mVE3My2iM=
[2026-03-05T08:44:51.558Z] GET /feed/home | Body: 0 | Token: eyJraWQi | Raw: GET|/feed/home|1772700291| | Sign: bzMXDvr+naNBO1fA1iKVSCSkbve+Lm+WrBdquWAw5/s=
[2026-03-05T08:44:51.745Z] GET /api/surf/home | Body: 0 | Token: eyJraWQi | Raw: GET|/api/surf/home|1772700291| | Sign: iIL1P5LH4L5xrsRzIV5ppu3FeP5Y0qI8QFpdOpH/JJ8=
[2026-03-05T08:45:50.156Z] POST /api/auth/login | Body: 57 | Token: None | Raw: POST|/api/auth/login|1772700350|{"username":"longh1248@gmail.com","password":"Admin@123"} | Sign: QZLJfuAwJ1oIo21/LFg9N5yYlSgkBYutd1IgErIidWI=
[2026-03-05T08:45:50.785Z] GET /api/user/me | Body: 0 | Token: eyJraWQi | Raw: GET|/api/user/me|1772700350| | Sign: wGoQMJ/WJgTDjhGBFkYxUeYz62ExBPVSI1bM0HthG3w=
[2026-03-05T08:45:50.976Z] GET /api/posts/background-color | Body: 0 | Token: eyJraWQi | Raw: GET|/api/posts/background-color|1772700350| | Sign: CsM8jSOGkOpNMgg8Foz0yxhpz9LDgWqsFACUawANH44=
[2026-03-05T08:45:51.141Z] GET /api/friend/myFriends | Body: 0 | Token: eyJraWQi | Raw: GET|/api/friend/myFriends|1772700351| | Sign: dAE8kc8z5R5eDqCt1WEpHqNABvnuv4jxIMYGuJHs5eg=
[2026-03-05T08:45:51.336Z] GET /api/user/me | Body: 0 | Token: eyJraWQi | Raw: GET|/api/user/me|1772700351| | Sign: nScUAEjFSPmSUEnKrUoWAMiHuAl1A2aEZf6Zr9TE7sg=
[2026-03-05T08:45:51.545Z] GET /api/missions/current-user | Body: 0 | Token: eyJraWQi | Raw: GET|/api/missions/current-user|1772700351| | Sign: et7d88D8MJiTUxQkf/u1ND9bplH3N52gzfjzHSV/jDE=
[2026-03-05T08:45:51.767Z] GET /api/reaction/list | Body: 0 | Token: eyJraWQi | Raw: GET|/api/reaction/list|1772700351| | Sign: AejLQXqThLSICBBgu3dCgp0B5HpcGbjWdTqDP8KKLZU=
[2026-03-05T08:45:51.952Z] GET /api/v1/notification/list | Body: 0 | Token: eyJraWQi | Raw: GET|/api/v1/notification/list|1772700351| | Sign: XqBpeFypBDMpRiWEOlTcYcll3oP3CykTvixTlTtzT6k=
[2026-03-05T08:45:52.117Z] GET /feed/home | Body: 0 | Token: eyJraWQi | Raw: GET|/feed/home|1772700352| | Sign: tTdFRb3/y7llEXMuiV42X1bI5jXgbeHAcU+geiG0yoc=
[2026-03-05T08:45:52.282Z] GET /api/surf/home | Body: 0 | Token: eyJraWQi | Raw: GET|/api/surf/home|1772700352| | Sign: 36Tkkn89SuYq7tbco04esf6FL+ZK4/5wxAkLrXsxDYw=
[2026-03-05T08:46:50.161Z] GET /api/user/me | Body: 0 | Token: eyJraWQi | Raw: GET|/api/user/me|1772700410| | Sign: QtVKpVrYmkfGzmmv7X9/4NJ0hR/YxAmLXj7DCewMsS8=
[2026-03-05T08:46:50.429Z] GET /api/posts/background-color | Body: 0 | Token: eyJraWQi | Raw: GET|/api/posts/background-color|1772700410| | Sign: oz69nVflKll1DjXAKQ1gsfU0M+I2FR1yR8vlGlfeTrU=
[2026-03-05T08:46:50.560Z] GET /api/friend/myFriends | Body: 0 | Token: eyJraWQi | Raw: GET|/api/friend/myFriends|1772700410| | Sign: Rj1pNevX5KtP1RRTmpeAoCKRWu1tBRZMfWhJpZ7xe0k=
[2026-03-05T08:46:50.715Z] GET /api/user/me | Body: 0 | Token: eyJraWQi | Raw: GET|/api/user/me|1772700410| | Sign: QtVKpVrYmkfGzmmv7X9/4NJ0hR/YxAmLXj7DCewMsS8=
[2026-03-05T08:46:50.872Z] GET /api/missions/current-user | Body: 0 | Token: eyJraWQi | Raw: GET|/api/missions/current-user|1772700410| | Sign: Itqj0FV0lA9uVE7RC3LRPZvzJbqAAr1PMeHid4M6rq0=
[2026-03-05T08:46:51.050Z] GET /api/reaction/list | Body: 0 | Token: eyJraWQi | Raw: GET|/api/reaction/list|1772700411| | Sign: tUtgRYRbkXeZhW9pBej9AK01lTR65BhKjkW73AGLeFc=
[2026-03-05T08:46:51.183Z] GET /api/v1/notification/list | Body: 0 | Token: eyJraWQi | Raw: GET|/api/v1/notification/list|1772700411| | Sign: H73WbHjPFaxJdoUMO0yrTkRD3Q0kis6fhnGeyxAOdMY=
[2026-03-05T08:46:51.318Z] GET /feed/home | Body: 0 | Token: eyJraWQi | Raw: GET|/feed/home|1772700411| | Sign: Vw3UfMt56aQXT8PaNoci/q7BRdQ5fBmeIu4rUzla8bs=
[2026-03-05T08:46:51.438Z] GET /api/surf/home | Body: 0 | Token: eyJraWQi | Raw: GET|/api/surf/home|1772700411| | Sign: 2rFtEQ5fEqQqotjuEhRShBVoT8+zUDSbrF3w3XNNY4E=
[2026-03-05T08:47:50.176Z] POST /api/auth/login | Body: 57 | Token: None | Raw: POST|/api/auth/login|1772700470|{"username":"longh1248@gmail.com","password":"Admin@123"} | Sign: VYqjKJ4gVpiGXkUQ+PjoayTV7b4ZOZNJEKGbFsejGZ8=
[2026-03-05T08:47:50.814Z] GET /api/user/me | Body: 0 | Token: eyJraWQi | Raw: GET|/api/user/me|1772700470| | Sign: 5zZZlXTAzncMZZEF1CjyMb6x0tsxRHGl+04LHptJkC8=
[2026-03-05T08:47:51.011Z] GET /api/posts/background-color | Body: 0 | Token: eyJraWQi | Raw: GET|/api/posts/background-color|1772700471| | Sign: wrh9ohyYkWl6teOtJziR8B8D9tV3RPXSvIVESsbBJPI=
[2026-03-05T08:47:51.133Z] GET /api/friend/myFriends | Body: 0 | Token: eyJraWQi | Raw: GET|/api/friend/myFriends|1772700471| | Sign: ms90vn/y8G3z2T1Ndz4vNLRVtSj4uNB8zhsZ7FDcIIc=
[2026-03-05T08:47:51.287Z] GET /api/user/me | Body: 0 | Token: eyJraWQi | Raw: GET|/api/user/me|1772700471| | Sign: A5Yx9tgy7wfy11ZvQsB5fq5eb0TlCZrtA6ZMyqySQP0=
[2026-03-05T08:47:51.485Z] GET /api/missions/current-user | Body: 0 | Token: eyJraWQi | Raw: GET|/api/missions/current-user|1772700471| | Sign: HdfQt7AoeaqPIe7eGZK04dpPhMZ/Tf6Mibg4bV7F/p0=
[2026-03-05T08:47:51.678Z] GET /api/reaction/list | Body: 0 | Token: eyJraWQi | Raw: GET|/api/reaction/list|1772700471| | Sign: NgZcAVSjUXlTZKTPD4glUSmBuF7W3xhOymCfxsKKSdg=
[2026-03-05T08:47:51.875Z] GET /api/v1/notification/list | Body: 0 | Token: eyJraWQi | Raw: GET|/api/v1/notification/list|1772700471| | Sign: diy71WZv6cGPcJ1TgGY+tVcMI003zQpWniSC0AAL1DA=
[2026-03-05T08:47:51.996Z] GET /feed/home | Body: 0 | Token: eyJraWQi | Raw: GET|/feed/home|1772700471| | Sign: jozYcc0F9MNVUzjVuAF1zk6SWGyutiknNMkF2iSlKtI=
[2026-03-05T08:47:52.166Z] GET /api/surf/home | Body: 0 | Token: eyJraWQi | Raw: GET|/api/surf/home|1772700472| | Sign: stCIdqJzDD/xccZuK3T8wPYpO9C0B1PL833ybltNIIA=
[2026-03-05T08:48:50.186Z] GET /api/user/me | Body: 0 | Token: eyJraWQi | Raw: GET|/api/user/me|1772700530| | Sign: L1CW7zByo07cMUQldQyDIsLKxACkszX3sqIa4LYHxfk=
[2026-03-05T08:48:50.533Z] GET /api/posts/background-color | Body: 0 | Token: eyJraWQi | Raw: GET|/api/posts/background-color|1772700530| | Sign: c+KSW9VH1CTUHJNjyPa6qTygFYfO2jsf4Pd6W03OAh0=
[2026-03-05T08:48:50.655Z] GET /api/friend/myFriends | Body: 0 | Token: eyJraWQi | Raw: GET|/api/friend/myFriends|1772700530| | Sign: oKKpHdktCUAqTjSJ+Hz3SwPSWu/70EUhx8mF2L4JBZ4=
[2026-03-05T08:48:50.818Z] GET /api/user/me | Body: 0 | Token: eyJraWQi | Raw: GET|/api/user/me|1772700530| | Sign: L1CW7zByo07cMUQldQyDIsLKxACkszX3sqIa4LYHxfk=
[2026-03-05T08:48:50.968Z] GET /api/missions/current-user | Body: 0 | Token: eyJraWQi | Raw: GET|/api/missions/current-user|1772700530| | Sign: rnhw9PKJ4+SAxIrENrppOYnHucP35ZHHnj4Z7PAEZnM=
[2026-03-05T08:48:51.095Z] GET /api/reaction/list | Body: 0 | Token: eyJraWQi | Raw: GET|/api/reaction/list|1772700531| | Sign: Hm2CleMA4m39amCJkQ3dAelIZGv6B5m9ZoE9lMo2bVQ=
[2026-03-05T08:48:51.240Z] GET /api/v1/notification/list | Body: 0 | Token: eyJraWQi | Raw: GET|/api/v1/notification/list|1772700531| | Sign: RzONxl9APrPboNyoHRRMsUuY8xlKBXgh4BOu0a10vcI=
[2026-03-05T08:48:51.361Z] GET /feed/home | Body: 0 | Token: eyJraWQi | Raw: GET|/feed/home|1772700531| | Sign: qKJwqNb3uI+z8YE6pOb+UhTvxuDdenQieIVXb0Z/T6I=
[2026-03-05T08:48:51.478Z] GET /api/surf/home | Body: 0 | Token: eyJraWQi | Raw: GET|/api/surf/home|1772700531| | Sign: JWD/Ci6RCWAvMMS58vc63DeiOD8pp5fWrnTw1ExDE88=
[2026-03-05T08:49:50.188Z] GET /api/user/me | Body: 0 | Token: eyJraWQi | Raw: GET|/api/user/me|1772700590| | Sign: yAXDnw/Xaytl9zjpkWQr3jmu9OYKOY6wdRHhnJNvnHQ=
[2026-03-05T08:49:50.668Z] GET /api/posts/background-color | Body: 0 | Token: eyJraWQi | Raw: GET|/api/posts/background-color|1772700590| | Sign: SY43rzMeeQoXz/OGDTER/LbAXXXNjIqyj3cHVwZzGsU=
[2026-03-05T08:49:50.790Z] GET /api/friend/myFriends | Body: 0 | Token: eyJraWQi | Raw: GET|/api/friend/myFriends|1772700590| | Sign: 9RYezaeupFyQWNI/qSaHj8FqbHazIBrQzWJQS9HH6HI=
[2026-03-05T08:49:50.948Z] GET /api/user/me | Body: 0 | Token: eyJraWQi | Raw: GET|/api/user/me|1772700590| | Sign: yAXDnw/Xaytl9zjpkWQr3jmu9OYKOY6wdRHhnJNvnHQ=
[2026-03-05T08:49:51.067Z] GET /api/missions/current-user | Body: 0 | Token: eyJraWQi | Raw: GET|/api/missions/current-user|1772700591| | Sign: DdpXHTFQtWmdv6OWNpRpRm/EjFnrjCMWgFJKzhKxfzw=
[2026-03-05T08:49:51.207Z] GET /api/reaction/list | Body: 0 | Token: eyJraWQi | Raw: GET|/api/reaction/list|1772700591| | Sign: v8+5w2MAgRrzXj7Crnh7eNtFaIgbgf0Br6p4XgY0Rt0=
[2026-03-05T08:49:51.367Z] GET /api/v1/notification/list | Body: 0 | Token: eyJraWQi | Raw: GET|/api/v1/notification/list|1772700591| | Sign: h94F80AVxzYwUvBgPVi4YvhDFZFJma69Cqvqmd+5SAU=
[2026-03-05T08:49:51.501Z] GET /feed/home | Body: 0 | Token: eyJraWQi | Raw: GET|/feed/home|1772700591| | Sign: +X7iVDWzTWP4uL5+1/nZs+fbOSPzNrl7k7Fp+q0jx7Y=
[2026-03-05T08:49:51.637Z] GET /api/surf/home | Body: 0 | Token: eyJraWQi | Raw: GET|/api/surf/home|1772700591| | Sign: sjGk68NIhjrVKc6z7HffqYeBndPEo2huc8v3wx5ozNM=
[2026-03-05T08:50:50.188Z] GET /api/user/me | Body: 0 | Token: eyJraWQi | Raw: GET|/api/user/me|1772700650| | Sign: 8QWmg//O/8rkaD06P7mlMC/ZsQ/rR2Hpfudb/eWc+K0=
[2026-03-05T08:50:50.591Z] GET /api/posts/background-color | Body: 0 | Token: eyJraWQi | Raw: GET|/api/posts/background-color|1772700650| | Sign: jeRdqh/cXR7eEHa2fRNcxXz8brhik0/5BdrPvKndmzw=
[2026-03-05T08:50:50.767Z] GET /api/friend/myFriends | Body: 0 | Token: eyJraWQi | Raw: GET|/api/friend/myFriends|1772700650| | Sign: HE8SvEH+T5CPUKZdf0IfkK92lzA6GjnpCX/o7k+LwxE=
[2026-03-05T08:50:50.933Z] GET /api/user/me | Body: 0 | Token: eyJraWQi | Raw: GET|/api/user/me|1772700650| | Sign: 8QWmg//O/8rkaD06P7mlMC/ZsQ/rR2Hpfudb/eWc+K0=
[2026-03-05T08:50:51.088Z] GET /api/missions/current-user | Body: 0 | Token: eyJraWQi | Raw: GET|/api/missions/current-user|1772700651| | Sign: yCVPE/a0qrdIGh1lQx5mfk48aQy3rRt3OHdjqD3ZUcE=
[2026-03-05T08:50:51.217Z] GET /api/reaction/list | Body: 0 | Token: eyJraWQi | Raw: GET|/api/reaction/list|1772700651| | Sign: EVWNkXFyGcgNTPcBl4XkyXCe29LpCmiD4YczAr6b7IU=
[2026-03-05T08:50:51.353Z] GET /api/v1/notification/list | Body: 0 | Token: eyJraWQi | Raw: GET|/api/v1/notification/list|1772700651| | Sign: ExTWaQj4VTNLUgsfbNYsdqePQMgSwRcj7uQiG4+JKNY=
[2026-03-05T08:50:51.479Z] GET /feed/home | Body: 0 | Token: eyJraWQi | Raw: GET|/feed/home|1772700651| | Sign: +goCyWz+ksdNFDg+bj3f5CHxb301EkMiIlMmNXgkUsk=
[2026-03-05T08:50:51.606Z] GET /api/surf/home | Body: 0 | Token: eyJraWQi | Raw: GET|/api/surf/home|1772700651| | Sign: iuCUFYHErhgn3wolUrdWyKXeadvXkb6W/6rLxLALGlc=
[2026-03-05T08:51:50.191Z] GET /api/user/me | Body: 0 | Token: eyJraWQi | Raw: GET|/api/user/me|1772700710| | Sign: HBgcEHeCiDK3TS5u00g8DL7XZsM3LSxoicf/BXane50=
[2026-03-05T08:51:50.523Z] GET /api/posts/background-color | Body: 0 | Token: eyJraWQi | Raw: GET|/api/posts/background-color|1772700710| | Sign: LZHh4TJCYnsVTiRlR1oTtivwjTHoCfDlak1eQNK2u7g=
[2026-03-05T08:51:50.682Z] GET /api/friend/myFriends | Body: 0 | Token: eyJraWQi | Raw: GET|/api/friend/myFriends|1772700710| | Sign: +zm23xa8h1gf/wO3/C8PMkCNTs+s5zWOIZyJhdPW3Es=
[2026-03-05T08:51:50.863Z] GET /api/user/me | Body: 0 | Token: eyJraWQi | Raw: GET|/api/user/me|1772700710| | Sign: HBgcEHeCiDK3TS5u00g8DL7XZsM3LSxoicf/BXane50=
[2026-03-05T08:51:51.033Z] GET /api/missions/current-user | Body: 0 | Token: eyJraWQi | Raw: GET|/api/missions/current-user|1772700711| | Sign: BSNOj7rLCPkV9zM6ONMlmat8AklM4wixDDIGzB4/54I=
[2026-03-05T08:51:51.205Z] GET /api/reaction/list | Body: 0 | Token: eyJraWQi | Raw: GET|/api/reaction/list|1772700711| | Sign: TKWi1b/qWU2OmpVnYZKmNmzdbw63OJvQeG9oGQZdEBE=
[2026-03-05T08:51:51.365Z] GET /api/v1/notification/list | Body: 0 | Token: eyJraWQi | Raw: GET|/api/v1/notification/list|1772700711| | Sign: YrqBn006ECC7dkEkXjEGinonm7TtSG7lt77gTv/iMqM=
[2026-03-05T08:51:51.522Z] GET /feed/home | Body: 0 | Token: eyJraWQi | Raw: GET|/feed/home|1772700711| | Sign: h32PEu5sNMgxv3AF/6qa7drfHy2lI6p5E7b370Tck3U=
[2026-03-05T08:51:51.680Z] GET /api/surf/home | Body: 0 | Token: eyJraWQi | Raw: GET|/api/surf/home|1772700711| | Sign: 59VgBn/cCqCeXhvd2ECLwdsiOXCi69D5yN9nwA+LD+U=
[2026-03-05T08:52:50.194Z] GET /api/user/me | Body: 0 | Token: eyJraWQi | Raw: GET|/api/user/me|1772700770| | Sign: N900h4HijEsuCdcIzuWSwE9Q8vdADCRSaNBO3rcWbko=
[2026-03-05T08:52:50.501Z] GET /api/posts/background-color | Body: 0 | Token: eyJraWQi | Raw: GET|/api/posts/background-color|1772700770| | Sign: w/yb4AiJGFdc2seqpMgp6nBlzsBSZ1QB2jOuluDKYgY=
[2026-03-05T08:52:50.666Z] GET /api/friend/myFriends | Body: 0 | Token: eyJraWQi | Raw: GET|/api/friend/myFriends|1772700770| | Sign: bYlGJhxXAO/xnWLPBwwTY5LCrke1xGTon0pIUFOms0c=
[2026-03-05T08:52:50.867Z] GET /api/user/me | Body: 0 | Token: eyJraWQi | Raw: GET|/api/user/me|1772700770| | Sign: N900h4HijEsuCdcIzuWSwE9Q8vdADCRSaNBO3rcWbko=
[2026-03-05T08:52:51.040Z] GET /api/missions/current-user | Body: 0 | Token: eyJraWQi | Raw: GET|/api/missions/current-user|1772700771| | Sign: gzeiqeA5p+CfFc0/ll/Ldj/gvbcVIH3ErhSBeXo5YHc=
[2026-03-05T08:52:51.211Z] GET /api/reaction/list | Body: 0 | Token: eyJraWQi | Raw: GET|/api/reaction/list|1772700771| | Sign: miaUqF/LngTN7ggAMGZR8Lqs2VccXYfCjkyAqWaXSSM=
[2026-03-05T08:52:51.384Z] GET /api/v1/notification/list | Body: 0 | Token: eyJraWQi | Raw: GET|/api/v1/notification/list|1772700771| | Sign: vmCE8zsOdlY13RCkF3asGAdRPI3EytQvs0W0oJU3iqE=
[2026-03-05T08:52:51.548Z] GET /feed/home | Body: 0 | Token: eyJraWQi | Raw: GET|/feed/home|1772700771| | Sign: hLHeC5MuP4L7tu6KbWWU8Om9AXEb7qnGYNLX2IwZE5s=
[2026-03-05T08:52:51.712Z] GET /api/surf/home | Body: 0 | Token: eyJraWQi | Raw: GET|/api/surf/home|1772700771| | Sign: DS1xg6tr+s4QXGiA+OzM2sCDCeDMzJn9DtC+HFhRB00=
[2026-03-05T08:53:50.203Z] POST /api/auth/login | Body: 57 | Token: None | Raw: POST|/api/auth/login|1772700830|{"username":"longh1248@gmail.com","password":"Admin@123"} | Sign: tG+wD2DbeQc/t65OuBAiW469p2vb+oRE1Iixsr44OqM=
[2026-03-05T08:53:50.688Z] GET /api/user/me | Body: 0 | Token: eyJraWQi | Raw: GET|/api/user/me|1772700830| | Sign: 5UokRlOETdlI1AiA8DZ0bzuABKhH00BBVyyZP+x+0QY=
[2026-03-05T08:53:50.845Z] GET /api/posts/background-color | Body: 0 | Token: eyJraWQi | Raw: GET|/api/posts/background-color|1772700830| | Sign: 13EKjPKRNvdB8OTqqkuKxqlbHCf4BcV2E2O1RUpPkQ4=
[2026-03-05T08:53:50.957Z] GET /api/friend/myFriends | Body: 0 | Token: eyJraWQi | Raw: GET|/api/friend/myFriends|1772700830| | Sign: eChTudlW8HsN8wQASB8cBoIgB8j6fR2Lk0c0Ir7GAGM=
[2026-03-05T08:53:51.105Z] GET /api/user/me | Body: 0 | Token: eyJraWQi | Raw: GET|/api/user/me|1772700831| | Sign: V+YXRdQzHCrp3r2aNaDdUgKcSeuPesPoCF/QzEUXYvg=
[2026-03-05T08:53:51.251Z] GET /api/missions/current-user | Body: 0 | Token: eyJraWQi | Raw: GET|/api/missions/current-user|1772700831| | Sign: 8taS6epUh7MUQZBtRLQ9AgMOKhoJGDMnnjdghWCH0TY=
[2026-03-05T08:53:51.460Z] GET /api/reaction/list | Body: 0 | Token: eyJraWQi | Raw: GET|/api/reaction/list|1772700831| | Sign: VU/hOp7AwXsSqdN6MmTuwXnv0PvwLaS/eKp4ZFpVuPk=
[2026-03-05T08:53:51.593Z] GET /api/v1/notification/list | Body: 0 | Token: eyJraWQi | Raw: GET|/api/v1/notification/list|1772700831| | Sign: tTNgs78oEIUwR0h0UaVkApzdMQ2Cx7vFi0TGqQs5/tQ=
[2026-03-05T08:53:51.705Z] GET /feed/home | Body: 0 | Token: eyJraWQi | Raw: GET|/feed/home|1772700831| | Sign: C6VYbz2nJhz8sWjGtEswbX2OKjitlx782QiNgcVe9uw=
[2026-03-05T08:53:51.819Z] GET /api/surf/home | Body: 0 | Token: eyJraWQi | Raw: GET|/api/surf/home|1772700831| | Sign: 8CRShMFANAJB43/SmafdVNo7SE0TBvlqC0mLFvN9IaQ=
[2026-03-05T08:54:50.217Z] GET /api/user/me | Body: 0 | Token: eyJraWQi | Raw: GET|/api/user/me|1772700890| | Sign: 8bZ/2gRkBwB5CezAJG/OeEIMNXB346rtFZbW1KWMCjQ=
[2026-03-05T08:54:50.671Z] GET /api/posts/background-color | Body: 0 | Token: eyJraWQi | Raw: GET|/api/posts/background-color|1772700890| | Sign: Vjsn0TRdDyH8LD4Rwia2E2lMQ7EGbcN0rnVeH5oTClI=
[2026-03-05T08:54:50.798Z] GET /api/friend/myFriends | Body: 0 | Token: eyJraWQi | Raw: GET|/api/friend/myFriends|1772700890| | Sign: wlhh1Rm9QqbecRsQc1NLugEVtNzoenoY4uzeP8wjJjI=
[2026-03-05T08:54:50.943Z] GET /api/user/me | Body: 0 | Token: eyJraWQi | Raw: GET|/api/user/me|1772700890| | Sign: 8bZ/2gRkBwB5CezAJG/OeEIMNXB346rtFZbW1KWMCjQ=
[2026-03-05T08:54:51.083Z] GET /api/missions/current-user | Body: 0 | Token: eyJraWQi | Raw: GET|/api/missions/current-user|1772700891| | Sign: K2wfuqNGnw/60m2Fz8MFHOb5ankzKYHyvhLKsrqi+HI=
[2026-03-05T08:54:51.209Z] GET /api/reaction/list | Body: 0 | Token: eyJraWQi | Raw: GET|/api/reaction/list|1772700891| | Sign: 98iyyV6WkY+UXp+SakLS6fBBe8G3jxVMuBicIBcfxOM=
[2026-03-05T08:54:51.350Z] GET /api/v1/notification/list | Body: 0 | Token: eyJraWQi | Raw: GET|/api/v1/notification/list|1772700891| | Sign: 0I6l/pSP5eSdU7v4to8BYOAtlDFi7AtW8koa9fyHyEA=
[2026-03-05T08:54:51.468Z] GET /feed/home | Body: 0 | Token: eyJraWQi | Raw: GET|/feed/home|1772700891| | Sign: y3z2LLHyvIFTOuTMpCFi9hXuc2wynDr1/NBSZWgfP8s=
[2026-03-05T08:54:51.595Z] GET /api/surf/home | Body: 0 | Token: eyJraWQi | Raw: GET|/api/surf/home|1772700891| | Sign: t9kHsZQ+nvYm3NWXD5vj5RfUqQ42Ddb4KPy38Ndzvg8=
[2026-03-05T08:55:50.219Z] GET /api/user/me | Body: 0 | Token: eyJraWQi | Raw: GET|/api/user/me|1772700950| | Sign: oZjCbn+Gjnb7TU9cLj3uDPrkSzaf+CAZF/GQCNynNio=
[2026-03-05T08:55:50.557Z] GET /api/posts/background-color | Body: 0 | Token: eyJraWQi | Raw: GET|/api/posts/background-color|1772700950| | Sign: zvjdF2uRrt/hYOrjUZPR8CxASgbuWeX7dY7ynJJsMrw=
[2026-03-05T08:55:50.679Z] GET /api/friend/myFriends | Body: 0 | Token: eyJraWQi | Raw: GET|/api/friend/myFriends|1772700950| | Sign: opxgeVRI3qv9qslyiCHRC2qEhhpe2TIECRNhXHAUSzo=
[2026-03-05T08:55:50.845Z] GET /api/user/me | Body: 0 | Token: eyJraWQi | Raw: GET|/api/user/me|1772700950| | Sign: oZjCbn+Gjnb7TU9cLj3uDPrkSzaf+CAZF/GQCNynNio=
[2026-03-05T08:55:50.999Z] GET /api/missions/current-user | Body: 0 | Token: eyJraWQi | Raw: GET|/api/missions/current-user|1772700950| | Sign: OARrDH6yJelM1edet0A8G6lMhRWeyTIpkWT22Q/40ws=
[2026-03-05T08:55:51.130Z] GET /api/reaction/list | Body: 0 | Token: eyJraWQi | Raw: GET|/api/reaction/list|1772700951| | Sign: 89VVd4IcDeqiEGga3WMx7sxa5wMdBN1fHeIy1TOZjF4=
[2026-03-05T08:55:51.261Z] GET /api/v1/notification/list | Body: 0 | Token: eyJraWQi | Raw: GET|/api/v1/notification/list|1772700951| | Sign: 3J8T1qYq6P8msL9/Lkbg9usI8b8qKrBVCiDrgc8WtuU=
[2026-03-05T08:55:51.382Z] GET /feed/home | Body: 0 | Token: eyJraWQi | Raw: GET|/feed/home|1772700951| | Sign: OfcWh1a2YSQY5OTZf0GKHS1GVT0V4m/5QgIJzMFTFt0=
[2026-03-05T08:55:51.501Z] GET /api/surf/home | Body: 0 | Token: eyJraWQi | Raw: GET|/api/surf/home|1772700951| | Sign: z/tx4A2VfggMvEqCsW5HP+gRLN8WvJqOjfrwiRXoGXw=
[2026-03-05T08:56:50.231Z] GET /api/user/me | Body: 0 | Token: eyJraWQi | Raw: GET|/api/user/me|1772701010| | Sign: pP9z5T+6UBhJ+IGDAwLIA+49cE5a6kmoagGYPiO+GWE=
[2026-03-05T08:56:50.521Z] GET /api/posts/background-color | Body: 0 | Token: eyJraWQi | Raw: GET|/api/posts/background-color|1772701010| | Sign: wN9uwxgnH/rupdAeUtVSl56S60YQuxcKRKBS648WRwo=
[2026-03-05T08:56:50.644Z] GET /api/friend/myFriends | Body: 0 | Token: eyJraWQi | Raw: GET|/api/friend/myFriends|1772701010| | Sign: yJCE8qu9XTs7cjl5askswyy1Pc8uUR+i/QGpCD52V8Y=
[2026-03-05T08:56:50.789Z] GET /api/user/me | Body: 0 | Token: eyJraWQi | Raw: GET|/api/user/me|1772701010| | Sign: pP9z5T+6UBhJ+IGDAwLIA+49cE5a6kmoagGYPiO+GWE=
[2026-03-05T08:56:50.934Z] GET /api/missions/current-user | Body: 0 | Token: eyJraWQi | Raw: GET|/api/missions/current-user|1772701010| | Sign: +G0xtDQq2DlTvhU+hzFtDMYSktVgv/WZY1QrvQTiA4Q=
[2026-03-05T08:56:51.113Z] GET /api/reaction/list | Body: 0 | Token: eyJraWQi | Raw: GET|/api/reaction/list|1772701011| | Sign: NeEd7B6W/JvbgStihW2G8E6zSH7o2YAj4YW5xawkDTE=
[2026-03-05T08:56:51.243Z] GET /api/v1/notification/list | Body: 0 | Token: eyJraWQi | Raw: GET|/api/v1/notification/list|1772701011| | Sign: +iiX4YI0ueFYzbSSfI4Qldjfd1Vfbdhut8a0czOjPv0=
[2026-03-05T08:56:51.360Z] GET /feed/home | Body: 0 | Token: eyJraWQi | Raw: GET|/feed/home|1772701011| | Sign: zPi3JdKp674viRr5IY2ZYan3hsKU0MUohU7Fed/rLUs=
[2026-03-05T08:56:51.479Z] GET /api/surf/home | Body: 0 | Token: eyJraWQi | Raw: GET|/api/surf/home|1772701011| | Sign: QO8Cn4RegLYmB8vWItoaUELt2OpsIMy1g8Db2z30P5Y=
[2026-03-05T08:57:50.233Z] GET /api/user/me | Body: 0 | Token: eyJraWQi | Raw: GET|/api/user/me|1772701070| | Sign: NcM9sE4zZH7R6lHw6RT58WVvf9ykjGPM0pMHDINz7sM=
[2026-03-05T08:57:50.576Z] GET /api/posts/background-color | Body: 0 | Token: eyJraWQi | Raw: GET|/api/posts/background-color|1772701070| | Sign: 2wy3zAz7Rc/0+Bdpsu4VyUl8oW1DXIYAlSdzP2Ij3dE=
[2026-03-05T08:57:50.696Z] GET /api/friend/myFriends | Body: 0 | Token: eyJraWQi | Raw: GET|/api/friend/myFriends|1772701070| | Sign: VAc8DBczLW6Hc9wHWDLMzy6m0nqmXWKc8ly+l36sTGQ=
[2026-03-05T08:57:50.860Z] GET /api/user/me | Body: 0 | Token: eyJraWQi | Raw: GET|/api/user/me|1772701070| | Sign: NcM9sE4zZH7R6lHw6RT58WVvf9ykjGPM0pMHDINz7sM=
[2026-03-05T08:57:51.001Z] GET /api/missions/current-user | Body: 0 | Token: eyJraWQi | Raw: GET|/api/missions/current-user|1772701071| | Sign: v8aCqs2sEBqW+DVD/I2IZF9SeAKZIcbjzVm2iPTzZGI=
[2026-03-05T08:57:51.372Z] GET /api/reaction/list | Body: 0 | Token: eyJraWQi | Raw: GET|/api/reaction/list|1772701071| | Sign: +Nt2zXcNYTwpKg+hGqv56+D6aQkq6xXOWLbGyHFtATQ=
[2026-03-05T08:57:51.500Z] GET /api/v1/notification/list | Body: 0 | Token: eyJraWQi | Raw: GET|/api/v1/notification/list|1772701071| | Sign: 8M4MCltQHynKSASOYUfuFLEkwxlaG+7Ln8iSArIUZCM=
[2026-03-05T08:57:51.614Z] GET /feed/home | Body: 0 | Token: eyJraWQi | Raw: GET|/feed/home|1772701071| | Sign: vib+m8nfNLm2pD0x2UJM1+3GNbcx9MUuZ2sq731heyw=
[2026-03-05T08:57:51.737Z] GET /api/surf/home | Body: 0 | Token: eyJraWQi | Raw: GET|/api/surf/home|1772701071| | Sign: MdgAfWkLGAddwsyVp7WTKhyo7qdVBL1sVUJ8K84UiUE=
[2026-03-05T08:58:50.241Z] GET /api/user/me | Body: 0 | Token: eyJraWQi | Raw: GET|/api/user/me|1772701130| | Sign: UkmxMCC4wKrETa8ixjEIxYnGK45ogn/fu4VkTQ/wtiM=
[2026-03-05T08:58:50.517Z] GET /api/posts/background-color | Body: 0 | Token: eyJraWQi | Raw: GET|/api/posts/background-color|1772701130| | Sign: A4z3g9raGbG5XVYkK49lE2qAgeMnDDxmF21y/9FR2TU=
[2026-03-05T08:58:50.641Z] GET /api/friend/myFriends | Body: 0 | Token: eyJraWQi | Raw: GET|/api/friend/myFriends|1772701130| | Sign: PG4nm7LXQeAxOval7VFhiXaeWbF7kyC6GCtkk7+XTZE=
[2026-03-05T08:58:50.807Z] GET /api/user/me | Body: 0 | Token: eyJraWQi | Raw: GET|/api/user/me|1772701130| | Sign: UkmxMCC4wKrETa8ixjEIxYnGK45ogn/fu4VkTQ/wtiM=
[2026-03-05T08:58:51.044Z] GET /api/missions/current-user | Body: 0 | Token: eyJraWQi | Raw: GET|/api/missions/current-user|1772701131| | Sign: 15c4UiNWnkJ7Dt9ikHNkvYnjpNROiVQ78rj5J8xubxg=
[2026-03-05T08:58:51.184Z] GET /api/reaction/list | Body: 0 | Token: eyJraWQi | Raw: GET|/api/reaction/list|1772701131| | Sign: eNEY/5NZdNSzikkdoFWFVD6UoGNPYucLUd1xReQJkJQ=
[2026-03-05T08:58:51.316Z] GET /api/v1/notification/list | Body: 0 | Token: eyJraWQi | Raw: GET|/api/v1/notification/list|1772701131| | Sign: fOWipcXCzqEiaOKlcyK1jYAuev0vbwd9+NnZWkhfDGY=
[2026-03-05T08:58:51.442Z] GET /feed/home | Body: 0 | Token: eyJraWQi | Raw: GET|/feed/home|1772701131| | Sign: VrIV0y7xwjlckiEITtCEqUH6yYnt18e6WrDrhaBUMh0=
[2026-03-05T08:58:51.673Z] GET /api/surf/home | Body: 0 | Token: eyJraWQi | Raw: GET|/api/surf/home|1772701131| | Sign: cr2IKm2iMQR+9zv1qiAqsAo6lxGJc2sNS4C9eB0omQg=
[2026-03-05T08:59:50.252Z] GET /api/user/me | Body: 0 | Token: eyJraWQi | Raw: GET|/api/user/me|1772701190| | Sign: WJEXR9A5qul7rqruhoH3ZTAO5JaVCcAaetywVDoNnKc=
[2026-03-05T08:59:50.548Z] GET /api/posts/background-color | Body: 0 | Token: eyJraWQi | Raw: GET|/api/posts/background-color|1772701190| | Sign: 5W2rvxG6Z5GwA4Ff08ca0/iHGeNKw4Z4TKcVfHxVB4U=
[2026-03-05T08:59:50.665Z] GET /api/friend/myFriends | Body: 0 | Token: eyJraWQi | Raw: GET|/api/friend/myFriends|1772701190| | Sign: 5joO46GVj2ycgySrSgW1eaz/NL17JM0LoNzQ00rUrE0=
[2026-03-05T08:59:50.831Z] GET /api/user/me | Body: 0 | Token: eyJraWQi | Raw: GET|/api/user/me|1772701190| | Sign: WJEXR9A5qul7rqruhoH3ZTAO5JaVCcAaetywVDoNnKc=
[2026-03-05T08:59:50.989Z] GET /api/missions/current-user | Body: 0 | Token: eyJraWQi | Raw: GET|/api/missions/current-user|1772701190| | Sign: UMQ1HeP75IqM1rZzWSf5HTcYXcQ93bungS4B8DJsjNM=
[2026-03-05T08:59:51.161Z] GET /api/reaction/list | Body: 0 | Token: eyJraWQi | Raw: GET|/api/reaction/list|1772701191| | Sign: dMrdObAHwDkLYdGvZMnZOLqn3FFPgyJJsnL9/7+KAXI=
[2026-03-05T08:59:51.299Z] GET /api/v1/notification/list | Body: 0 | Token: eyJraWQi | Raw: GET|/api/v1/notification/list|1772701191| | Sign: 2PXmtkcuAeMPIzwIw9NYBlkaylExqvIxqEQCDFZPThw=
[2026-03-05T08:59:51.416Z] GET /feed/home | Body: 0 | Token: eyJraWQi | Raw: GET|/feed/home|1772701191| | Sign: /tdl6ybFyEcg8gaWepLBXyBGvTuB0vIM/6cGvoDHdqk=
[2026-03-05T08:59:51.531Z] GET /api/surf/home | Body: 0 | Token: eyJraWQi | Raw: GET|/api/surf/home|1772701191| | Sign: Mo1zXGVeMjmppKTrSWqU5+MixZJkCn55Z1bf+aKSsDw=
[2026-03-05T09:00:50.257Z] GET /api/user/me | Body: 0 | Token: eyJraWQi | Raw: GET|/api/user/me|1772701250| | Sign: 7hDaPtFMrrOxnzM5lpS9EWDvnUocbM74qBcS3eN/nMw=
[2026-03-05T09:00:50.618Z] GET /api/posts/background-color | Body: 0 | Token: eyJraWQi | Raw: GET|/api/posts/background-color|1772701250| | Sign: XZ7qNpZugwv19bTjcelO6/FQ6JVkc12KeFoScIHTgtc=
[2026-03-05T09:00:50.741Z] GET /api/friend/myFriends | Body: 0 | Token: eyJraWQi | Raw: GET|/api/friend/myFriends|1772701250| | Sign: kMflKo26/fQkdjiw7v7v1pLn4n/K0vsLl8kyCZ5SYFY=
[2026-03-05T09:00:50.917Z] GET /api/user/me | Body: 0 | Token: eyJraWQi | Raw: GET|/api/user/me|1772701250| | Sign: 7hDaPtFMrrOxnzM5lpS9EWDvnUocbM74qBcS3eN/nMw=
[2026-03-05T09:00:51.062Z] GET /api/missions/current-user | Body: 0 | Token: eyJraWQi | Raw: GET|/api/missions/current-user|1772701251| | Sign: s3uKwSxcNK4zlXnztPXXv49I2l2nEd6gZhdNaQshqzc=
[2026-03-05T09:00:51.227Z] GET /api/reaction/list | Body: 0 | Token: eyJraWQi | Raw: GET|/api/reaction/list|1772701251| | Sign: iHR3JZHEX8uZ4kCztt15/IsDwVZvQ4Bt3J2zh6Xrd8w=
[2026-03-05T09:00:51.364Z] GET /api/v1/notification/list | Body: 0 | Token: eyJraWQi | Raw: GET|/api/v1/notification/list|1772701251| | Sign: s45zA0IzXod00YuUzTrnGFnxk6DgX5kmU4YkqN1kifs=
[2026-03-05T09:00:51.483Z] GET /feed/home | Body: 0 | Token: eyJraWQi | Raw: GET|/feed/home|1772701251| | Sign: WL3h0xCfhgJ0u7HpwUgN+BFpqwIWL7P4lBYDnwuLXrQ=
[2026-03-05T09:00:51.605Z] GET /api/surf/home | Body: 0 | Token: eyJraWQi | Raw: GET|/api/surf/home|1772701251| | Sign: Uf+tMoyyFnwtdfs5LpRpp8/5eBIJ2uZHiACLanHh+t8=
[2026-03-05T09:01:50.270Z] POST /api/auth/login | Body: 57 | Token: None | Raw: POST|/api/auth/login|1772701310|{"username":"longh1248@gmail.com","password":"Admin@123"} | Sign: mZYAcJ64O37uhCh80AbPKMHHJU6lvsAWAFRGwi3ojlQ=
[2026-03-05T09:01:50.808Z] GET /api/user/me | Body: 0 | Token: eyJraWQi | Raw: GET|/api/user/me|1772701310| | Sign: 7u1497Q78Y3QZO1//DZWB/35WmvS+m2tbj8/Ayq0NJw=
[2026-03-05T09:01:50.974Z] GET /api/posts/background-color | Body: 0 | Token: eyJraWQi | Raw: GET|/api/posts/background-color|1772701310| | Sign: mR9gDwHBvoQN4r5P2xvoXnyTepKQp5c1/gom+PM2JDw=
[2026-03-05T09:01:51.096Z] GET /api/friend/myFriends | Body: 0 | Token: eyJraWQi | Raw: GET|/api/friend/myFriends|1772701311| | Sign: V+P2F1pE2VWghLOAFUWklB7ggmLDqyhpNX/pN+lfXss=
[2026-03-05T09:01:51.280Z] GET /api/user/me | Body: 0 | Token: eyJraWQi | Raw: GET|/api/user/me|1772701311| | Sign: /Nq/byjbIa7adKJ3chyVX0jPmzn7fRCPElY7D8KZJqE=
[2026-03-05T09:01:51.440Z] GET /api/missions/current-user | Body: 0 | Token: eyJraWQi | Raw: GET|/api/missions/current-user|1772701311| | Sign: rTzC6uvoHu+l2NjS+ASpFyAh44IZaZIuL5LtXfFtyVo=
[2026-03-05T09:01:51.621Z] GET /api/reaction/list | Body: 0 | Token: eyJraWQi | Raw: GET|/api/reaction/list|1772701311| | Sign: gdc8/XtyJhzFay84r5W8yLAuOfK7z/JbX3jb3/h4sDU=
[2026-03-05T09:01:51.747Z] GET /api/v1/notification/list | Body: 0 | Token: eyJraWQi | Raw: GET|/api/v1/notification/list|1772701311| | Sign: SEQC8nnnrRxwBlQ6lwezBLVrHpU2jahgNYu1my94KI8=
[2026-03-05T09:01:51.864Z] GET /feed/home | Body: 0 | Token: eyJraWQi | Raw: GET|/feed/home|1772701311| | Sign: luTe33zNPwGew4fCLiddc0WAnpKv9EPQ/TTyP+0svEo=
[2026-03-05T09:01:51.984Z] GET /api/surf/home | Body: 0 | Token: eyJraWQi | Raw: GET|/api/surf/home|1772701311| | Sign: O8f1ssaT/4w0lpZe9sZhtSf02DPf32HOK0YfHCdZhP8=
[2026-03-05T09:02:50.276Z] GET /api/user/me | Body: 0 | Token: eyJraWQi | Raw: GET|/api/user/me|1772701370| | Sign: q2bQ3oDNfU/CZFOimyCGzDwofr0p5eTMo0Ax5azuz2A=
[2026-03-05T09:02:50.642Z] GET /api/posts/background-color | Body: 0 | Token: eyJraWQi | Raw: GET|/api/posts/background-color|1772701370| | Sign: eI1rGihjWzwv2KRDeAe6YxhJCoZIptJktF7B20NNwF8=
[2026-03-05T09:02:50.781Z] GET /api/friend/myFriends | Body: 0 | Token: eyJraWQi | Raw: GET|/api/friend/myFriends|1772701370| | Sign: LRPiRvOFfSq2wwIC8W5HCz4pMEusG0FL95QsXqIKZ3s=
[2026-03-05T09:02:50.977Z] GET /api/user/me | Body: 0 | Token: eyJraWQi | Raw: GET|/api/user/me|1772701370| | Sign: q2bQ3oDNfU/CZFOimyCGzDwofr0p5eTMo0Ax5azuz2A=
[2026-03-05T09:02:51.139Z] GET /api/missions/current-user | Body: 0 | Token: eyJraWQi | Raw: GET|/api/missions/current-user|1772701371| | Sign: u9WZ1H23RS8iNAtFRBQAPFGxd/IV8zCYumivjyiO1q0=
[2026-03-05T09:02:51.307Z] GET /api/reaction/list | Body: 0 | Token: eyJraWQi | Raw: GET|/api/reaction/list|1772701371| | Sign: qz4Qi+FkpTMP8gzBHoI3XMwddVV6TDkGsVyHTdV1Nmg=
[2026-03-05T09:02:51.443Z] GET /api/v1/notification/list | Body: 0 | Token: eyJraWQi | Raw: GET|/api/v1/notification/list|1772701371| | Sign: gKop03OFFhdPRawYYZkGAJBet/44iubRKRRc/DKkJvU=
[2026-03-05T09:02:51.577Z] GET /feed/home | Body: 0 | Token: eyJraWQi | Raw: GET|/feed/home|1772701371| | Sign: qsu9wA9Nz+KaLVsxvntSF/lqh72Evo6SvosnH6jkAKk=
[2026-03-05T09:02:51.708Z] GET /api/surf/home | Body: 0 | Token: eyJraWQi | Raw: GET|/api/surf/home|1772701371| | Sign: KH94U3VS+IL6/xSjY2h5/2Cw61rP5ov0yfY+GGN3BK0=
[2026-03-05T09:03:50.277Z] POST /api/auth/login | Body: 57 | Token: None | Raw: POST|/api/auth/login|1772701430|{"username":"longh1248@gmail.com","password":"Admin@123"} | Sign: SFb5N7t5GJlAIbgma2Fjozg84j2WE3oL7cACH8DlALM=
[2026-03-05T09:03:50.794Z] GET /api/user/me | Body: 0 | Token: eyJraWQi | Raw: GET|/api/user/me|1772701430| | Sign: N+MgtTBiiVd6m+d/ChsdroDI8B0Ni7ezUr3yEVGZs8o=
[2026-03-05T09:03:50.964Z] GET /api/posts/background-color | Body: 0 | Token: eyJraWQi | Raw: GET|/api/posts/background-color|1772701430| | Sign: f5U/UMx1o0wcBapNOqN3h11sjE0WAZCK50CdXXFCm3o=
[2026-03-05T09:03:51.080Z] GET /api/friend/myFriends | Body: 0 | Token: eyJraWQi | Raw: GET|/api/friend/myFriends|1772701431| | Sign: GzPo9CWMwe9cxOnZVO4QTZRtPeX5HJrxMdWInf1loL0=
[2026-03-05T09:03:51.251Z] GET /api/user/me | Body: 0 | Token: eyJraWQi | Raw: GET|/api/user/me|1772701431| | Sign: 2Iyfw30AnFezEQL6JkTZk7vG/lgPAWW5A4ffCTc2Czk=
[2026-03-05T09:03:51.402Z] GET /api/missions/current-user | Body: 0 | Token: eyJraWQi | Raw: GET|/api/missions/current-user|1772701431| | Sign: eGBcHTVyX8fqp7e2QSzTaUXaojDXsjdNH7XLQYjFk70=
[2026-03-05T09:03:51.575Z] GET /api/reaction/list | Body: 0 | Token: eyJraWQi | Raw: GET|/api/reaction/list|1772701431| | Sign: ihch9IgOBseNTs9K3o7zB7N1ElevEpy9wA550PUSpVM=
[2026-03-05T09:03:51.702Z] GET /api/v1/notification/list | Body: 0 | Token: eyJraWQi | Raw: GET|/api/v1/notification/list|1772701431| | Sign: 8si3eyY2rAdAEUQhrSVD22pQQBzhCYj7t5OTqarD1Ys=
[2026-03-05T09:03:51.812Z] GET /feed/home | Body: 0 | Token: eyJraWQi | Raw: GET|/feed/home|1772701431| | Sign: 84qPj0BQGHzcIZKpEi4cp8Z7Xpl95JUYm8ZzA2oC3Lg=
[2026-03-05T09:03:51.924Z] GET /api/surf/home | Body: 0 | Token: eyJraWQi | Raw: GET|/api/surf/home|1772701431| | Sign: k6ygNmCP2zfeN2DeMWf9GX9CEgn2LpaSVuqbocPuRuo=
[2026-03-05T09:04:50.287Z] GET /api/user/me | Body: 0 | Token: eyJraWQi | Raw: GET|/api/user/me|1772701490| | Sign: SviPvzoydG0O53vxlO3RnRMtZzNmpmPSOdzPOQNfzq8=
[2026-03-05T09:04:50.707Z] GET /api/posts/background-color | Body: 0 | Token: eyJraWQi | Raw: GET|/api/posts/background-color|1772701490| | Sign: QqcfT4nhBYiq3R1t45UnyaRxRmD9Yh3RSo6J6KTEJgA=
[2026-03-05T09:04:50.821Z] GET /api/friend/myFriends | Body: 0 | Token: eyJraWQi | Raw: GET|/api/friend/myFriends|1772701490| | Sign: J19jOgIDOr9I4W1uGkfrNMX6zsEfGp61fjhG7c5RBjo=
[2026-03-05T09:04:50.964Z] GET /api/user/me | Body: 0 | Token: eyJraWQi | Raw: GET|/api/user/me|1772701490| | Sign: SviPvzoydG0O53vxlO3RnRMtZzNmpmPSOdzPOQNfzq8=
[2026-03-05T09:04:51.089Z] GET /api/missions/current-user | Body: 0 | Token: eyJraWQi | Raw: GET|/api/missions/current-user|1772701491| | Sign: FUIGIXEDNEJk59B1Km/2FGj99N1MHR/MfK4MqhQXF7s=
[2026-03-05T09:04:51.214Z] GET /api/reaction/list | Body: 0 | Token: eyJraWQi | Raw: GET|/api/reaction/list|1772701491| | Sign: sUgpyqPsahr4O3+vUxpzLmec9QBPsIt9tFs2im6p4k8=
[2026-03-05T09:04:51.347Z] GET /api/v1/notification/list | Body: 0 | Token: eyJraWQi | Raw: GET|/api/v1/notification/list|1772701491| | Sign: LthFUYJwVim1JhWGoCdLXNnlx4cO4hmDYHfujmCGN2c=
[2026-03-05T09:04:51.466Z] GET /feed/home | Body: 0 | Token: eyJraWQi | Raw: GET|/feed/home|1772701491| | Sign: q19aU94jLYFNyAaSvLkqVBxqDQrBjHXWDfhMVC5LtzM=
[2026-03-05T09:04:51.584Z] GET /api/surf/home | Body: 0 | Token: eyJraWQi | Raw: GET|/api/surf/home|1772701491| | Sign: /gBW/TuMXp8hToLmVuNQ5UMuN6MewKx6MnCiCqfw52U=
[2026-03-05T09:05:50.295Z] GET /api/user/me | Body: 0 | Token: eyJraWQi | Raw: GET|/api/user/me|1772701550| | Sign: BBoj7N0tBwMsqU7cnPfFGLJBID7IuHOkfi8kJF78PGw=
[2026-03-05T09:05:50.659Z] GET /api/posts/background-color | Body: 0 | Token: eyJraWQi | Raw: GET|/api/posts/background-color|1772701550| | Sign: gci6swDG3QQCxBau9TDovbnEa8srpKGdnb6MEZnmNv8=
[2026-03-05T09:05:50.766Z] GET /api/friend/myFriends | Body: 0 | Token: eyJraWQi | Raw: GET|/api/friend/myFriends|1772701550| | Sign: RweWVMIc+ZywLVyqmYH3Y7SnNTiuFSKSxYBBLohvxQM=
[2026-03-05T09:05:50.932Z] GET /api/user/me | Body: 0 | Token: eyJraWQi | Raw: GET|/api/user/me|1772701550| | Sign: BBoj7N0tBwMsqU7cnPfFGLJBID7IuHOkfi8kJF78PGw=
[2026-03-05T09:05:51.082Z] GET /api/missions/current-user | Body: 0 | Token: eyJraWQi | Raw: GET|/api/missions/current-user|1772701551| | Sign: r2WFZwPHq6lNm/IigYWSf+sfckCcfczb62R/9aj2rBU=
[2026-03-05T09:05:51.217Z] GET /api/reaction/list | Body: 0 | Token: eyJraWQi | Raw: GET|/api/reaction/list|1772701551| | Sign: ELuvKhqIBR/lFuMsq9wFMTsM1le8NZAeGklDHLAZxg4=
[2026-03-05T09:05:51.343Z] GET /api/v1/notification/list | Body: 0 | Token: eyJraWQi | Raw: GET|/api/v1/notification/list|1772701551| | Sign: yvi42ahfpmdIWaHHC3zS65fI2N2iiQr+smES+5KuAjw=
[2026-03-05T09:05:51.451Z] GET /feed/home | Body: 0 | Token: eyJraWQi | Raw: GET|/feed/home|1772701551| | Sign: 3vF12+Z/Iy6wZilxe2E58k+zmYKyS6tZK2zM5CLlFIU=
[2026-03-05T09:05:51.561Z] GET /api/surf/home | Body: 0 | Token: eyJraWQi | Raw: GET|/api/surf/home|1772701551| | Sign: 3c/9boXtM0Gna3AUfArRtgq7d7VKub4vEkaHcqrRQrc=
[2026-03-05T09:06:50.296Z] GET /api/user/me | Body: 0 | Token: eyJraWQi | Raw: GET|/api/user/me|1772701610| | Sign: pW/9ffkRKL5DJpIjJq7SxrjE2N8F66G9AEroieo00ho=
[2026-03-05T09:06:50.744Z] GET /api/posts/background-color | Body: 0 | Token: eyJraWQi | Raw: GET|/api/posts/background-color|1772701610| | Sign: PPzHZeKnrdCrX5dQqP/uXzl7W44/SFuwFTkk51b3z/0=
[2026-03-05T09:06:50.903Z] GET /api/friend/myFriends | Body: 0 | Token: eyJraWQi | Raw: GET|/api/friend/myFriends|1772701610| | Sign: OJ77Vm1B+0fni13VH7V1xe8XBtw6yK6l/0viplgD9VU=
[2026-03-05T09:06:51.099Z] GET /api/user/me | Body: 0 | Token: eyJraWQi | Raw: GET|/api/user/me|1772701611| | Sign: 0mU3DMN2HCmQ9UOXPxiLv3fd+1da6VtxiAaxbKuJ6HY=
[2026-03-05T09:06:51.259Z] GET /api/missions/current-user | Body: 0 | Token: eyJraWQi | Raw: GET|/api/missions/current-user|1772701611| | Sign: 5nfEQWxrU71k6UU3Y/f+8iNNMbBrBOYRS931SvTV04s=
[2026-03-05T09:06:51.426Z] GET /api/reaction/list | Body: 0 | Token: eyJraWQi | Raw: GET|/api/reaction/list|1772701611| | Sign: iyrtTl42FaNG+rF7MmDvuYrQbtroG4m6DQYTxV2fnmI=
[2026-03-05T09:06:51.587Z] GET /api/v1/notification/list | Body: 0 | Token: eyJraWQi | Raw: GET|/api/v1/notification/list|1772701611| | Sign: pAthlTmPgWBmTELSvPuu/a6uReDTLM0nGcq5ka0Zovk=
[2026-03-05T09:06:51.743Z] GET /feed/home | Body: 0 | Token: eyJraWQi | Raw: GET|/feed/home|1772701611| | Sign: I57YsasBLYSNiYaoiS3F96B+A2XwHR/SJQYsAkLJGoI=
[2026-03-05T09:06:51.904Z] GET /api/surf/home | Body: 0 | Token: eyJraWQi | Raw: GET|/api/surf/home|1772701611| | Sign: q78NMvA62BqtTS/UtNqTjimAY4s3pgAZ9jjkjIils8c=
[2026-03-05T09:07:50.302Z] POST /api/auth/login | Body: 57 | Token: None | Raw: POST|/api/auth/login|1772701670|{"username":"longh1248@gmail.com","password":"Admin@123"} | Sign: BM841F9eF4HvuWY6R0gBIw9zkmEjWME4JFmlrd2fQ+U=
[2026-03-05T09:07:50.924Z] GET /api/user/me | Body: 0 | Token: eyJraWQi | Raw: GET|/api/user/me|1772701670| | Sign: qD9VLRYpD2LARMTU4ZqvLp/GxpRer0Xpr5kYh9HZKbM=
[2026-03-05T09:07:51.128Z] GET /api/posts/background-color | Body: 0 | Token: eyJraWQi | Raw: GET|/api/posts/background-color|1772701671| | Sign: pnaZ6zVVnvFUszfRyK3N8k6PoYXe+7QQmAntns+Dj+g=
[2026-03-05T09:07:51.291Z] GET /api/friend/myFriends | Body: 0 | Token: eyJraWQi | Raw: GET|/api/friend/myFriends|1772701671| | Sign: 9cBp2EoxROaaCGK3y3M2vubMep5upSK9ybFxHl+WkDQ=
[2026-03-05T09:07:51.521Z] GET /api/user/me | Body: 0 | Token: eyJraWQi | Raw: GET|/api/user/me|1772701671| | Sign: dKn45yYGsAgKPA7glfgst0cFU6/HrfyyYlPvKr3VJzs=
[2026-03-05T09:07:51.754Z] GET /api/missions/current-user | Body: 0 | Token: eyJraWQi | Raw: GET|/api/missions/current-user|1772701671| | Sign: b/9G11AaJzdZsdnfHrA9H3TyDwaHIJ1BSPWhNmo0r74=
[2026-03-05T09:07:52.000Z] GET /api/reaction/list | Body: 0 | Token: eyJraWQi | Raw: GET|/api/reaction/list|1772701672| | Sign: +o6U2cQ8ixUiVqaU3TSToRelkVk9AHsH15r46Z/saUs=
[2026-03-05T09:07:52.176Z] GET /api/v1/notification/list | Body: 0 | Token: eyJraWQi | Raw: GET|/api/v1/notification/list|1772701672| | Sign: zqt1Xlj26yU+vcDMOw94LazfJYP7K2ofMHxvEhsAT3s=
[2026-03-05T09:07:52.343Z] GET /feed/home | Body: 0 | Token: eyJraWQi | Raw: GET|/feed/home|1772701672| | Sign: oMJgb0Ty8p1IDcMTcWZHBMl7n2g7IrIqnZWLDZQZAzc=
[2026-03-05T09:07:52.503Z] GET /api/surf/home | Body: 0 | Token: eyJraWQi | Raw: GET|/api/surf/home|1772701672| | Sign: /0As4Om6md4s4+zCYzcRSQ+GrbNb515xXedgkmDY+iQ=
[2026-03-05T09:08:50.304Z] POST /api/auth/login | Body: 57 | Token: None | Raw: POST|/api/auth/login|1772701730|{"username":"longh1248@gmail.com","password":"Admin@123"} | Sign: j9gmqC39lhD0NE4Ti2ZbWVMjiNEA5j0Ah27Nib1fZko=
[2026-03-05T09:08:50.830Z] GET /api/user/me | Body: 0 | Token: eyJraWQi | Raw: GET|/api/user/me|1772701730| | Sign: SZYPHA2fB6m5jztFI2byAUpm1egvSnuSll053T76QBU=
[2026-03-05T09:08:51.042Z] GET /api/posts/background-color | Body: 0 | Token: eyJraWQi | Raw: GET|/api/posts/background-color|1772701731| | Sign: SuWgVm9ikoErJeyNAB5C9i8kqI8vXzikeyGlFZ7bae8=
[2026-03-05T09:08:51.208Z] GET /api/friend/myFriends | Body: 0 | Token: eyJraWQi | Raw: GET|/api/friend/myFriends|1772701731| | Sign: h39hBZkqzTXhY0ErGJgYjvNQ0GceBbyCu8qndOswIYw=
[2026-03-05T09:08:51.416Z] GET /api/user/me | Body: 0 | Token: eyJraWQi | Raw: GET|/api/user/me|1772701731| | Sign: SPjdEsAcV5TTcrPC1PSvi7nxydLKZvEuvoPgTQeKS3w=
[2026-03-05T09:08:51.627Z] GET /api/missions/current-user | Body: 0 | Token: eyJraWQi | Raw: GET|/api/missions/current-user|1772701731| | Sign: hJUDoEMBA6UJPn4MbE/uQHOBrd79GthhD338cN1WHbQ=
[2026-03-05T09:08:51.859Z] GET /api/reaction/list | Body: 0 | Token: eyJraWQi | Raw: GET|/api/reaction/list|1772701731| | Sign: 2AgnoyNFNarZQWKMg2pVglnpMvpcRhAM+Hdpvh5xWWk=
[2026-03-05T09:08:52.041Z] GET /api/v1/notification/list | Body: 0 | Token: eyJraWQi | Raw: GET|/api/v1/notification/list|1772701732| | Sign: qJdijNF5nrMytawnXJTChPy18waXGUvdzORVXUwHKgs=
[2026-03-05T09:08:52.208Z] GET /feed/home | Body: 0 | Token: eyJraWQi | Raw: GET|/feed/home|1772701732| | Sign: Ml4ydXRe9j/zei7AHS+o36jgDIO2lW3WPXvWmyz4nvA=
[2026-03-05T09:08:52.373Z] GET /api/surf/home | Body: 0 | Token: eyJraWQi | Raw: GET|/api/surf/home|1772701732| | Sign: Y+y29WCpJ/v4o1vFT70G3wmt6VhWtGkxxjDquGG6WAk=
[2026-03-05T09:09:50.310Z] GET /api/user/me | Body: 0 | Token: eyJraWQi | Raw: GET|/api/user/me|1772701790| | Sign: bLBLQflr0kiJh/8fEYOFvnn/F/Ov1AMOG3kEo3kUWxs=
[2026-03-05T09:09:50.683Z] GET /api/posts/background-color | Body: 0 | Token: eyJraWQi | Raw: GET|/api/posts/background-color|1772701790| | Sign: UxGrfgguB3TkX0YYsK5qSKMD0qQQbB/0CVJjnjG0fu8=
[2026-03-05T09:09:50.840Z] GET /api/friend/myFriends | Body: 0 | Token: eyJraWQi | Raw: GET|/api/friend/myFriends|1772701790| | Sign: brlizUeI91D619hmSc+LxyfDUSD7TfZ7svUXxH1gqGU=
[2026-03-05T09:09:50.991Z] GET /api/user/me | Body: 0 | Token: eyJraWQi | Raw: GET|/api/user/me|1772701790| | Sign: bLBLQflr0kiJh/8fEYOFvnn/F/Ov1AMOG3kEo3kUWxs=
[2026-03-05T09:09:51.128Z] GET /api/missions/current-user | Body: 0 | Token: eyJraWQi | Raw: GET|/api/missions/current-user|1772701791| | Sign: 91LZKj/ole+KGqJ5zTI56A19fYS+8o6wwYTgg9yt8S0=
[2026-03-05T09:09:51.323Z] GET /api/reaction/list | Body: 0 | Token: eyJraWQi | Raw: GET|/api/reaction/list|1772701791| | Sign: RTcuhE4asvQEwqTJOvwaFbTPtTMWezsrU+YdsT37uYA=
[2026-03-05T09:09:51.455Z] GET /api/v1/notification/list | Body: 0 | Token: eyJraWQi | Raw: GET|/api/v1/notification/list|1772701791| | Sign: kp0bfbXGKgrnsywcjVrPrEJGN3+s3i74g2Bf7RLHEL8=
[2026-03-05T09:09:51.612Z] GET /feed/home | Body: 0 | Token: eyJraWQi | Raw: GET|/feed/home|1772701791| | Sign: kOlQXX6OlXwc4D5g5Fv59uP/UbdBJywBsLodGf9yyMs=
[2026-03-05T09:09:51.725Z] GET /api/surf/home | Body: 0 | Token: eyJraWQi | Raw: GET|/api/surf/home|1772701791| | Sign: 3UXhxdARhBPSIHiTwqN51IKTnJCUvJEQMuWhCkezNas=
[2026-03-05T09:10:50.317Z] POST /api/auth/login | Body: 57 | Token: None | Raw: POST|/api/auth/login|1772701850|{"username":"longh1248@gmail.com","password":"Admin@123"} | Sign: WKyl0amrl/AGu7otdvL2KaI/MWoPbpMDCW5He3kPt4g=
[2026-03-05T09:10:50.855Z] GET /api/user/me | Body: 0 | Token: eyJraWQi | Raw: GET|/api/user/me|1772701850| | Sign: miyC1Lw5OkFFYMOhbf5rtHtn3idKG5zJqO0yRALILuo=
[2026-03-05T09:10:51.019Z] GET /api/posts/background-color | Body: 0 | Token: eyJraWQi | Raw: GET|/api/posts/background-color|1772701851| | Sign: DWH78ODqAfeGtbow3gcFsWkReXn3XrfYBZkMP2ElDDI=
[2026-03-05T09:10:51.139Z] GET /api/friend/myFriends | Body: 0 | Token: eyJraWQi | Raw: GET|/api/friend/myFriends|1772701851| | Sign: qDdKjmPwbeNj4JwR/v5vVwjAwnu8DKFiLozaXXjbObM=
[2026-03-05T09:10:51.317Z] GET /api/user/me | Body: 0 | Token: eyJraWQi | Raw: GET|/api/user/me|1772701851| | Sign: zClS3A3unH9cFUnFnLLJ1A0K3VeuBIKdfsOLU06qCzI=
[2026-03-05T09:10:51.501Z] GET /api/missions/current-user | Body: 0 | Token: eyJraWQi | Raw: GET|/api/missions/current-user|1772701851| | Sign: Kl0YuhcQ5IIk+QMtkY1J4AbORflt54McP4Txwocvu/s=
[2026-03-05T09:10:51.707Z] GET /api/reaction/list | Body: 0 | Token: eyJraWQi | Raw: GET|/api/reaction/list|1772701851| | Sign: TxXyV8bDJAX4pl8L/0iw4nw/zA8Pq9z4Z/FC//IlEUs=
[2026-03-05T09:10:51.838Z] GET /api/v1/notification/list | Body: 0 | Token: eyJraWQi | Raw: GET|/api/v1/notification/list|1772701851| | Sign: UhqRhvTpXBDAsVNpJ0zQYbHtxLg/lET9gTWYucsAO+w=
[2026-03-05T09:10:51.959Z] GET /feed/home | Body: 0 | Token: eyJraWQi | Raw: GET|/feed/home|1772701851| | Sign: BKgqNdpKyU2upQ9tlkDUWo43lYWrgVPwtLFZlJiL5DM=
[2026-03-05T09:10:52.081Z] GET /api/surf/home | Body: 0 | Token: eyJraWQi | Raw: GET|/api/surf/home|1772701852| | Sign: 8CrWeZQBStu00H8zhbwH9/uHZaYKEys8HnSAaRJvBg0=
[2026-03-05T09:11:50.334Z] GET /api/user/me | Body: 0 | Token: eyJraWQi | Raw: GET|/api/user/me|1772701910| | Sign: euO3fsJRxaRgp8Am97HlLlemOZ+M0tGE1xi31W/J/70=
[2026-03-05T09:11:50.628Z] GET /api/posts/background-color | Body: 0 | Token: eyJraWQi | Raw: GET|/api/posts/background-color|1772701910| | Sign: CtwWYS5dlxDj47tBUpt0fV9dTQd+QnDYc7UkIUjzJ9M=
[2026-03-05T09:11:50.750Z] GET /api/friend/myFriends | Body: 0 | Token: eyJraWQi | Raw: GET|/api/friend/myFriends|1772701910| | Sign: 8RX5whN8loXJ8bJuch2FMTyhh72fWhJZbCypv/A0uas=
[2026-03-05T09:11:50.943Z] GET /api/user/me | Body: 0 | Token: eyJraWQi | Raw: GET|/api/user/me|1772701910| | Sign: euO3fsJRxaRgp8Am97HlLlemOZ+M0tGE1xi31W/J/70=
[2026-03-05T09:11:51.085Z] GET /api/missions/current-user | Body: 0 | Token: eyJraWQi | Raw: GET|/api/missions/current-user|1772701911| | Sign: YTBMRlpEubGteUWbJszdpRZ+Xu/JlGQ1ssQ8zK8dYZ4=
[2026-03-05T09:11:51.228Z] GET /api/reaction/list | Body: 0 | Token: eyJraWQi | Raw: GET|/api/reaction/list|1772701911| | Sign: sZYpWEa6PgKKWgb4l4rJMQ7KowmqXZarV9mmc7dRpwk=
[2026-03-05T09:11:51.358Z] GET /api/v1/notification/list | Body: 0 | Token: eyJraWQi | Raw: GET|/api/v1/notification/list|1772701911| | Sign: YzGrgi5RClW/VoQgJJKjwx1YHt/bWtUAZwcPXG1NrSQ=
[2026-03-05T09:11:51.478Z] GET /feed/home | Body: 0 | Token: eyJraWQi | Raw: GET|/feed/home|1772701911| | Sign: Q7gsQM0RJBdwWRujQ3HyNvJZqSGv925R8N+t5khy2jg=
[2026-03-05T09:11:51.600Z] GET /api/surf/home | Body: 0 | Token: eyJraWQi | Raw: GET|/api/surf/home|1772701911| | Sign: 1/O94j7HULosYqDnZpHktUubgDEYsQd/gnlFgrPmnEk=
[2026-03-05T09:12:50.333Z] GET /api/user/me | Body: 0 | Token: eyJraWQi | Raw: GET|/api/user/me|1772701970| | Sign: FZXd7IgCI3FpaDmM6lhc7p1eXm41BPcvdyZzdJBHQS0=
[2026-03-05T09:12:50.633Z] GET /api/posts/background-color | Body: 0 | Token: eyJraWQi | Raw: GET|/api/posts/background-color|1772701970| | Sign: pmt2NqnnxumKFYUgVGase4DKaVHMUCBU12sd4zl9zMU=
[2026-03-05T09:12:50.757Z] GET /api/friend/myFriends | Body: 0 | Token: eyJraWQi | Raw: GET|/api/friend/myFriends|1772701970| | Sign: jQRF7zDyGxHazwmUjCg7G3nXkEEiRdOZoZ/EIVWxq3Y=
[2026-03-05T09:12:50.916Z] GET /api/user/me | Body: 0 | Token: eyJraWQi | Raw: GET|/api/user/me|1772701970| | Sign: FZXd7IgCI3FpaDmM6lhc7p1eXm41BPcvdyZzdJBHQS0=
[2026-03-05T09:12:51.072Z] GET /api/missions/current-user | Body: 0 | Token: eyJraWQi | Raw: GET|/api/missions/current-user|1772701971| | Sign: jtQ5Zn6y9WGpb6Fkh2JH8ZAqv5UjeEg3O+emuyP7dho=
[2026-03-05T09:12:51.201Z] GET /api/reaction/list | Body: 0 | Token: eyJraWQi | Raw: GET|/api/reaction/list|1772701971| | Sign: 14ZZrk70XUQTgYseGmqHeJfVDEVa9+VI2NkDlpPWhm0=
[2026-03-05T09:12:51.326Z] GET /api/v1/notification/list | Body: 0 | Token: eyJraWQi | Raw: GET|/api/v1/notification/list|1772701971| | Sign: ztVkANLUqC1C+q8fFV6d2wuKn+Za3jwovzV7x61wtmk=
[2026-03-05T09:12:51.450Z] GET /feed/home | Body: 0 | Token: eyJraWQi | Raw: GET|/feed/home|1772701971| | Sign: UAQrOSs0JSHjQYGQY/Cugr6Havl12b5zGdKsKcv6GJE=
[2026-03-05T09:12:51.570Z] GET /api/surf/home | Body: 0 | Token: eyJraWQi | Raw: GET|/api/surf/home|1772701971| | Sign: FYz2PsduxQTUDpm8Lf/skx0IwaRlAcKRVTScH/T2W1c=
[2026-03-05T09:13:50.347Z] GET /api/user/me | Body: 0 | Token: eyJraWQi | Raw: GET|/api/user/me|1772702030| | Sign: gje8xUEVM8+iqn7YZtsPWSHGxaXh9MN1DShTKHqMuPA=
[2026-03-05T09:13:50.640Z] GET /api/posts/background-color | Body: 0 | Token: eyJraWQi | Raw: GET|/api/posts/background-color|1772702030| | Sign: DQM/saI69ckAkY2WQ/Z1Ra6+NCP18v69WLVkkl96J7g=
[2026-03-05T09:13:50.756Z] GET /api/friend/myFriends | Body: 0 | Token: eyJraWQi | Raw: GET|/api/friend/myFriends|1772702030| | Sign: q1td8nnXgVFR13C4h/dbTU7v3V27LDlwHbVjMoWQO6g=
[2026-03-05T09:13:50.926Z] GET /api/user/me | Body: 0 | Token: eyJraWQi | Raw: GET|/api/user/me|1772702030| | Sign: gje8xUEVM8+iqn7YZtsPWSHGxaXh9MN1DShTKHqMuPA=
[2026-03-05T09:13:51.077Z] GET /api/missions/current-user | Body: 0 | Token: eyJraWQi | Raw: GET|/api/missions/current-user|1772702031| | Sign: GdSc0C7E3rDuI4n/SryMbuaZXUTYG431/EFfQx7QVv8=
[2026-03-05T09:13:51.270Z] GET /api/reaction/list | Body: 0 | Token: eyJraWQi | Raw: GET|/api/reaction/list|1772702031| | Sign: 96S5MEan3vUXUAA1cGuOb7u1An+LbQX/h3K1Gbbu+dQ=
[2026-03-05T09:13:51.407Z] GET /api/v1/notification/list | Body: 0 | Token: eyJraWQi | Raw: GET|/api/v1/notification/list|1772702031| | Sign: jAIv/6zZCwhPwZEeka1fn8rBd/2JcCzIw6h6rMgBaaY=
[2026-03-05T09:13:51.522Z] GET /feed/home | Body: 0 | Token: eyJraWQi | Raw: GET|/feed/home|1772702031| | Sign: 6IgUjaZ2ZHhYPlYUOqdJUzxTO9hqnrTNR5XFfNkVll4=
[2026-03-05T09:13:51.636Z] GET /api/surf/home | Body: 0 | Token: eyJraWQi | Raw: GET|/api/surf/home|1772702031| | Sign: g2ri67FCI1U4yHIArrPFyw/bBrexMKfPUxDsDymqL4U=
[2026-03-05T09:14:50.350Z] GET /api/user/me | Body: 0 | Token: eyJraWQi | Raw: GET|/api/user/me|1772702090| | Sign: G2fN3Y2Tj0OsRql/g/j6jB5F0yWXarC6tIdZ3UvP01k=
[2026-03-05T09:14:50.698Z] GET /api/posts/background-color | Body: 0 | Token: eyJraWQi | Raw: GET|/api/posts/background-color|1772702090| | Sign: V/Cp1PrB+pxceJ1UX8Qc+rTccpzYLsrqQVClqXrcdtg=
[2026-03-05T09:14:50.814Z] GET /api/friend/myFriends | Body: 0 | Token: eyJraWQi | Raw: GET|/api/friend/myFriends|1772702090| | Sign: vKRBUrmP9Y/ELfDn8gOqGPCMTFx5phuK+3PBV9gGAAY=
[2026-03-05T09:14:50.981Z] GET /api/user/me | Body: 0 | Token: eyJraWQi | Raw: GET|/api/user/me|1772702090| | Sign: G2fN3Y2Tj0OsRql/g/j6jB5F0yWXarC6tIdZ3UvP01k=
[2026-03-05T09:14:51.124Z] GET /api/missions/current-user | Body: 0 | Token: eyJraWQi | Raw: GET|/api/missions/current-user|1772702091| | Sign: gI/CIWE8OtjTdaMv5tDiL0/AUg/X1gCCgIvXa57lykA=
[2026-03-05T09:14:51.273Z] GET /api/reaction/list | Body: 0 | Token: eyJraWQi | Raw: GET|/api/reaction/list|1772702091| | Sign: QaicJOpcMtq9hX+qFP/UZqsVamYjZsfcbwoGpJi7n7w=
[2026-03-05T09:14:51.402Z] GET /api/v1/notification/list | Body: 0 | Token: eyJraWQi | Raw: GET|/api/v1/notification/list|1772702091| | Sign: 1FlblqvooC3qRQ+XvkWUgTpDEoj+W2HQie0Rbylu2a4=
[2026-03-05T09:14:51.516Z] GET /feed/home | Body: 0 | Token: eyJraWQi | Raw: GET|/feed/home|1772702091| | Sign: UuEPrm1h5N9xwgUtHGkNzmWIxl2EqS+7LOkjpLsDzY8=
[2026-03-05T09:14:51.639Z] GET /api/surf/home | Body: 0 | Token: eyJraWQi | Raw: GET|/api/surf/home|1772702091| | Sign: sJH6wIWebpT7qFvrIOZEBm+5Blc16Z1DduMTSVb/u4c=
[2026-03-05T09:15:50.356Z] GET /api/user/me | Body: 0 | Token: eyJraWQi | Raw: GET|/api/user/me|1772702150| | Sign: EJ+4MpIpzLZtpH/P6tMz4G2rl8XmhXavVJwr1DagpOs=
[2026-03-05T09:15:50.729Z] GET /api/posts/background-color | Body: 0 | Token: eyJraWQi | Raw: GET|/api/posts/background-color|1772702150| | Sign: cMApXF5r6nYDHEoKn5igGi34NraOh9xEqDYWRKLwwYo=
[2026-03-05T09:15:50.852Z] GET /api/friend/myFriends | Body: 0 | Token: eyJraWQi | Raw: GET|/api/friend/myFriends|1772702150| | Sign: hIO3URjyTcJ8egYTBSctbNfL7FTjLSW+tGdeh34uQOQ=
[2026-03-05T09:15:51.031Z] GET /api/user/me | Body: 0 | Token: eyJraWQi | Raw: GET|/api/user/me|1772702151| | Sign: h4N4cp1M8vsFtlOw4v387Dall0hmq6G9VBJTAyweT34=
[2026-03-05T09:15:51.184Z] GET /api/missions/current-user | Body: 0 | Token: eyJraWQi | Raw: GET|/api/missions/current-user|1772702151| | Sign: qBSXQL0YDhsTnZOwEeWGRXo4M1TwdEUibMSGSFqBcwg=
[2026-03-05T09:15:51.318Z] GET /api/reaction/list | Body: 0 | Token: eyJraWQi | Raw: GET|/api/reaction/list|1772702151| | Sign: 9YAj7eZY8Pv4vGYUASPXTx5Ydcs/wZBYbDya+NakmQQ=
[2026-03-05T09:15:51.452Z] GET /api/v1/notification/list | Body: 0 | Token: eyJraWQi | Raw: GET|/api/v1/notification/list|1772702151| | Sign: BjnMJGRAWze8ePN0ZC6mlNnkrgxBXRcrpbGUmXyaJjI=
[2026-03-05T09:15:51.574Z] GET /feed/home | Body: 0 | Token: eyJraWQi | Raw: GET|/feed/home|1772702151| | Sign: S9rf2pWlQhukBL26LmB42pqC/qwU5F6ErVPOgBgOFcI=
[2026-03-05T09:15:51.700Z] GET /api/surf/home | Body: 0 | Token: eyJraWQi | Raw: GET|/api/surf/home|1772702151| | Sign: FJJ1qm91ne4Lvtv22kWNmuL2W9BlucIye43/TUoG2kI=
[2026-03-05T09:16:50.374Z] GET /api/user/me | Body: 0 | Token: eyJraWQi | Raw: GET|/api/user/me|1772702210| | Sign: 97Qhk0wTOkQ0C7LgIPreDIeVoqsep/2kszihvh5v9XY=
[2026-03-05T09:16:50.881Z] GET /api/posts/background-color | Body: 0 | Token: eyJraWQi | Raw: GET|/api/posts/background-color|1772702210| | Sign: ANZ5xvztAz+fj9D9jy4ZI2pm9Za7gtdqKkiDReAnKDQ=
[2026-03-05T09:16:51.048Z] GET /api/friend/myFriends | Body: 0 | Token: eyJraWQi | Raw: GET|/api/friend/myFriends|1772702211| | Sign: dKYJszsTi//6F8x+Ua/GAJeBzeyhwL7OQKmwvjOjxs8=
[2026-03-05T09:16:51.247Z] GET /api/user/me | Body: 0 | Token: eyJraWQi | Raw: GET|/api/user/me|1772702211| | Sign: LiNPu3r7s1PHyC8mjKLe19BlDoVrd9ks3AbUYFrIeoY=
[2026-03-05T09:16:51.422Z] GET /api/missions/current-user | Body: 0 | Token: eyJraWQi | Raw: GET|/api/missions/current-user|1772702211| | Sign: mld0w+jqtyMNe4D2QUL5zThSPAE8xDYLQPkZuYlDuhc=
[2026-03-05T09:16:51.596Z] GET /api/reaction/list | Body: 0 | Token: eyJraWQi | Raw: GET|/api/reaction/list|1772702211| | Sign: 38bdiBAdvHxlDyvKSo1UL10fGBDjl6t2Dl8nzNrom4Y=
[2026-03-05T09:16:51.776Z] GET /api/v1/notification/list | Body: 0 | Token: eyJraWQi | Raw: GET|/api/v1/notification/list|1772702211| | Sign: 3S8aSkcFBq0bXMaeNe9TOVJ9940XcvGJQB8hIcWkMdk=
[2026-03-05T09:16:51.940Z] GET /feed/home | Body: 0 | Token: eyJraWQi | Raw: GET|/feed/home|1772702211| | Sign: R4Fiu2S8JnyS8JY/JDXG3zsSGZqWoJqUQRFR3HXMa3s=
[2026-03-05T09:16:52.107Z] GET /api/surf/home | Body: 0 | Token: eyJraWQi | Raw: GET|/api/surf/home|1772702212| | Sign: 37EfqIQnwI8lpSGx4G8NUG3Y35YguoM5ljBkyHytI68=
[2026-03-05T09:17:50.379Z] GET /api/user/me | Body: 0 | Token: eyJraWQi | Raw: GET|/api/user/me|1772702270| | Sign: 2/aEecFYpEy+sc5J1u7uTdHwE5AHxr/UW6aAQhMVrVA=
[2026-03-05T09:17:50.697Z] GET /api/posts/background-color | Body: 0 | Token: eyJraWQi | Raw: GET|/api/posts/background-color|1772702270| | Sign: z9j1xBJesdSMzo3Wbo0Q/ZIQ+4CY1UD9k90P8KnDUJs=
[2026-03-05T09:17:50.864Z] GET /api/friend/myFriends | Body: 0 | Token: eyJraWQi | Raw: GET|/api/friend/myFriends|1772702270| | Sign: TmyFJQzfRH9RSAlHjrRCL8/wIAkN2reiwlg12XoOI7w=
[2026-03-05T09:17:51.058Z] GET /api/user/me | Body: 0 | Token: eyJraWQi | Raw: GET|/api/user/me|1772702271| | Sign: G4DH4oBBDdGOlY7T36Ebk0kvwQYpxWQClvhWib8J5bU=
[2026-03-05T09:17:51.256Z] GET /api/missions/current-user | Body: 0 | Token: eyJraWQi | Raw: GET|/api/missions/current-user|1772702271| | Sign: Ga9NjotryvbhwSEpk7LeOrX5eiPtXso7e4rc3KosO4k=
[2026-03-05T09:17:51.440Z] GET /api/reaction/list | Body: 0 | Token: eyJraWQi | Raw: GET|/api/reaction/list|1772702271| | Sign: Ud9LGnrXQdOHnxf6Rvh23N/xx54LC2hyNzrI9Xlk/ds=
[2026-03-05T09:17:51.608Z] GET /api/v1/notification/list | Body: 0 | Token: eyJraWQi | Raw: GET|/api/v1/notification/list|1772702271| | Sign: qmg5NqmgsRQWwdEp6KxIKiz+9ifwgyOI7KXb4r5r9Jo=
[2026-03-05T09:17:51.774Z] GET /feed/home | Body: 0 | Token: eyJraWQi | Raw: GET|/feed/home|1772702271| | Sign: I2ZKuKbxcfXCrMIE3yUuWlVBB9xw5E8HaIpvWOl3VYA=
[2026-03-05T09:17:51.940Z] GET /api/surf/home | Body: 0 | Token: eyJraWQi | Raw: GET|/api/surf/home|1772702271| | Sign: 2t3O+iOtN1fuqxyY/r/Wn93wYAcOGHpZaLyYx6xqhzA=
[2026-03-05T09:18:50.377Z] POST /api/auth/login | Body: 57 | Token: None | Raw: POST|/api/auth/login|1772702330|{"username":"longh1248@gmail.com","password":"Admin@123"} | Sign: yhR+JtorxMJJVsPrKLD+0HT4nhaiIlS2bfwxC1OmpqU=
[2026-03-05T09:18:50.810Z] GET /api/user/me | Body: 0 | Token: eyJraWQi | Raw: GET|/api/user/me|1772702330| | Sign: 4+IT8h6bgZYK5/3fNO2UHxZ72jcumv/pe3o4Sr6c1xM=
[2026-03-05T09:18:50.958Z] GET /api/posts/background-color | Body: 0 | Token: eyJraWQi | Raw: GET|/api/posts/background-color|1772702330| | Sign: GganHtdJHb7paHV4qvC9IsBYoBPavHuyBPV8rC7PYMo=
[2026-03-05T09:18:51.080Z] GET /api/friend/myFriends | Body: 0 | Token: eyJraWQi | Raw: GET|/api/friend/myFriends|1772702331| | Sign: rwgeryYGbeAWbHJ6PFnp88BncC7YtXXpo3jCd96I4M4=
[2026-03-05T09:18:51.247Z] GET /api/user/me | Body: 0 | Token: eyJraWQi | Raw: GET|/api/user/me|1772702331| | Sign: SYYN/xJn6lwPY6Dfdn5y+6pYdwanL897tgnNkOgFpzs=
[2026-03-05T09:18:51.403Z] GET /api/missions/current-user | Body: 0 | Token: eyJraWQi | Raw: GET|/api/missions/current-user|1772702331| | Sign: Sdksmd80G7GDCs5Ruv/XBRD9HKJkSHMiZ01yMaLbfzY=
[2026-03-05T09:18:51.590Z] GET /api/reaction/list | Body: 0 | Token: eyJraWQi | Raw: GET|/api/reaction/list|1772702331| | Sign: pcm82JpYOfuSHHHf4EkHyBJFS2pAxiWVq5GylYkEciM=
[2026-03-05T09:18:51.732Z] GET /api/v1/notification/list | Body: 0 | Token: eyJraWQi | Raw: GET|/api/v1/notification/list|1772702331| | Sign: vPwjegwu/Xlg4dlM0Za2DmrG9yTI5tkLmWNcK3LW238=
[2026-03-05T09:18:51.854Z] GET /feed/home | Body: 0 | Token: eyJraWQi | Raw: GET|/feed/home|1772702331| | Sign: nyhXUHuUEajwyHNgk4u1DMUBX3fVgBPX7S1ZhbZfiBM=
[2026-03-05T09:18:51.976Z] GET /api/surf/home | Body: 0 | Token: eyJraWQi | Raw: GET|/api/surf/home|1772702331| | Sign: SD8sLkTEAvgnc9Se4duOXlNKj/2qlXSKLqzcJfQcHJo=
[2026-03-05T09:19:50.379Z] GET /api/user/me | Body: 0 | Token: eyJraWQi | Raw: GET|/api/user/me|1772702390| | Sign: ipJZVwIDeygGWX2XtXF5SrvROwaN4ACOKF0O+QvxPwE=
[2026-03-05T09:19:50.969Z] GET /api/posts/background-color | Body: 0 | Token: eyJraWQi | Raw: GET|/api/posts/background-color|1772702390| | Sign: ibIk3FnS6ZxtP7Q3ahN/jw7bC/UwxkJUlfw0EZr78vs=
[2026-03-05T09:19:51.133Z] GET /api/friend/myFriends | Body: 0 | Token: eyJraWQi | Raw: GET|/api/friend/myFriends|1772702391| | Sign: NHxn3QNgU5bJJFatSKEROjl+WwKgVXCx+YghSFYbN08=
[2026-03-05T09:19:51.323Z] GET /api/user/me | Body: 0 | Token: eyJraWQi | Raw: GET|/api/user/me|1772702391| | Sign: 6wfmEm7TvNGzrP4qrtCco5VQUYgJpaoT/tWjYLDZ/y8=
[2026-03-05T09:19:51.510Z] GET /api/missions/current-user | Body: 0 | Token: eyJraWQi | Raw: GET|/api/missions/current-user|1772702391| | Sign: nMI0DNmE0it3OrCpaod4BubSY73VZzRxHs19e/iObdk=
[2026-03-05T09:19:51.728Z] GET /api/reaction/list | Body: 0 | Token: eyJraWQi | Raw: GET|/api/reaction/list|1772702391| | Sign: NkK/E83Nw0c+DvbSKNiWwEl7W9749NqcmvwDk7rexiM=
[2026-03-05T09:19:51.912Z] GET /api/v1/notification/list | Body: 0 | Token: eyJraWQi | Raw: GET|/api/v1/notification/list|1772702391| | Sign: s36rL9oN2eHEXLjCzpHHQOG70TGbLziVD4fZE77DKFE=
[2026-03-05T09:19:52.073Z] GET /feed/home | Body: 0 | Token: eyJraWQi | Raw: GET|/feed/home|1772702392| | Sign: buyHO9SuxYzUANywmRr1HQbw+YWS1XO8dAQSBO5cmWg=
[2026-03-05T09:19:52.240Z] GET /api/surf/home | Body: 0 | Token: eyJraWQi | Raw: GET|/api/surf/home|1772702392| | Sign: FFTs1079w30bhcI8LeB524qg1LwCX4W8XJyE+6uTtxM=
[2026-03-05T09:20:50.380Z] GET /api/user/me | Body: 0 | Token: eyJraWQi | Raw: GET|/api/user/me|1772702450| | Sign: TOc7B5ZsKs/1gEz2FPyHIoe0Eqmw+VOlzi/4K2Caoz8=
[2026-03-05T09:20:50.699Z] GET /api/posts/background-color | Body: 0 | Token: eyJraWQi | Raw: GET|/api/posts/background-color|1772702450| | Sign: JekjaxRUNjxNXLacTU0YwnCK5Dy848DonS/g7+Vzelc=
[2026-03-05T09:20:50.819Z] GET /api/friend/myFriends | Body: 0 | Token: eyJraWQi | Raw: GET|/api/friend/myFriends|1772702450| | Sign: Yo6qeJeDlJhEj5iiVU96Ti1CBvVThlnieDRxfe7Scos=
[2026-03-05T09:20:51.004Z] GET /api/user/me | Body: 0 | Token: eyJraWQi | Raw: GET|/api/user/me|1772702451| | Sign: qM2CQ1OH2S5DqmrbX/KiHgsxwzUQGqFq3RXZARooVLU=
[2026-03-05T09:20:51.149Z] GET /api/missions/current-user | Body: 0 | Token: eyJraWQi | Raw: GET|/api/missions/current-user|1772702451| | Sign: CSMaaMq4R58e6hUl9QUl7dT0AIulQ7AIJRDvx5Zm2Vo=
[2026-03-05T09:20:51.284Z] GET /api/reaction/list | Body: 0 | Token: eyJraWQi | Raw: GET|/api/reaction/list|1772702451| | Sign: 86uQyAVeAilnTdr1ByQSlfVZwRg+91rCsf+aJ9IOmc8=
[2026-03-05T09:20:51.417Z] GET /api/v1/notification/list | Body: 0 | Token: eyJraWQi | Raw: GET|/api/v1/notification/list|1772702451| | Sign: /rJVvfYenXoXDWJ7ssUg7KwpJ42obKNt61IQfdynRqQ=
[2026-03-05T09:20:51.543Z] GET /feed/home | Body: 0 | Token: eyJraWQi | Raw: GET|/feed/home|1772702451| | Sign: r0SNRa8/W5cFk1YF9hIJDMUnZPTevRaxzWSowkaaPMY=
[2026-03-05T09:20:51.665Z] GET /api/surf/home | Body: 0 | Token: eyJraWQi | Raw: GET|/api/surf/home|1772702451| | Sign: vPIdDafmgA5nfJ7wVspQo8pGHTLcJZgQhbRxEB06oOM=
[2026-03-05T09:21:50.391Z] POST /api/auth/login | Body: 57 | Token: None | Raw: POST|/api/auth/login|1772702510|{"username":"longh1248@gmail.com","password":"Admin@123"} | Sign: 2nBT9DH9vzS4/d5a1OTuyzU05GFmhTaNegMaPSg9woU=
[2026-03-05T09:21:50.841Z] GET /api/user/me | Body: 0 | Token: eyJraWQi | Raw: GET|/api/user/me|1772702510| | Sign: tRHOgRFzK1ocMs266CahYh8cd5LNx44HFeyw2SQZ3wU=
[2026-03-05T09:21:51.004Z] GET /api/posts/background-color | Body: 0 | Token: eyJraWQi | Raw: GET|/api/posts/background-color|1772702511| | Sign: VNY1XSU9tPOLaNTbis3NIqWafC644+mvhPrZVpldI2k=
[2026-03-05T09:21:51.120Z] GET /api/friend/myFriends | Body: 0 | Token: eyJraWQi | Raw: GET|/api/friend/myFriends|1772702511| | Sign: rI0/++7Q+qGr1EumPFIMWc0RFfNNeq5Q0v6F3V/1XBg=
[2026-03-05T09:21:51.287Z] GET /api/user/me | Body: 0 | Token: eyJraWQi | Raw: GET|/api/user/me|1772702511| | Sign: D0R3T+ZYjxgvJZyztWiOaWAOKE3pEX+4jHDIv+9FVFY=
[2026-03-05T09:21:51.440Z] GET /api/missions/current-user | Body: 0 | Token: eyJraWQi | Raw: GET|/api/missions/current-user|1772702511| | Sign: p6t5iQUqUOdbz0ALQrHVWbho4omJVeDfotQDl2EW/dQ=
[2026-03-05T09:21:51.663Z] GET /api/reaction/list | Body: 0 | Token: eyJraWQi | Raw: GET|/api/reaction/list|1772702511| | Sign: 1EPrGlDR/+B+3qin2wcdHAFK+MIuhtdlSnrvBuh7jlQ=
[2026-03-05T09:21:51.804Z] GET /api/v1/notification/list | Body: 0 | Token: eyJraWQi | Raw: GET|/api/v1/notification/list|1772702511| | Sign: BjoK7AIesLbN0Cc2P1GWRiDWABhJWTYhaI9xJ5l6oVA=
[2026-03-05T09:21:51.923Z] GET /feed/home | Body: 0 | Token: eyJraWQi | Raw: GET|/feed/home|1772702511| | Sign: pz/teJVqWDCaYiCpXWvNjl0WNKb2/KA4w8PsmyTLwLw=
[2026-03-05T09:21:52.044Z] GET /api/surf/home | Body: 0 | Token: eyJraWQi | Raw: GET|/api/surf/home|1772702512| | Sign: zWpd+UUo3zrr9EsKp6fMGDjiRdL8BnJPtkQyOZB6TCM=
[2026-03-05T09:22:50.395Z] GET /api/user/me | Body: 0 | Token: eyJraWQi | Raw: GET|/api/user/me|1772702570| | Sign: uarpusbGuUYHFZDoaFkjG8A9NCCEj3WMgH5fmQt1UyQ=
[2026-03-05T09:22:50.658Z] GET /api/posts/background-color | Body: 0 | Token: eyJraWQi | Raw: GET|/api/posts/background-color|1772702570| | Sign: Uxl55kyk4Nas2sJm0N9vHNHqESKTWaQAJanbWHAPoBA=
[2026-03-05T09:22:50.779Z] GET /api/friend/myFriends | Body: 0 | Token: eyJraWQi | Raw: GET|/api/friend/myFriends|1772702570| | Sign: oD/EpgwnTrCy+hbUyhIw3IQCQiZVVoYvo5tOJCmVxaI=
[2026-03-05T09:22:50.936Z] GET /api/user/me | Body: 0 | Token: eyJraWQi | Raw: GET|/api/user/me|1772702570| | Sign: uarpusbGuUYHFZDoaFkjG8A9NCCEj3WMgH5fmQt1UyQ=
[2026-03-05T09:22:51.078Z] GET /api/missions/current-user | Body: 0 | Token: eyJraWQi | Raw: GET|/api/missions/current-user|1772702571| | Sign: JMZioLQVNuZltzq7cm2yEX4hHW6uf+Ue6gIDFd3i2/w=
[2026-03-05T09:22:51.250Z] GET /api/reaction/list | Body: 0 | Token: eyJraWQi | Raw: GET|/api/reaction/list|1772702571| | Sign: 6nFZyy7qTgmkNXw8e18aFmw75DsOojZBmRVig4FE/oY=
[2026-03-05T09:22:51.378Z] GET /api/v1/notification/list | Body: 0 | Token: eyJraWQi | Raw: GET|/api/v1/notification/list|1772702571| | Sign: IVrcJu4os40Gmv4PmLmMMW+nBPw1XM3MvasZoIpmgU0=
[2026-03-05T09:22:51.495Z] GET /feed/home | Body: 0 | Token: eyJraWQi | Raw: GET|/feed/home|1772702571| | Sign: v3jGirqXVF3EfjhXVWO/ioYBEiBYFM4CKRGMHci1MDI=
[2026-03-05T09:22:51.619Z] GET /api/surf/home | Body: 0 | Token: eyJraWQi | Raw: GET|/api/surf/home|1772702571| | Sign: yXcrJoWip5eIgU9TM5FLPOw3WzFDRNrzWtWiwCsdY3c=
[2026-03-05T09:23:50.399Z] GET /api/user/me | Body: 0 | Token: eyJraWQi | Raw: GET|/api/user/me|1772702630| | Sign: uSGZonasTo+5BrO8qwRviuVltPWt7rQkrvenvi4CqQ4=
[2026-03-05T09:23:50.663Z] GET /api/posts/background-color | Body: 0 | Token: eyJraWQi | Raw: GET|/api/posts/background-color|1772702630| | Sign: 9sA82z9hH0av4aSg5pf7uMB0wqoqvhVdYEw6JjuLzcI=
[2026-03-05T09:23:50.784Z] GET /api/friend/myFriends | Body: 0 | Token: eyJraWQi | Raw: GET|/api/friend/myFriends|1772702630| | Sign: mmlrE4X3EBW5q3F+Iemlm/cn2c2Jev9D/EaYR+NJuE8=
[2026-03-05T09:23:50.981Z] GET /api/user/me | Body: 0 | Token: eyJraWQi | Raw: GET|/api/user/me|1772702630| | Sign: uSGZonasTo+5BrO8qwRviuVltPWt7rQkrvenvi4CqQ4=
[2026-03-05T09:23:51.129Z] GET /api/missions/current-user | Body: 0 | Token: eyJraWQi | Raw: GET|/api/missions/current-user|1772702631| | Sign: Pv/DXwi0iDVvWDN/Oh07eLMF4BUqRUcfpzaSFYX+6ms=
[2026-03-05T09:23:51.314Z] GET /api/reaction/list | Body: 0 | Token: eyJraWQi | Raw: GET|/api/reaction/list|1772702631| | Sign: rmf75dC6zd5Cgm6bQF66XZ5IdV61gRq16m/D/L0NI4U=
[2026-03-05T09:23:51.442Z] GET /api/v1/notification/list | Body: 0 | Token: eyJraWQi | Raw: GET|/api/v1/notification/list|1772702631| | Sign: LPiy5ggTUPPt+kG/SVIBIxgTwjBKKy4RrQQ7qxTPQmo=
[2026-03-05T09:23:51.566Z] GET /feed/home | Body: 0 | Token: eyJraWQi | Raw: GET|/feed/home|1772702631| | Sign: /H0mfAG/yiGpZkSqtviLDAu0XLR1jpT49d0hP4RtjPY=
[2026-03-05T09:23:51.683Z] GET /api/surf/home | Body: 0 | Token: eyJraWQi | Raw: GET|/api/surf/home|1772702631| | Sign: Hf4wvHbDh95wyzYnkalFMjRvwu9rEh9XceaW/zTUkZ0=
[2026-03-05T09:24:50.400Z] GET /api/user/me | Body: 0 | Token: eyJraWQi | Raw: GET|/api/user/me|1772702690| | Sign: Mn0MibkREcz9yFzZe/xQpKxYWSeU4rYaih8Rb2zJGf0=
[2026-03-05T09:24:50.758Z] GET /api/posts/background-color | Body: 0 | Token: eyJraWQi | Raw: GET|/api/posts/background-color|1772702690| | Sign: rWznz+Lp6nn0dYnqJ1AlFEk1CFCQgxCxhx2ZNpbrj7k=
[2026-03-05T09:24:50.881Z] GET /api/friend/myFriends | Body: 0 | Token: eyJraWQi | Raw: GET|/api/friend/myFriends|1772702690| | Sign: ssChvIF3LOwfCKY7Yo5N+eKaROPKtg4HqcF4vjdYDD0=
[2026-03-05T09:24:51.037Z] GET /api/user/me | Body: 0 | Token: eyJraWQi | Raw: GET|/api/user/me|1772702691| | Sign: EFG+odN11OzRgeg9e+xI6GpONzsiOaBbf+iMGfTilyk=
[2026-03-05T09:24:51.194Z] GET /api/missions/current-user | Body: 0 | Token: eyJraWQi | Raw: GET|/api/missions/current-user|1772702691| | Sign: IdKDytVi/cL8hghqynyhk3cpTL2XvnMOgBbWVA34xAw=
[2026-03-05T09:24:51.343Z] GET /api/reaction/list | Body: 0 | Token: eyJraWQi | Raw: GET|/api/reaction/list|1772702691| | Sign: SUu3o2HDoDVuB7m/iW8El5p934ot/HvCmA310Xje+gw=
[2026-03-05T09:24:51.481Z] GET /api/v1/notification/list | Body: 0 | Token: eyJraWQi | Raw: GET|/api/v1/notification/list|1772702691| | Sign: G2CZKYTxDZRPmLy3TE0uVU6pcwDu2hs47asLzQ3V36E=
[2026-03-05T09:24:51.596Z] GET /feed/home | Body: 0 | Token: eyJraWQi | Raw: GET|/feed/home|1772702691| | Sign: MHjL8vHebXpHpuoFxFL4oX0niYVQF5vtqP1KlvwDqjE=
[2026-03-05T09:24:51.711Z] GET /api/surf/home | Body: 0 | Token: eyJraWQi | Raw: GET|/api/surf/home|1772702691| | Sign: hHgEzdSUXrL71gbkjZ0qeENjOTbpK5qfSMdFWswHLsY=
[2026-03-05T09:25:50.402Z] GET /api/user/me | Body: 0 | Token: eyJraWQi | Raw: GET|/api/user/me|1772702750| | Sign: iuysXkh4kxWrYznP6OsTbTQPLsDjmCo0LtWKjB//xSE=
[2026-03-05T09:25:50.760Z] GET /api/posts/background-color | Body: 0 | Token: eyJraWQi | Raw: GET|/api/posts/background-color|1772702750| | Sign: 4yHAJtSExMZBpiMFwwUXnex7hlelqk5bg7cWfVPsBr4=
[2026-03-05T09:25:50.876Z] GET /api/friend/myFriends | Body: 0 | Token: eyJraWQi | Raw: GET|/api/friend/myFriends|1772702750| | Sign: n7zs6bYjqq/UUk/wB8ggdz56Ub0UxCFV45PS0vFJyhg=
[2026-03-05T09:25:51.023Z] GET /api/user/me | Body: 0 | Token: eyJraWQi | Raw: GET|/api/user/me|1772702751| | Sign: 2Nj9obxJwB/H9BhaYE9uaDS+4QuYiSFxrdwnYhjNrKg=
[2026-03-05T09:25:51.160Z] GET /api/missions/current-user | Body: 0 | Token: eyJraWQi | Raw: GET|/api/missions/current-user|1772702751| | Sign: aVDncowDSVHMO2SSjTMBB4QcBBi1zgbFhI6AgV5z6tE=
[2026-03-05T09:25:51.299Z] GET /api/reaction/list | Body: 0 | Token: eyJraWQi | Raw: GET|/api/reaction/list|1772702751| | Sign: U0ucKILpJ0HNdeJ7OpuiWekdVt1s9sfP0TxEMpw5lEw=
[2026-03-05T09:25:51.421Z] GET /api/v1/notification/list | Body: 0 | Token: eyJraWQi | Raw: GET|/api/v1/notification/list|1772702751| | Sign: DrjUAHKFMDe+K/U5LrO50jCBFW41M8N9F3Q1pC5npUE=
[2026-03-05T09:25:51.539Z] GET /feed/home | Body: 0 | Token: eyJraWQi | Raw: GET|/feed/home|1772702751| | Sign: rgZMztK8w+rgI0LeB+dIMFBdeLqDojBrm/wQg8ZSXzI=
[2026-03-05T09:25:51.654Z] GET /api/surf/home | Body: 0 | Token: eyJraWQi | Raw: GET|/api/surf/home|1772702751| | Sign: 7sH2S/UBbawfUbokCK77xKy3UkIFIMvRfYCEqiDunV4=
[2026-03-05T09:26:50.416Z] GET /api/user/me | Body: 0 | Token: eyJraWQi | Raw: GET|/api/user/me|1772702810| | Sign: JWBR0eqCCggehPUaKDXftbqBrLI+eHU+3cVI1bCrmPY=
[2026-03-05T09:26:50.709Z] GET /api/posts/background-color | Body: 0 | Token: eyJraWQi | Raw: GET|/api/posts/background-color|1772702810| | Sign: qBRqk4oqIIhRYvsp7tvbMCMWf8h0ZTY5wlkWtDU9Mic=
[2026-03-05T09:26:50.828Z] GET /api/friend/myFriends | Body: 0 | Token: eyJraWQi | Raw: GET|/api/friend/myFriends|1772702810| | Sign: W8azDZt3hhl+J57bpVi2/MHjJ4L4pzp/dq59qIOoa04=
[2026-03-05T09:26:51.000Z] GET /api/user/me | Body: 0 | Token: eyJraWQi | Raw: GET|/api/user/me|1772702811| | Sign: UWfobHiVpQUmdSSzq3OPLvTDfRce4hlaeSfb5vuQCHA=
[2026-03-05T09:26:51.144Z] GET /api/missions/current-user | Body: 0 | Token: eyJraWQi | Raw: GET|/api/missions/current-user|1772702811| | Sign: 2EZL44QAGf3mAVFgii3CKOhS7e2ZUrnlhCf3nNKF81c=
[2026-03-05T09:26:51.286Z] GET /api/reaction/list | Body: 0 | Token: eyJraWQi | Raw: GET|/api/reaction/list|1772702811| | Sign: jNxVtaRAL7R5ZfAeAisVRJe04xR5E1G2ZhwNtmlVSqI=
[2026-03-05T09:26:51.411Z] GET /api/v1/notification/list | Body: 0 | Token: eyJraWQi | Raw: GET|/api/v1/notification/list|1772702811| | Sign: Rz39QuNl+AiJhkmBxuenZzNWMfxr5bqaENRtSiR599Q=
[2026-03-05T09:26:51.533Z] GET /feed/home | Body: 0 | Token: eyJraWQi | Raw: GET|/feed/home|1772702811| | Sign: j77q9AJpEdRyqIyFhe/2glzQGzlttTK7vovaV65yvm0=
[2026-03-05T09:26:51.657Z] GET /api/surf/home | Body: 0 | Token: eyJraWQi | Raw: GET|/api/surf/home|1772702811| | Sign: eJHodqNSJ3oYH2r8dT+SHifgR+RQIlt22eMn+ObuOkg=
[2026-03-05T09:27:50.421Z] GET /api/user/me | Body: 0 | Token: eyJraWQi | Raw: GET|/api/user/me|1772702870| | Sign: Z2osxQWpa5BjuiC98Ozxgc0b1SV3A5C0pT7aujedVPc=
[2026-03-05T09:27:50.710Z] GET /api/posts/background-color | Body: 0 | Token: eyJraWQi | Raw: GET|/api/posts/background-color|1772702870| | Sign: a1BmU7empaec82eOSDAtKhuZvlKQGTs8LwhgRRGOBhc=
[2026-03-05T09:27:50.829Z] GET /api/friend/myFriends | Body: 0 | Token: eyJraWQi | Raw: GET|/api/friend/myFriends|1772702870| | Sign: /t6SuUNC50tk0uFFutOMz0wByNav7YJBvuyq/3nYvBI=
[2026-03-05T09:27:50.979Z] GET /api/user/me | Body: 0 | Token: eyJraWQi | Raw: GET|/api/user/me|1772702870| | Sign: Z2osxQWpa5BjuiC98Ozxgc0b1SV3A5C0pT7aujedVPc=
[2026-03-05T09:27:51.131Z] GET /api/missions/current-user | Body: 0 | Token: eyJraWQi | Raw: GET|/api/missions/current-user|1772702871| | Sign: GAJVB0IChwd34CebYhfAoRxT1hvNHWwXzZd0WbLOuJg=
[2026-03-05T09:27:51.310Z] GET /api/reaction/list | Body: 0 | Token: eyJraWQi | Raw: GET|/api/reaction/list|1772702871| | Sign: bwp6owhzNaV0wR3WQ94jfN7d3gqU/w8vOYCUtEOKzts=
[2026-03-05T09:27:51.440Z] GET /api/v1/notification/list | Body: 0 | Token: eyJraWQi | Raw: GET|/api/v1/notification/list|1772702871| | Sign: agjsKs9K8pgMZN8U94y8osXQdNAK6qOMQk+2/1+78hE=
[2026-03-05T09:27:51.572Z] GET /feed/home | Body: 0 | Token: eyJraWQi | Raw: GET|/feed/home|1772702871| | Sign: Y+Zr1ZI6cbtWou/gG0KhuC/i72KEbXcyU0tL4dBbYnQ=
[2026-03-05T09:27:51.692Z] GET /api/surf/home | Body: 0 | Token: eyJraWQi | Raw: GET|/api/surf/home|1772702871| | Sign: ZaLoGukoEMGlL1YPGJSN0cN0o5EFos7nwG9Ie4BUCzQ=
[2026-03-05T09:28:50.426Z] POST /api/auth/login | Body: 57 | Token: None | Raw: POST|/api/auth/login|1772702930|{"username":"longh1248@gmail.com","password":"Admin@123"} | Sign: PzbuWxrvkS5ktGhMp1xNRKklOIkj4MfPG59S9gq4BQI=
[2026-03-05T09:29:00.856Z] GET /api/user/me | Body: 0 | Token: eyJraWQi | Raw: GET|/api/user/me|1772702940| | Sign: QGhzlK1fjvggfNlOmfl9ywFBPOrhJ0STrcO7zyGth0c=
[2026-03-05T09:29:07.478Z] GET /api/posts/background-color | Body: 0 | Token: eyJraWQi | Raw: GET|/api/posts/background-color|1772702947| | Sign: +lALwghac3d0iT/+sdddYOYJAu6dVZLhutqb1wOEK1o=
[2026-03-05T09:29:07.819Z] GET /api/friend/myFriends | Body: 0 | Token: eyJraWQi | Raw: GET|/api/friend/myFriends|1772702947| | Sign: 1+VwgHkJL/lpbx10EfNg03x1K2wNMVNgvTcMkxAQJFg=
[2026-03-05T09:29:08.045Z] GET /api/user/me | Body: 0 | Token: eyJraWQi | Raw: GET|/api/user/me|1772702948| | Sign: /l8Vby2S2kr8awv0KE7lHoS0Y5oHXQ+xrxppt1TfY9Y=
[2026-03-05T09:29:08.258Z] GET /api/missions/current-user | Body: 0 | Token: eyJraWQi | Raw: GET|/api/missions/current-user|1772702948| | Sign: Avc/iy8UUK4O2wFJNQjeGwzhX4Rsco904Tqx2ucbvHI=
[2026-03-05T09:29:08.480Z] GET /api/reaction/list | Body: 0 | Token: eyJraWQi | Raw: GET|/api/reaction/list|1772702948| | Sign: a3slX3XL8W72bYL0qxCDTc3EzIpXD5UBzH5EsFj1fyc=
[2026-03-05T09:29:08.661Z] GET /api/v1/notification/list | Body: 0 | Token: eyJraWQi | Raw: GET|/api/v1/notification/list|1772702948| | Sign: 9A1OuceN0LwogjwwvEUq+r2B5t9acPxgMB6mzbJIP1w=
[2026-03-05T09:29:08.827Z] GET /feed/home | Body: 0 | Token: eyJraWQi | Raw: GET|/feed/home|1772702948| | Sign: evi8UmZG+X/4xQYRzizDbkDzer/sZL74Pr7nK96M8l0=
[2026-03-05T09:29:08.994Z] GET /api/surf/home | Body: 0 | Token: eyJraWQi | Raw: GET|/api/surf/home|1772702948| | Sign: BQWUWFnn6CPsdR+q1jWAk+KbtRCBP/mr6DtKLFI3xos=
[2026-03-05T09:29:50.437Z] GET /api/user/me | Body: 0 | Token: eyJraWQi | Raw: GET|/api/user/me|1772702990| | Sign: Myu2uTxcS6GRxj65voxvtThDNdAfKXjfjl7UoCSISFk=
[2026-03-05T09:29:50.771Z] GET /api/posts/background-color | Body: 0 | Token: eyJraWQi | Raw: GET|/api/posts/background-color|1772702990| | Sign: YloFSoCUVzw7+dOSUf5qphR4WktL3Tc7QnY/I81ukaY=
[2026-03-05T09:29:50.883Z] GET /api/friend/myFriends | Body: 0 | Token: eyJraWQi | Raw: GET|/api/friend/myFriends|1772702990| | Sign: SW5p8DiPjv/xQOFw+eY/qk5znxod243Hrpwhh27YqZY=
[2026-03-05T09:29:51.055Z] GET /api/user/me | Body: 0 | Token: eyJraWQi | Raw: GET|/api/user/me|1772702991| | Sign: QmzNzytYc1N88DwlJIqKlrimpXCzUq0hB5w2Ey57w04=
[2026-03-05T09:29:51.198Z] GET /api/missions/current-user | Body: 0 | Token: eyJraWQi | Raw: GET|/api/missions/current-user|1772702991| | Sign: hIh5g7eXAUid+z9oz/j21FLx1RLWRUTyZjKsrgVgbd0=
[2026-03-05T09:29:51.403Z] GET /api/reaction/list | Body: 0 | Token: eyJraWQi | Raw: GET|/api/reaction/list|1772702991| | Sign: A005P8S9L2w6J+swT4dhFPj6RdaPmyXCwrueEVKlO38=
[2026-03-05T09:29:51.513Z] GET /api/v1/notification/list | Body: 0 | Token: eyJraWQi | Raw: GET|/api/v1/notification/list|1772702991| | Sign: VPXG+ac9VLTvk+sFYoE322x0pErkA5AizuEJ3lEREvk=
[2026-03-05T09:29:51.621Z] GET /feed/home | Body: 0 | Token: eyJraWQi | Raw: GET|/feed/home|1772702991| | Sign: /z43EoFjvEGcphG57iOrHtEmNsA//L/+Sjur1j4wr5I=
[2026-03-05T09:29:51.735Z] GET /api/surf/home | Body: 0 | Token: eyJraWQi | Raw: GET|/api/surf/home|1772702991| | Sign: koKa+55OeBwcjbJQgThQQIcqJwp+mZMIXxGmp7R/zVw=
[2026-03-05T09:30:50.441Z] GET /api/user/me | Body: 0 | Token: eyJraWQi | Raw: GET|/api/user/me|1772703050| | Sign: dALMx8JLTT8R+WBT7kH847GN7A3B2BUjr1T6+SnAOP8=
[2026-03-05T09:30:51.199Z] GET /api/posts/background-color | Body: 0 | Token: eyJraWQi | Raw: GET|/api/posts/background-color|1772703051| | Sign: FMq3B2NivcvWCuMk4ZsM83NSM+H/LKej7wELDbZvn3U=
[2026-03-05T09:30:51.367Z] GET /api/friend/myFriends | Body: 0 | Token: eyJraWQi | Raw: GET|/api/friend/myFriends|1772703051| | Sign: RKcRp9Wk0riAa3zSeBuAR7ImI0I8bbwuJXWwphFRLYE=
[2026-03-05T09:30:51.686Z] GET /api/user/me | Body: 0 | Token: eyJraWQi | Raw: GET|/api/user/me|1772703051| | Sign: xdAbb1zbyA8rw64Td1z91aFtCschMMGZWHDt3iztAec=
[2026-03-05T09:30:51.895Z] GET /api/missions/current-user | Body: 0 | Token: eyJraWQi | Raw: GET|/api/missions/current-user|1772703051| | Sign: Bf3EqQ64adxheWmb0/15NmMit74imKI4xT5V0F/139M=
[2026-03-05T09:30:52.161Z] GET /api/reaction/list | Body: 0 | Token: eyJraWQi | Raw: GET|/api/reaction/list|1772703052| | Sign: mMKeF6Nax63AlQbccSWrT78nDjALX3gy7DmPVBVBtKg=
[2026-03-05T09:30:52.394Z] GET /api/v1/notification/list | Body: 0 | Token: eyJraWQi | Raw: GET|/api/v1/notification/list|1772703052| | Sign: r1w6PAOOfX2K8tnOX80rO/AI8PcbMb+O7FErGHLStXQ=
[2026-03-05T09:30:52.577Z] GET /feed/home | Body: 0 | Token: eyJraWQi | Raw: GET|/feed/home|1772703052| | Sign: 0d9LjzLU/44ZIkiFGmlYSuWYFtek8sWd8n1neWbj0D8=
[2026-03-05T09:30:52.762Z] GET /api/surf/home | Body: 0 | Token: eyJraWQi | Raw: GET|/api/surf/home|1772703052| | Sign: H1Q78+7KvqjBDH5z8CiljkzT9dV7qoIn3NZYdrk55TY=
[2026-03-05T09:31:50.449Z] GET /api/user/me | Body: 0 | Token: eyJraWQi | Raw: GET|/api/user/me|1772703110| | Sign: FR1HhRVNR+BBuPf3HEAGKcp6g+J94eUVJvLTpgw3iGc=
[2026-03-05T09:31:50.743Z] GET /api/posts/background-color | Body: 0 | Token: eyJraWQi | Raw: GET|/api/posts/background-color|1772703110| | Sign: 5d5pvsVvhimM4kdb4RA3S5xxtjne7/8kgkd7BDPyZTs=
[2026-03-05T09:31:50.865Z] GET /api/friend/myFriends | Body: 0 | Token: eyJraWQi | Raw: GET|/api/friend/myFriends|1772703110| | Sign: pEIKeUczhDYuV1tPUa0EOnOj/eoJdcZs2SQoKPpAPrI=
[2026-03-05T09:31:51.056Z] GET /api/user/me | Body: 0 | Token: eyJraWQi | Raw: GET|/api/user/me|1772703111| | Sign: US2J09qFnR1Db+GWsKz4ys3T59YDPnVWM9wPi2s4I9E=
[2026-03-05T09:31:51.254Z] GET /api/missions/current-user | Body: 0 | Token: eyJraWQi | Raw: GET|/api/missions/current-user|1772703111| | Sign: m3bH81JyAn+b85kIeBk6DeKN5W2bxdF4+epvXBoYrHY=
[2026-03-05T09:31:51.414Z] GET /api/reaction/list | Body: 0 | Token: eyJraWQi | Raw: GET|/api/reaction/list|1772703111| | Sign: X9MUEXS/POZ9AcNvTnXJw9Q/Q6wMk9Bso3ORGRXBoKw=
[2026-03-05T09:31:51.550Z] GET /api/v1/notification/list | Body: 0 | Token: eyJraWQi | Raw: GET|/api/v1/notification/list|1772703111| | Sign: DKYqnJ/2D4YPjHxXTkjRu+T0awrCvF6TJsPLdxLAxHU=
[2026-03-05T09:31:51.679Z] GET /feed/home | Body: 0 | Token: eyJraWQi | Raw: GET|/feed/home|1772703111| | Sign: jBL81sIi5DIYvwSD/mylKFoUv+/5uPzNa8dvyElB3jc=
[2026-03-05T09:31:51.798Z] GET /api/surf/home | Body: 0 | Token: eyJraWQi | Raw: GET|/api/surf/home|1772703111| | Sign: lBvocST6bbVgcOkQKWlObSCoSoJpLwsgmwHjnr1/WUk=
[2026-03-05T09:32:50.462Z] GET /api/user/me | Body: 0 | Token: eyJraWQi | Raw: GET|/api/user/me|1772703170| | Sign: 24UABlZc/N7S3ZFuT0BG9uKtMhWxzYq8GmxyDZP13RM=
[2026-03-05T09:32:50.951Z] GET /api/posts/background-color | Body: 0 | Token: eyJraWQi | Raw: GET|/api/posts/background-color|1772703170| | Sign: t90oOLVNX/ALzs8IrzW9f9+ttVDKO1isemGU9hjUEr8=
[2026-03-05T09:32:51.120Z] GET /api/friend/myFriends | Body: 0 | Token: eyJraWQi | Raw: GET|/api/friend/myFriends|1772703171| | Sign: aHQvt3r9QZ0z5IZu0WflNoU8yqJHJGYmT56a5zsP6do=
[2026-03-05T09:32:51.323Z] GET /api/user/me | Body: 0 | Token: eyJraWQi | Raw: GET|/api/user/me|1772703171| | Sign: oCACGA12eTgCURKJm3VV9rcA75wEEK/prL697d8DajM=
[2026-03-05T09:32:51.531Z] GET /api/missions/current-user | Body: 0 | Token: eyJraWQi | Raw: GET|/api/missions/current-user|1772703171| | Sign: PweZnCT7knSGX048DlhdNyA4/Oi4QF+pFUK0mk42R+E=
[2026-03-05T09:32:51.712Z] GET /api/reaction/list | Body: 0 | Token: eyJraWQi | Raw: GET|/api/reaction/list|1772703171| | Sign: qpOVnQ62MMQvN/cG/E4N/CdBfZWJPaPZN7CC00yODiE=
[2026-03-05T09:32:51.898Z] GET /api/v1/notification/list | Body: 0 | Token: eyJraWQi | Raw: GET|/api/v1/notification/list|1772703171| | Sign: oEmaoPZwoQbVFQVIQPEElEcAADuIVgwKIuQjNowGrik=
[2026-03-05T09:32:52.069Z] GET /feed/home | Body: 0 | Token: eyJraWQi | Raw: GET|/feed/home|1772703172| | Sign: 31lrPTE/HGLMjo5o+eNKiFsQXb40EBOwBrgRne8O4Ww=
[2026-03-05T09:32:52.239Z] GET /api/surf/home | Body: 0 | Token: eyJraWQi | Raw: GET|/api/surf/home|1772703172| | Sign: W1L4jxaocDyN4EJuFRHvBibiYHI1Qqattf/OgGhGRpA=
[2026-03-05T09:33:50.478Z] GET /api/user/me | Body: 0 | Token: eyJraWQi | Raw: GET|/api/user/me|1772703230| | Sign: lF3QtaVSl9Nzbf+WRS815mRwU/K7pJEMRh+Smh0Z3qQ=
[2026-03-05T09:33:50.797Z] GET /api/posts/background-color | Body: 0 | Token: eyJraWQi | Raw: GET|/api/posts/background-color|1772703230| | Sign: UfXJrTUElXtugUnnn0C/Ar72u8t7FdVdgqLrDihPjdw=
[2026-03-05T09:33:50.964Z] GET /api/friend/myFriends | Body: 0 | Token: eyJraWQi | Raw: GET|/api/friend/myFriends|1772703230| | Sign: qqiqbZxGpbrYY+FVG50FeD7E5xE66fStk9tdX0/YCdc=
[2026-03-05T09:33:51.163Z] GET /api/user/me | Body: 0 | Token: eyJraWQi | Raw: GET|/api/user/me|1772703231| | Sign: yFJPh75RIARlVq718VCHyX8et7m2q38lKbjUipX8CNI=
[2026-03-05T09:33:51.356Z] GET /api/missions/current-user | Body: 0 | Token: eyJraWQi | Raw: GET|/api/missions/current-user|1772703231| | Sign: lkiaBP7Gg9zCHUxTtF4O8jInI98l7FavIpj3avofwTc=
[2026-03-05T09:33:51.565Z] GET /api/reaction/list | Body: 0 | Token: eyJraWQi | Raw: GET|/api/reaction/list|1772703231| | Sign: 9JO92A5e/vQ324f4NYLa3Tklafe6GBPTCdYYfGyGvcw=
[2026-03-05T09:33:51.747Z] GET /api/v1/notification/list | Body: 0 | Token: eyJraWQi | Raw: GET|/api/v1/notification/list|1772703231| | Sign: N81gUA72/rSsyvqi2mHspJ4HWhzSTE7r8RKudWEetoI=
[2026-03-05T09:33:51.917Z] GET /feed/home | Body: 0 | Token: eyJraWQi | Raw: GET|/feed/home|1772703231| | Sign: +Rh93qyFxboVv/qcFrhZmy5Av0i/kVQAfpR/kaxwRzE=
[2026-03-05T09:33:52.090Z] GET /api/surf/home | Body: 0 | Token: eyJraWQi | Raw: GET|/api/surf/home|1772703232| | Sign: NR9ep9Usvu38NvGij7EhRykPhAzr4qwMD1HqbNCSfXY=
[2026-03-05T09:34:50.479Z] GET /api/user/me | Body: 0 | Token: eyJraWQi | Raw: GET|/api/user/me|1772703290| | Sign: enxOXTfXg40pALcESenyFaze47q352DU/5OXuvUBz6Q=
[2026-03-05T09:34:50.791Z] GET /api/posts/background-color | Body: 0 | Token: eyJraWQi | Raw: GET|/api/posts/background-color|1772703290| | Sign: 24t7Z8k71eIQiaAhW23bwGuvkMreO3zuLJokYb+ZKkU=
[2026-03-05T09:34:50.907Z] GET /api/friend/myFriends | Body: 0 | Token: eyJraWQi | Raw: GET|/api/friend/myFriends|1772703290| | Sign: dW/RTaJd2MhQOR7z10M3MYmfMocqWl08PQqGHRjkn+s=
[2026-03-05T09:34:51.061Z] GET /api/user/me | Body: 0 | Token: eyJraWQi | Raw: GET|/api/user/me|1772703291| | Sign: 6cuF8uhumtJNYVb2gZNUng90TcBcLfeBJ2F563FuCoQ=
[2026-03-05T09:34:51.215Z] GET /api/missions/current-user | Body: 0 | Token: eyJraWQi | Raw: GET|/api/missions/current-user|1772703291| | Sign: 8H+rUc0vHKrbpGAuvaaDzikxQyUHV88y2wmrP8XY590=
[2026-03-05T09:34:51.329Z] GET /api/reaction/list | Body: 0 | Token: eyJraWQi | Raw: GET|/api/reaction/list|1772703291| | Sign: sV1y4egeydLSPDJz+eY+zvRtloO2luLJz87Pa7qtlzk=
[2026-03-05T09:34:51.472Z] GET /api/v1/notification/list | Body: 0 | Token: eyJraWQi | Raw: GET|/api/v1/notification/list|1772703291| | Sign: 8nBFqrHWO4CbnfC0tFadnKx15gMj3A7VeQxBlxW7Tqc=
[2026-03-05T09:34:51.585Z] GET /feed/home | Body: 0 | Token: eyJraWQi | Raw: GET|/feed/home|1772703291| | Sign: eLx9s9gYcMqVv8wcRJdP0TGafqQ1MASsHn29P1Gd/Zw=
[2026-03-05T09:34:51.700Z] GET /api/surf/home | Body: 0 | Token: eyJraWQi | Raw: GET|/api/surf/home|1772703291| | Sign: f1NJn5a6Zv40rJclFOrU5At4qGb0RaGHghhH4Yd3/Tg=
[2026-03-05T09:35:50.488Z] GET /api/user/me | Body: 0 | Token: eyJraWQi | Raw: GET|/api/user/me|1772703350| | Sign: d55j6oWK+g93BTbM1her1RCClEUukDSiMl9DvT5RA+E=
[2026-03-05T09:35:50.835Z] GET /api/posts/background-color | Body: 0 | Token: eyJraWQi | Raw: GET|/api/posts/background-color|1772703350| | Sign: etOlccTgTDjDcSXA/TXNb1pFuBFGJ3qjKKIqS7nYzgs=
[2026-03-05T09:35:50.958Z] GET /api/friend/myFriends | Body: 0 | Token: eyJraWQi | Raw: GET|/api/friend/myFriends|1772703350| | Sign: iH7jEFWDfRgcusaW+4Cm5s8fnuNQJwivXXPnHeKhXb8=
[2026-03-05T09:35:51.128Z] GET /api/user/me | Body: 0 | Token: eyJraWQi | Raw: GET|/api/user/me|1772703351| | Sign: Gzzd9deIYdXb5sbu5GAKuFooC9U4SkqbwWzw6NXk0qc=
[2026-03-05T09:35:51.287Z] GET /api/missions/current-user | Body: 0 | Token: eyJraWQi | Raw: GET|/api/missions/current-user|1772703351| | Sign: XQDTmMYYOZb2OJ48Bq456HGNqV24N9HE0G+Kq66n0Gg=
[2026-03-05T09:35:51.433Z] GET /api/reaction/list | Body: 0 | Token: eyJraWQi | Raw: GET|/api/reaction/list|1772703351| | Sign: aj0g/64d3QVBijIWg4/trlI89emLVs516gspYbtmk7M=
[2026-03-05T09:35:51.567Z] GET /api/v1/notification/list | Body: 0 | Token: eyJraWQi | Raw: GET|/api/v1/notification/list|1772703351| | Sign: 1VATXWtQAiQ0bZdkF04IU5JFCjNIUE6msRhPG/LB5ZQ=
[2026-03-05T09:35:51.685Z] GET /feed/home | Body: 0 | Token: eyJraWQi | Raw: GET|/feed/home|1772703351| | Sign: JleegZt+uAdKDwp51Nbo3cyNPDIcZZwaOJLCZKkwagk=
[2026-03-05T09:35:51.843Z] GET /api/surf/home | Body: 0 | Token: eyJraWQi | Raw: GET|/api/surf/home|1772703351| | Sign: 1ZXL+10L5b4F1m4YSF+kqWaeXlzp7Z2mI2laMJCcz+4=
[2026-03-05T09:36:50.501Z] GET /api/user/me | Body: 0 | Token: eyJraWQi | Raw: GET|/api/user/me|1772703410| | Sign: b9lMEG/UlfhSDFlYfNYPVToVtipn5z/7ITKHZG+IXeI=
[2026-03-05T09:36:50.946Z] GET /api/posts/background-color | Body: 0 | Token: eyJraWQi | Raw: GET|/api/posts/background-color|1772703410| | Sign: JLKrGFNjjCX+58c0rCZlnKnJEnFDvp0nTTddFXlPf9g=
[2026-03-05T09:36:51.058Z] GET /api/friend/myFriends | Body: 0 | Token: eyJraWQi | Raw: GET|/api/friend/myFriends|1772703411| | Sign: 2FGoRQaodNSBLIg1CqrvMHp0UO8QboVfQQUH8uLdyP8=
[2026-03-05T09:36:51.242Z] GET /api/user/me | Body: 0 | Token: eyJraWQi | Raw: GET|/api/user/me|1772703411| | Sign: 4N/WAS8xETkMTYzFptHrNUjlJjKaZ+Fd/L8BMYd3UKw=
[2026-03-05T09:36:51.406Z] GET /api/missions/current-user | Body: 0 | Token: eyJraWQi | Raw: GET|/api/missions/current-user|1772703411| | Sign: /tSgdDLLhIWbGPMW6j9R96KgQHVaOjHRVJcOdmqrlfE=
[2026-03-05T09:36:51.522Z] GET /api/reaction/list | Body: 0 | Token: eyJraWQi | Raw: GET|/api/reaction/list|1772703411| | Sign: MXPDgTkpZdOo4hf2dxnwrOSutcJ95M99QVSgPbI0oeA=
[2026-03-05T09:36:51.696Z] GET /api/v1/notification/list | Body: 0 | Token: eyJraWQi | Raw: GET|/api/v1/notification/list|1772703411| | Sign: bZyMmfpgeUPiU90tUC9togb+K6Z6SzCUU3cvX1+kE/Y=
[2026-03-05T09:36:51.804Z] GET /feed/home | Body: 0 | Token: eyJraWQi | Raw: GET|/feed/home|1772703411| | Sign: ZPfBbbhc+Y/FxPF33dGvIigd9O0tkGhVPoj3Bhnzk/k=
[2026-03-05T09:36:51.954Z] GET /api/surf/home | Body: 0 | Token: eyJraWQi | Raw: GET|/api/surf/home|1772703411| | Sign: CPiRKXC9TlPNcAsQT9e6MqsQCc2lSp8H7FJltT90cr4=
[2026-03-05T09:37:50.507Z] GET /api/user/me | Body: 0 | Token: eyJraWQi | Raw: GET|/api/user/me|1772703470| | Sign: ZU39rStUu0V/ozbKhYshdeR3dmcOPBEEH4asIQzL8WU=
[2026-03-05T09:37:50.838Z] GET /api/posts/background-color | Body: 0 | Token: eyJraWQi | Raw: GET|/api/posts/background-color|1772703470| | Sign: 4gJgfYpWHlCMsWcdeQwdKsuzc7fijAifmgGbp8HX2VU=
[2026-03-05T09:37:50.949Z] GET /api/friend/myFriends | Body: 0 | Token: eyJraWQi | Raw: GET|/api/friend/myFriends|1772703470| | Sign: Lt/gnF9CZKMLeYxCS38nS5KZvO0Fnzx8kRzUaYzE/A4=
[2026-03-05T09:37:51.102Z] GET /api/user/me | Body: 0 | Token: eyJraWQi | Raw: GET|/api/user/me|1772703471| | Sign: UhSLd0UuuePWpOPrnA7Ii8lDkU3/xJIwGATITML1hV4=
[2026-03-05T09:37:51.250Z] GET /api/missions/current-user | Body: 0 | Token: eyJraWQi | Raw: GET|/api/missions/current-user|1772703471| | Sign: 5s4InS3od93n/mYknSYuQiiSW0Vs7IyS2TLczhowOXY=
[2026-03-05T09:37:51.433Z] GET /api/reaction/list | Body: 0 | Token: eyJraWQi | Raw: GET|/api/reaction/list|1772703471| | Sign: V6fYhIP2E1sbYsfMkpEr55sXGgp0tNEd0+hZfmGyGeU=
[2026-03-05T09:37:51.552Z] GET /api/v1/notification/list | Body: 0 | Token: eyJraWQi | Raw: GET|/api/v1/notification/list|1772703471| | Sign: 4qPVAeoZt+i6F+e87P33/9lcFHIQv6NfBOYBSZxa7rQ=
[2026-03-05T09:37:51.664Z] GET /feed/home | Body: 0 | Token: eyJraWQi | Raw: GET|/feed/home|1772703471| | Sign: yAl1utB2TfI5BBvFeNNTADAMCYd2a0Yu8Ohx+LvqKuI=
[2026-03-05T09:37:51.781Z] GET /api/surf/home | Body: 0 | Token: eyJraWQi | Raw: GET|/api/surf/home|1772703471| | Sign: ezmxvCTqlEAcM1MbNtfaCz37bwrBs7RwuBPUFz5zHr4=
[2026-03-05T09:38:50.517Z] GET /api/user/me | Body: 0 | Token: eyJraWQi | Raw: GET|/api/user/me|1772703530| | Sign: 5NxYEcBbx2MflfWrq+c/xMRJAehQgPMrsLcg7vZE6Wk=
[2026-03-05T09:38:50.767Z] GET /api/posts/background-color | Body: 0 | Token: eyJraWQi | Raw: GET|/api/posts/background-color|1772703530| | Sign: nwkc6VayLruJI/eBTw0J5hR2Ouj3a/0te9hjnpYCio0=
[2026-03-05T09:38:50.881Z] GET /api/friend/myFriends | Body: 0 | Token: eyJraWQi | Raw: GET|/api/friend/myFriends|1772703530| | Sign: MKIjEIfogjsZNKzB3em39x+URREV9tW1ojlbHLAG2ho=
[2026-03-05T09:38:51.045Z] GET /api/user/me | Body: 0 | Token: eyJraWQi | Raw: GET|/api/user/me|1772703531| | Sign: V39NKKeDRsrgHciJYtltJ55X30P8j2/RNnoFdhvqHDY=
[2026-03-05T09:38:51.186Z] GET /api/missions/current-user | Body: 0 | Token: eyJraWQi | Raw: GET|/api/missions/current-user|1772703531| | Sign: yJcE96Yz/T3cFqgoj48P2Q+rU/dQIx7Moy//2o9n2EA=
[2026-03-05T09:38:51.369Z] GET /api/reaction/list | Body: 0 | Token: eyJraWQi | Raw: GET|/api/reaction/list|1772703531| | Sign: D34Jl4pqgFVf3a+3SLTM5Qa9vNCKCNA8+MQmGaDLFKc=
[2026-03-05T09:38:51.486Z] GET /api/v1/notification/list | Body: 0 | Token: eyJraWQi | Raw: GET|/api/v1/notification/list|1772703531| | Sign: 0EzFrHn9nmkockX+0vJAp3SfMSUNPmWyGbaOqzRlBnc=
[2026-03-05T09:38:51.599Z] GET /feed/home | Body: 0 | Token: eyJraWQi | Raw: GET|/feed/home|1772703531| | Sign: ynV9cqLPjRWlKXsEDmEGUKOkqrC/UpscJvzitj+80FE=
[2026-03-05T09:38:51.712Z] GET /api/surf/home | Body: 0 | Token: eyJraWQi | Raw: GET|/api/surf/home|1772703531| | Sign: uGRs2dMZZMLfoepOKfU9GHca380XQq3L274qqOH9rLM=
[2026-03-05T09:39:50.534Z] GET /api/user/me | Body: 0 | Token: eyJraWQi | Raw: GET|/api/user/me|1772703590| | Sign: NM0JY9cCTgzdtkj/jFe9FhZzsANxs72QDUziGTWknfs=
[2026-03-05T09:39:50.871Z] GET /api/posts/background-color | Body: 0 | Token: eyJraWQi | Raw: GET|/api/posts/background-color|1772703590| | Sign: R6JFaEUO036edUn9oTaBvtHatSq/8MJFTVFmmHn+D/k=
[2026-03-05T09:39:50.991Z] GET /api/friend/myFriends | Body: 0 | Token: eyJraWQi | Raw: GET|/api/friend/myFriends|1772703590| | Sign: QpOh/HlYo1N9HC0OdOycXtB1XCnSzdaApIeVpU4NTKE=
[2026-03-05T09:39:51.147Z] GET /api/user/me | Body: 0 | Token: eyJraWQi | Raw: GET|/api/user/me|1772703591| | Sign: LAJjtQAWr3ZrYx5/+Zdf31V0k9L6J5aCVmOhoaGl6u4=
[2026-03-05T09:39:51.293Z] GET /api/missions/current-user | Body: 0 | Token: eyJraWQi | Raw: GET|/api/missions/current-user|1772703591| | Sign: +d8CHm0K93xt0C4NehyzA1Sg77TWhlvgZhlgGV7MMS8=
[2026-03-05T09:39:51.437Z] GET /api/reaction/list | Body: 0 | Token: eyJraWQi | Raw: GET|/api/reaction/list|1772703591| | Sign: luYoURDSWTbVrAGhBay3WIKYlP+gsYxfXZjburjiZUM=
[2026-03-05T09:39:51.564Z] GET /api/v1/notification/list | Body: 0 | Token: eyJraWQi | Raw: GET|/api/v1/notification/list|1772703591| | Sign: 1oof2a9csQu7S9t15TvZoQYgmcSqV2x7NNOPExW7vEo=
[2026-03-05T09:39:51.683Z] GET /feed/home | Body: 0 | Token: eyJraWQi | Raw: GET|/feed/home|1772703591| | Sign: +9UNHULFcZFE4q/UNkLyedQ5GLmzAau4yfA5k2/oh+A=
[2026-03-05T09:39:51.803Z] GET /api/surf/home | Body: 0 | Token: eyJraWQi | Raw: GET|/api/surf/home|1772703591| | Sign: rByR94ahzbeculzm2AgebHZceIPCQdK7AE+o0AKApWo=
