{"level":20,"time":"14:35:48.344","logger":"LoginService","config":{"KONG_URL":"https://social.eric.pro.vn","INTERVAL_MS":60000,"RUN_ONCE":false,"PROXY_REQUIRED":false,"AUTO_FETCH_OTP":true,"AUTO_RESEND":true,"OTP_TIMEOUT_MS":30000,"OTP_POLL_MS":300,"OTP_VERIFY_RETRY":5,"VERIFY_WINDOW_MS":180000,"RESEND_WINDOW_MS":120000,"MAX_RESEND":2,"OTP_DEBUG_PATH_REDIS":"/auth/debug/redis-otp","LOG_LEVEL":"debug","LOG_VERBOSE":false,"UPSTASH_REDIS_REST_URL":"","UPSTASH_REDIS_REST_TOKEN":""},"msg":"Service_CONFIG"}
{"level":20,"time":"14:35:48.344","logger":"LoginService","reason":"startup","msg":"JOB_START"}
{"level":20,"time":"14:35:48.372","logger":"LoginService","msg":"Loaded 2 accounts from database."}
{"level":30,"time":"14:35:48.373","logger":"LoginService","msg":"Starting login flow for accounts..."}
{"level":20,"time":"14:35:48.373","logger":"LoginService","accounts":2,"msg":"ACCOUNTS_LOADED"}
{"level":30,"time":"14:35:48.374","logger":"LoginService","row":1,"phone":"kyohi2286@proton.me","password":"***len=9","msg":"ACCOUNT_START"}
{"level":30,"time":"14:35:48.415","logger":"LoginService","row":2,"phone":"kyohi3108@proton.me","password":"***len=9","msg":"ACCOUNT_START"}
{"level":20,"time":"14:35:48.441","logger":"LoginService","phone":"kyohi3108@proton.me","msg":"REFRESHING"}
{"level":30,"time":"14:35:49.036","logger":"LoginService","phone":"kyohi2286@proton.me","deviceId":"F2A7D9C1-6E3B-4D84-8A1F-9B5C2E7D0A4F","userAgent":"ERIC/1.0.0 (iOS; 18.6.2; iPhone 16 Plus)","access":{"present":true,"validJwt":true,"sub":"kyohi.1774939310625251437","id":8646911284551382000,"clientType":"mobile","deviceId":"F2A7D9C1-6E3B-4D84-8A1F-9B5C2E7D0A4F","iat":1774967749,"exp":1774968649},"refresh":{"present":true,"validJwt":true,"sub":"kyohi.1774939310625251437","id":8646911284551382000,"clientType":"mobile","deviceId":"F2A7D9C1-6E3B-4D84-8A1F-9B5C2E7D0A4F","iat":1774967749,"exp":1775572549},"msg":"LOGIN_PASS_TOKEN_SUMMARY"}
{"level":20,"time":"14:35:49.036","logger":"LoginService","msg":"LOGIN_PASS_SUCCESS"}
{"level":30,"time":"14:35:49.058","logger":"LoginService","phone":"kyohi2286@proton.me","deviceId":"F2A7D9C1-6E3B-4D84-8A1F-9B5C2E7D0A4F","userAgent":"ERIC/1.0.0 (iOS; 18.6.2; iPhone 16 Plus)","access":{"present":true,"validJwt":true,"sub":"kyohi.1774939310625251437","id":8646911284551382000,"clientType":"mobile","deviceId":"F2A7D9C1-6E3B-4D84-8A1F-9B5C2E7D0A4F","iat":1774967749,"exp":1774968649},"msg":"GET_ME_TOKEN_SUMMARY"}
{"level":30,"time":"14:35:49.286","logger":"LoginService","phone":"kyohi3108@proton.me","deviceId":"1A3E5F9C-2B8D-470A-A1F3-8C2E4D9B6A1F","userAgent":"ERIC/1.2.0 (Android; 13; Oppo Find X6)","access":{"present":true,"validJwt":true,"sub":"kyomask.1774940413791076698","id":4611686018427388000,"clientType":"mobile","deviceId":"1A3E5F9C-2B8D-470A-A1F3-8C2E4D9B6A1F","iat":1774967749,"exp":1774968649},"refresh":{"present":true,"validJwt":true,"sub":"kyomask.1774940413791076698","id":4611686018427388000,"clientType":"mobile","deviceId":"1A3E5F9C-2B8D-470A-A1F3-8C2E4D9B6A1F","iat":1774967749,"exp":1775572549},"msg":"LOGIN_PASS_TOKEN_SUMMARY"}
{"level":20,"time":"14:35:49.286","logger":"LoginService","msg":"LOGIN_PASS_SUCCESS"}
{"level":30,"time":"14:35:49.309","logger":"LoginService","phone":"kyohi3108@proton.me","deviceId":"1A3E5F9C-2B8D-470A-A1F3-8C2E4D9B6A1F","userAgent":"ERIC/1.2.0 (Android; 13; Oppo Find X6)","access":{"present":true,"validJwt":true,"sub":"kyomask.1774940413791076698","id":4611686018427388000,"clientType":"mobile","deviceId":"1A3E5F9C-2B8D-470A-A1F3-8C2E4D9B6A1F","iat":1774967749,"exp":1774968649},"msg":"GET_ME_TOKEN_SUMMARY"}
{"level":30,"time":"14:35:49.311","logger":"LoginService","row":1,"phone":"kyohi2286@proton.me","msg":"BOT_MISSIONS_START"}
{"level":30,"time":"14:35:49.484","logger":"LoginService","row":2,"phone":"kyohi3108@proton.me","msg":"BOT_MISSIONS_START"}
{"level":30,"time":"14:35:49.531","logger":"LoginService","row":1,"phone":"kyohi2286@proton.me","msg":"OK: ProfileMe"}
{"level":30,"time":"14:35:49.657","logger":"LoginService","row":2,"phone":"kyohi3108@proton.me","msg":"OK: ProfileMe"}
{"level":30,"time":"14:35:49.754","logger":"LoginService","row":1,"phone":"kyohi2286@proton.me","balance":{"balance":0,"dailyRemainingPoint":3,"dailyEarnedPoint":0},"dailyRemainingPoint":3,"dailyEarnedPoint":0,"msg":"OK: PointBalance"}
{"level":30,"time":"14:35:49.807","logger":"LoginService","row":2,"phone":"kyohi3108@proton.me","balance":{"balance":0,"dailyRemainingPoint":3,"dailyEarnedPoint":0},"dailyRemainingPoint":3,"dailyEarnedPoint":0,"msg":"OK: PointBalance"}
{"level":30,"time":"14:35:50.010","logger":"LoginService","row":1,"phone":"kyohi2286@proton.me","msg":"OK: Missions"}
{"level":20,"time":"14:35:50.011","logger":"LoginService","row":1,"phone":"kyohi2286@proton.me","name":"Thả cảm xúc","status":"NEW","isCompleted":false,"isClaimed":false,"cv":0,"tv":3,"msg":"SKIP_MISSION_9"}
{"level":20,"time":"14:35:50.011","logger":"LoginService","row":1,"phone":"kyohi2286@proton.me","name":"Bình luận","status":"NEW","isCompleted":false,"isClaimed":false,"cv":0,"tv":3,"msg":"SKIP_MISSION_10"}
{"level":20,"time":"14:35:50.011","logger":"LoginService","row":1,"phone":"kyohi2286@proton.me","name":"Chia sẻ bài viết","status":"NEW","isCompleted":false,"isClaimed":false,"cv":0,"tv":3,"msg":"SKIP_MISSION_11"}
{"level":20,"time":"14:35:50.011","logger":"LoginService","row":1,"phone":"kyohi2286@proton.me","name":"Kết bạn mới","status":"NEW","isCompleted":false,"isClaimed":false,"cv":0,"tv":2,"msg":"SKIP_MISSION_12"}
{"level":20,"time":"14:35:50.011","logger":"LoginService","row":1,"phone":"kyohi2286@proton.me","name":"Người thả cảm xúc siêu hạng","status":"NEW","isCompleted":false,"isClaimed":false,"cv":0,"tv":20,"msg":"SKIP_MISSION_13"}
{"level":20,"time":"14:35:50.011","logger":"LoginService","row":1,"phone":"kyohi2286@proton.me","name":"Đăng bài đều đặn","status":"NEW","isCompleted":false,"isClaimed":false,"cv":0,"tv":20,"msg":"SKIP_MISSION_14"}
{"level":20,"time":"14:35:50.011","logger":"LoginService","row":1,"phone":"kyohi2286@proton.me","name":"Mở rộng mạng lưới","status":"NEW","isCompleted":false,"isClaimed":false,"cv":0,"tv":30,"msg":"SKIP_MISSION_15"}
{"level":20,"time":"14:35:50.011","logger":"LoginService","row":1,"phone":"kyohi2286@proton.me","name":"Tham gia thảo luận","status":"NEW","isCompleted":false,"isClaimed":false,"cv":0,"tv":30,"msg":"SKIP_MISSION_16"}
{"level":20,"time":"14:35:50.011","logger":"LoginService","row":1,"phone":"kyohi2286@proton.me","name":"Chia sẻ nhiệt tình","status":"NEW","isCompleted":false,"isClaimed":false,"cv":0,"tv":30,"msg":"SKIP_MISSION_17"}
{"level":20,"time":"14:35:50.011","logger":"LoginService","row":1,"phone":"kyohi2286@proton.me","name":"Chuỗi đăng nhập 7 ngày","cv":0,"rewards":[{"targetValue":1,"amount":1},{"targetValue":2,"amount":1},{"targetValue":3,"amount":1},{"targetValue":4,"amount":1},{"targetValue":5,"amount":1},{"targetValue":6,"amount":1},{"targetValue":7,"amount":1}],"msg":"SKIP_STREAK_MISSION_NO_CV_18"}
{"level":30,"time":"14:35:50.020","logger":"LoginService","row":2,"phone":"kyohi3108@proton.me","msg":"OK: Missions"}
{"level":20,"time":"14:35:50.020","logger":"LoginService","row":2,"phone":"kyohi3108@proton.me","name":"Thả cảm xúc","status":"NEW","isCompleted":false,"isClaimed":false,"cv":0,"tv":3,"msg":"SKIP_MISSION_9"}
{"level":20,"time":"14:35:50.020","logger":"LoginService","row":2,"phone":"kyohi3108@proton.me","name":"Bình luận","status":"NEW","isCompleted":false,"isClaimed":false,"cv":0,"tv":3,"msg":"SKIP_MISSION_10"}
{"level":20,"time":"14:35:50.020","logger":"LoginService","row":2,"phone":"kyohi3108@proton.me","name":"Chia sẻ bài viết","status":"NEW","isCompleted":false,"isClaimed":false,"cv":0,"tv":3,"msg":"SKIP_MISSION_11"}
{"level":20,"time":"14:35:50.020","logger":"LoginService","row":2,"phone":"kyohi3108@proton.me","name":"Kết bạn mới","status":"NEW","isCompleted":false,"isClaimed":false,"cv":0,"tv":2,"msg":"SKIP_MISSION_12"}
{"level":20,"time":"14:35:50.020","logger":"LoginService","row":2,"phone":"kyohi3108@proton.me","name":"Người thả cảm xúc siêu hạng","status":"NEW","isCompleted":false,"isClaimed":false,"cv":0,"tv":20,"msg":"SKIP_MISSION_13"}
{"level":20,"time":"14:35:50.020","logger":"LoginService","row":2,"phone":"kyohi3108@proton.me","name":"Đăng bài đều đặn","status":"NEW","isCompleted":false,"isClaimed":false,"cv":0,"tv":20,"msg":"SKIP_MISSION_14"}
{"level":20,"time":"14:35:50.020","logger":"LoginService","row":2,"phone":"kyohi3108@proton.me","name":"Mở rộng mạng lưới","status":"NEW","isCompleted":false,"isClaimed":false,"cv":0,"tv":30,"msg":"SKIP_MISSION_15"}
{"level":20,"time":"14:35:50.020","logger":"LoginService","row":2,"phone":"kyohi3108@proton.me","name":"Tham gia thảo luận","status":"NEW","isCompleted":false,"isClaimed":false,"cv":0,"tv":30,"msg":"SKIP_MISSION_16"}
{"level":20,"time":"14:35:50.020","logger":"LoginService","row":2,"phone":"kyohi3108@proton.me","name":"Chia sẻ nhiệt tình","status":"NEW","isCompleted":false,"isClaimed":false,"cv":0,"tv":30,"msg":"SKIP_MISSION_17"}
{"level":20,"time":"14:35:50.020","logger":"LoginService","row":2,"phone":"kyohi3108@proton.me","name":"Chuỗi đăng nhập 7 ngày","cv":0,"rewards":[{"targetValue":1,"amount":1},{"targetValue":2,"amount":1},{"targetValue":3,"amount":1},{"targetValue":4,"amount":1},{"targetValue":5,"amount":1},{"targetValue":6,"amount":1},{"targetValue":7,"amount":1}],"msg":"SKIP_STREAK_MISSION_NO_CV_18"}
{"level":30,"time":"14:35:50.240","logger":"LoginService","row":1,"phone":"kyohi2286@proton.me","msg":"OK: MyFriends"}
{"level":30,"time":"14:35:50.256","logger":"LoginService","row":2,"phone":"kyohi3108@proton.me","msg":"OK: MyFriends"}
{"level":30,"time":"14:35:50.502","logger":"LoginService","row":2,"phone":"kyohi3108@proton.me","msg":"OK: Notifications"}
{"level":30,"time":"14:35:50.507","logger":"LoginService","row":1,"phone":"kyohi2286@proton.me","msg":"OK: Notifications"}
{"level":30,"time":"14:35:50.718","logger":"LoginService","row":1,"phone":"kyohi2286@proton.me","reactionCodes":["SMILE","BORED","EMPATHETIC","ANGRY","LIKE","FUNNY","WOW","SAD"],"msg":"REACTION_CODES_READY"}
{"level":30,"time":"14:35:50.729","logger":"LoginService","row":2,"phone":"kyohi3108@proton.me","reactionCodes":["SMILE","BORED","EMPATHETIC","ANGRY","LIKE","FUNNY","WOW","SAD"],"msg":"REACTION_CODES_READY"}
{"level":30,"time":"14:35:51.027","logger":"LoginService","row":1,"phone":"kyohi2286@proton.me","msg":"OK: FeedHome_Page_1"}
{"level":30,"time":"14:35:51.036","logger":"LoginService","row":2,"phone":"kyohi3108@proton.me","msg":"OK: FeedHome_Page_1"}
{"level":30,"time":"14:35:52.462","logger":"LoginService","row":1,"phone":"kyohi2286@proton.me","msg":"OK: FeedHome_Page_2"}
{"level":30,"time":"14:35:52.961","logger":"LoginService","row":2,"phone":"kyohi3108@proton.me","msg":"OK: FeedHome_Page_2"}
{"level":30,"time":"14:35:54.722","logger":"LoginService","row":1,"phone":"kyohi2286@proton.me","msg":"OK: FeedHome_Page_3"}
{"level":30,"time":"14:35:54.966","logger":"LoginService","row":1,"phone":"kyohi2286@proton.me","msg":"OK: SurfHome"}
{"level":30,"time":"14:35:54.967","logger":"LoginService","itemsLength":27,"pagesScrolled":3,"msg":"DEBUG_FEEDHOME"}
{"level":30,"time":"14:35:54.967","logger":"LoginService","row":1,"phone":"kyohi2286@proton.me","parsedItemCount":5,"msg":"MISSION_ACTION_DEPENDENT_START"}
{"level":30,"time":"14:35:55.126","logger":"LoginService","row":1,"phone":"kyohi2286@proton.me","msg":"OK: PostReaction_296239488928198656"}
{"level":30,"time":"14:35:55.401","logger":"LoginService","row":1,"phone":"kyohi2286@proton.me","msg":"OK: PostShare_296239488928198656"}
{"level":30,"time":"14:35:55.420","logger":"LoginService","row":2,"phone":"kyohi3108@proton.me","msg":"OK: FeedHome_Page_3"}
{"level":30,"time":"14:35:55.569","logger":"LoginService","row":1,"phone":"kyohi2286@proton.me","msg":"OK: PostReaction_296247426774347776"}
{"level":30,"time":"14:35:55.572","logger":"LoginService","row":2,"phone":"kyohi3108@proton.me","msg":"OK: SurfHome"}
{"level":30,"time":"14:35:55.572","logger":"LoginService","itemsLength":27,"pagesScrolled":3,"msg":"DEBUG_FEEDHOME"}
{"level":30,"time":"14:35:55.572","logger":"LoginService","row":2,"phone":"kyohi3108@proton.me","parsedItemCount":5,"msg":"MISSION_ACTION_DEPENDENT_START"}
{"level":30,"time":"14:35:55.721","logger":"LoginService","row":2,"phone":"kyohi3108@proton.me","msg":"OK: PostReaction_296867561893670912"}
{"level":30,"time":"14:35:55.765","logger":"LoginService","row":1,"phone":"kyohi2286@proton.me","msg":"OK: PostShare_296247426774347776"}
{"level":30,"time":"14:35:55.894","logger":"LoginService","row":2,"phone":"kyohi3108@proton.me","msg":"OK: PostShare_296867561893670912"}
{"level":30,"time":"14:35:55.936","logger":"LoginService","row":1,"phone":"kyohi2286@proton.me","msg":"OK: PostReaction_296870484551806976"}
{"level":30,"time":"14:35:56.043","logger":"LoginService","row":2,"phone":"kyohi3108@proton.me","msg":"OK: PostReaction_296870484551806976"}
{"level":30,"time":"14:35:56.133","logger":"LoginService","row":1,"phone":"kyohi2286@proton.me","msg":"OK: PostShare_296870484551806976"}
{"level":30,"time":"14:35:56.211","logger":"LoginService","row":2,"phone":"kyohi3108@proton.me","msg":"OK: PostShare_296870484551806976"}
{"level":30,"time":"14:35:56.289","logger":"LoginService","row":1,"phone":"kyohi2286@proton.me","msg":"OK: PostReaction_296868752128094208"}
{"level":30,"time":"14:35:56.343","logger":"LoginService","row":2,"phone":"kyohi3108@proton.me","msg":"OK: PostReaction_295517009897205760"}
{"level":30,"time":"14:35:56.510","logger":"LoginService","row":1,"phone":"kyohi2286@proton.me","msg":"OK: PostShare_296868752128094208"}
{"level":30,"time":"14:35:56.534","logger":"LoginService","row":2,"phone":"kyohi3108@proton.me","msg":"OK: PostShare_295517009897205760"}
{"level":30,"time":"14:35:56.664","logger":"LoginService","row":1,"phone":"kyohi2286@proton.me","msg":"OK: PostReaction_296239129715421184"}
{"level":30,"time":"14:35:56.669","logger":"LoginService","row":2,"phone":"kyohi3108@proton.me","msg":"OK: PostReaction_296866919867363328"}
{"level":30,"time":"14:35:56.836","logger":"LoginService","row":2,"phone":"kyohi3108@proton.me","msg":"OK: PostShare_296866919867363328"}
{"level":30,"time":"14:35:56.854","logger":"LoginService","row":1,"phone":"kyohi2286@proton.me","msg":"OK: PostShare_296239129715421184"}
{"level":30,"time":"14:35:56.886","logger":"LoginService","row":1,"phone":"kyohi2286@proton.me","videoId":606,"source":"https://www.tiktok.com/@ainius.net/video/7620200474188188929","attempt":1,"msg":"VIDEO_POST_START"}
{"level":30,"time":"14:35:56.979","logger":"LoginService","row":2,"phone":"kyohi3108@proton.me","msg":"OK: PostReaction_296239129715421184"}
{"level":30,"time":"14:35:57.169","logger":"LoginService","row":2,"phone":"kyohi3108@proton.me","msg":"OK: PostShare_296239129715421184"}
{"level":30,"time":"14:35:57.196","logger":"LoginService","row":2,"phone":"kyohi3108@proton.me","videoId":608,"source":"https://www.tiktok.com/@ainius.net/video/7620068366614547729","attempt":1,"msg":"VIDEO_POST_START"}
{"level":30,"time":"14:36:00.195","logger":"LoginService","row":2,"phone":"kyohi3108@proton.me","postId":"297378505967153152","msg":"VIDEO_POST_ID_GENERATED"}
{"level":30,"time":"14:36:00.195","logger":"LoginService","row":2,"phone":"kyohi3108@proton.me","postId":"297378505967153152","fileName":"tt_raw_7620068366614547729.mp4","fileSizeBytes":1193428,"thumbnailFileName":"tt_raw_7620068366614547729.jpg","uploadMode":"presigned+complete","width":720,"height":1280,"duration":83.566667,"msg":"VIDEO_UPLOAD_REQUEST_PREPARED"}
{"level":30,"time":"14:36:00.919","logger":"LoginService","row":2,"phone":"kyohi3108@proton.me","filePath":"tt_raw_7620068366614547729.jpg","objectRef":"eric/20260331/297378505967153152/thumb/tt_raw_7620068366614547729.jpg","uploadAttempt":"post-multipart-file","msg":"VIDEO_THUMBNAIL_S3_UPLOAD_SUCCESS"}
{"level":30,"time":"14:36:02.655","logger":"LoginService","row":2,"phone":"kyohi3108@proton.me","filePath":"tt_raw_7620068366614547729.mp4","objectRef":"eric/20260331/297378505967153152/origin/tt_raw_7620068366614547729.mp4","uploadAttempt":"post-multipart-file","msg":"VIDEO_FILE_S3_UPLOAD_SUCCESS"}
{"level":30,"time":"14:36:02.656","logger":"LoginService","row":2,"phone":"kyohi3108@proton.me","postId":"297378505967153152","msg":"VIDEO_POST_COMPLETE_REQUEST"}
{"level":40,"time":"14:36:02.847","logger":"LoginService","row":2,"phone":"kyohi3108@proton.me","detail":"[object]","backendMessage":"Bad Request","backendRaw":"{\"isSucceed\":false,\"message\":\"Bad Request\",\"data\":null}","failedUrl":"https://social.eric.pro.vn/api/posts/complete","msg":"MISSION_IGNORED (400): CreateVideoPost"}
{"level":30,"time":"14:36:02.865","logger":"LoginService","row":2,"phone":"kyohi3108@proton.me","videoId":609,"source":"https://www.tiktok.com/@ainius.net/video/7620126263855844628","attempt":1,"msg":"SURF_VIDEO_START"}
{"level":30,"time":"14:36:06.752","logger":"LoginService","row":1,"phone":"kyohi2286@proton.me","postId":"297378533448232960","msg":"VIDEO_POST_ID_GENERATED"}
{"level":30,"time":"14:36:06.752","logger":"LoginService","row":1,"phone":"kyohi2286@proton.me","postId":"297378533448232960","fileName":"tt_raw_7620200474188188929.mp4","fileSizeBytes":2590207,"thumbnailFileName":"tt_raw_7620200474188188929.jpg","uploadMode":"presigned+complete","width":1080,"height":1920,"duration":148.066667,"msg":"VIDEO_UPLOAD_REQUEST_PREPARED"}
{"level":30,"time":"14:36:07.143","logger":"LoginService","row":1,"phone":"kyohi2286@proton.me","filePath":"tt_raw_7620200474188188929.jpg","objectRef":"eric/20260331/297378533448232960/thumb/tt_raw_7620200474188188929.jpg","uploadAttempt":"post-multipart-file","msg":"VIDEO_THUMBNAIL_S3_UPLOAD_SUCCESS"}
{"level":30,"time":"14:36:10.042","logger":"LoginService","row":1,"phone":"kyohi2286@proton.me","filePath":"tt_raw_7620200474188188929.mp4","objectRef":"eric/20260331/297378533448232960/origin/tt_raw_7620200474188188929.mp4","uploadAttempt":"post-multipart-file","msg":"VIDEO_FILE_S3_UPLOAD_SUCCESS"}
{"level":30,"time":"14:36:10.042","logger":"LoginService","row":1,"phone":"kyohi2286@proton.me","postId":"297378533448232960","msg":"VIDEO_POST_COMPLETE_REQUEST"}
{"level":40,"time":"14:36:10.228","logger":"LoginService","row":1,"phone":"kyohi2286@proton.me","detail":"[object]","backendMessage":"Bad Request","backendRaw":"{\"isSucceed\":false,\"message\":\"Bad Request\",\"data\":null}","failedUrl":"https://social.eric.pro.vn/api/posts/complete","msg":"MISSION_IGNORED (400): CreateVideoPost"}
{"level":30,"time":"14:36:10.433","logger":"LoginService","row":2,"phone":"kyohi3108@proton.me","surfId":"297378548874883072","msg":"SURF_ID_GENERATED"}
{"level":30,"time":"14:36:10.836","logger":"LoginService","row":2,"phone":"kyohi3108@proton.me","filePath":"8864944d-a91b-4ff5-b76f-95ffb28c44e1.jpg","objectRef":"eric/20260331/297378548874883072/origin/8864944d-a91b-4ff5-b76f-95ffb28c44e1.jpg","uploadAttempt":"post-multipart-file","msg":"SURF_THUMBNAIL_S3_UPLOAD_SUCCESS"}
{"level":30,"time":"14:36:13.812","logger":"LoginService","row":2,"phone":"kyohi3108@proton.me","filePath":"tt_raw_7620126263855844628.mp4","objectRef":"eric/20260331/297378548874883072/origin/8864944d-a91b-4ff5-b76f-95ffb28c44e1.mp4","uploadAttempt":"post-multipart-file","msg":"SURF_FILE_S3_UPLOAD_SUCCESS"}
{"level":30,"time":"14:36:13.812","logger":"LoginService","row":2,"phone":"kyohi3108@proton.me","surfId":"297378548874883072","msg":"SURF_COMPLETE_REQUEST"}
{"level":30,"time":"14:36:14.041","logger":"LoginService","row":2,"phone":"kyohi3108@proton.me","surfId":"297378548874883072","status":201,"msg":"SURF_COMPLETE_RESPONSE"}
{"level":30,"time":"14:36:14.074","logger":"LoginService","videoId":609,"msg":"SOURCE_SURF_VIDEO_DELETED_AFTER_MAX_POSTS"}
{"level":30,"time":"14:36:14.075","logger":"LoginService","row":2,"phone":"kyohi3108@proton.me","msg":"OK: CreateSurf"}
{"level":30,"time":"14:36:14.091","logger":"LoginService","row":1,"phone":"kyohi2286@proton.me","videoId":610,"source":"https://www.tiktok.com/@ainius.net/video/7620039541709196560","attempt":1,"msg":"SURF_VIDEO_START"}
{"level":30,"time":"14:36:14.214","logger":"LoginService","row":2,"phone":"kyohi3108@proton.me","msg":"OK: BackgroundColor"}
{"level":30,"time":"14:36:14.348","logger":"LoginService","row":2,"phone":"kyohi3108@proton.me","msg":"OK: ReactionList"}
{"level":30,"time":"14:36:14.552","logger":"LoginService","row":2,"phone":"kyohi3108@proton.me","msg":"OK: GetReceivedFriendRequests"}
{"level":30,"time":"14:36:14.570","logger":"LoginService","row":2,"phone":"kyohi3108@proton.me","total":1,"users":[{"phone":"kyohi2286@proton.me","app_user_id":"8646911284551382336"}],"msg":"INTERNAL_FRIEND_TARGETS_FOUND"}
{"level":30,"time":"14:36:15.263","logger":"LoginService","row":2,"phone":"kyohi3108@proton.me","msg":"OK: SendInternalFriendRequest_kyohi2286@proton.me"}
{"level":30,"time":"14:36:15.278","logger":"LoginService","row":2,"phone":"kyohi3108@proton.me","msg":"BOT_MISSIONS_COMPLETE"}
{"level":30,"time":"14:36:16.970","logger":"LoginService","row":1,"phone":"kyohi2286@proton.me","surfId":"297378576334991360","msg":"SURF_ID_GENERATED"}
{"level":30,"time":"14:36:17.320","logger":"LoginService","row":1,"phone":"kyohi2286@proton.me","filePath":"2d6b710a-15ac-4ca1-a826-1c24a3502556.jpg","objectRef":"eric/20260331/297378576334991360/origin/2d6b710a-15ac-4ca1-a826-1c24a3502556.jpg","uploadAttempt":"post-multipart-file","msg":"SURF_THUMBNAIL_S3_UPLOAD_SUCCESS"}
{"level":30,"time":"14:36:19.139","logger":"LoginService","row":1,"phone":"kyohi2286@proton.me","filePath":"tt_raw_7620039541709196560.mp4","objectRef":"eric/20260331/297378576334991360/origin/2d6b710a-15ac-4ca1-a826-1c24a3502556.mp4","uploadAttempt":"post-multipart-file","msg":"SURF_FILE_S3_UPLOAD_SUCCESS"}
{"level":30,"time":"14:36:19.140","logger":"LoginService","row":1,"phone":"kyohi2286@proton.me","surfId":"297378576334991360","msg":"SURF_COMPLETE_REQUEST"}
{"level":30,"time":"14:36:19.312","logger":"LoginService","row":1,"phone":"kyohi2286@proton.me","surfId":"297378576334991360","status":201,"msg":"SURF_COMPLETE_RESPONSE"}
{"level":30,"time":"14:36:19.348","logger":"LoginService","videoId":610,"msg":"SOURCE_SURF_VIDEO_DELETED_AFTER_MAX_POSTS"}
{"level":30,"time":"14:36:19.348","logger":"LoginService","row":1,"phone":"kyohi2286@proton.me","msg":"OK: CreateSurf"}
{"level":30,"time":"14:36:19.479","logger":"LoginService","row":1,"phone":"kyohi2286@proton.me","msg":"OK: BackgroundColor"}
{"level":30,"time":"14:36:19.618","logger":"LoginService","row":1,"phone":"kyohi2286@proton.me","msg":"OK: ReactionList"}
{"level":30,"time":"14:36:19.775","logger":"LoginService","row":1,"phone":"kyohi2286@proton.me","msg":"OK: GetReceivedFriendRequests"}
{"level":30,"time":"14:36:20.021","logger":"LoginService","row":1,"phone":"kyohi2286@proton.me","msg":"OK: AcceptFriend_4611686018427387927"}
{"level":30,"time":"14:36:20.042","logger":"LoginService","row":1,"phone":"kyohi2286@proton.me","msg":"NO_INTERNAL_FRIEND_TARGETS"}
{"level":30,"time":"14:36:20.042","logger":"LoginService","row":1,"phone":"kyohi2286@proton.me","msg":"BOT_MISSIONS_COMPLETE"}
{"level":20,"time":"14:36:20.051","logger":"LoginService","summary":{"success":2,"alreadyOk":0,"relogin":1,"fail":0,"accounts":2},"msg":"JOB_SUMMARY"}
{"level":20,"time":"14:36:20.051","logger":"LoginService","summary":{"success":2,"alreadyOk":0,"relogin":1,"fail":0,"accounts":2},"msg":"JOB_DONE"}
{"level":30,"time":"14:36:20.051","logger":"LoginService","msg":"LOGIN summary: success=2 alreadyOk=0 relogin=1 fail=0"}
{"level":20,"time":"15:00:36.354","logger":"LoginService","config":{"KONG_URL":"https://social.eric.pro.vn","INTERVAL_MS":60000,"RUN_ONCE":false,"PROXY_REQUIRED":false,"AUTO_FETCH_OTP":true,"AUTO_RESEND":true,"OTP_TIMEOUT_MS":30000,"OTP_POLL_MS":300,"OTP_VERIFY_RETRY":5,"VERIFY_WINDOW_MS":180000,"RESEND_WINDOW_MS":120000,"MAX_RESEND":2,"OTP_DEBUG_PATH_REDIS":"/auth/debug/redis-otp","LOG_LEVEL":"debug","LOG_VERBOSE":false,"UPSTASH_REDIS_REST_URL":"","UPSTASH_REDIS_REST_TOKEN":""},"msg":"Service_CONFIG"}
{"level":20,"time":"15:00:36.354","logger":"LoginService","reason":"startup","msg":"JOB_START"}
{"level":20,"time":"15:00:36.383","logger":"LoginService","msg":"Loaded 1 accounts from database."}
{"level":30,"time":"15:00:36.383","logger":"LoginService","msg":"Starting login flow for accounts..."}
{"level":20,"time":"15:00:36.383","logger":"LoginService","accounts":1,"msg":"ACCOUNTS_LOADED"}
{"level":30,"time":"15:00:36.384","logger":"LoginService","row":1,"phone":"kyohi2286@proton.me","password":"***len=9","msg":"ACCOUNT_START"}
{"level":20,"time":"15:00:36.396","logger":"LoginService","phone":"kyohi2286@proton.me","msg":"REFRESHING"}
{"level":30,"time":"15:00:37.347","logger":"LoginService","phone":"kyohi2286@proton.me","deviceId":"F2A7D9C1-6E3B-4D84-8A1F-9B5C2E7D0A4F","userAgent":"ERIC/1.0.0 (iOS; 18.6.2; iPhone 16 Plus)","access":{"present":true,"validJwt":true,"sub":"kyohi.1774939310625251437","id":8646911284551382000,"clientType":"mobile","deviceId":"F2A7D9C1-6E3B-4D84-8A1F-9B5C2E7D0A4F","iat":1774969237,"exp":1774970137},"refresh":{"present":true,"validJwt":true,"sub":"kyohi.1774939310625251437","id":8646911284551382000,"clientType":"mobile","deviceId":"F2A7D9C1-6E3B-4D84-8A1F-9B5C2E7D0A4F","iat":1774969237,"exp":1775574037},"msg":"LOGIN_PASS_TOKEN_SUMMARY"}
{"level":20,"time":"15:00:37.347","logger":"LoginService","msg":"LOGIN_PASS_SUCCESS"}
{"level":30,"time":"15:00:37.368","logger":"LoginService","phone":"kyohi2286@proton.me","deviceId":"F2A7D9C1-6E3B-4D84-8A1F-9B5C2E7D0A4F","userAgent":"ERIC/1.0.0 (iOS; 18.6.2; iPhone 16 Plus)","access":{"present":true,"validJwt":true,"sub":"kyohi.1774939310625251437","id":8646911284551382000,"clientType":"mobile","deviceId":"F2A7D9C1-6E3B-4D84-8A1F-9B5C2E7D0A4F","iat":1774969237,"exp":1774970137},"msg":"GET_ME_TOKEN_SUMMARY"}
{"level":30,"time":"15:00:37.562","logger":"LoginService","row":1,"phone":"kyohi2286@proton.me","msg":"BOT_MISSIONS_START"}
{"level":30,"time":"15:00:37.737","logger":"LoginService","row":1,"phone":"kyohi2286@proton.me","msg":"OK: ProfileMe"}
{"level":30,"time":"15:00:37.947","logger":"LoginService","row":1,"phone":"kyohi2286@proton.me","balance":{"balance":0,"dailyRemainingPoint":3,"dailyEarnedPoint":0},"dailyRemainingPoint":3,"dailyEarnedPoint":0,"msg":"OK: PointBalance"}
{"level":30,"time":"15:00:38.211","logger":"LoginService","row":1,"phone":"kyohi2286@proton.me","msg":"OK: Missions"}
{"level":20,"time":"15:00:38.212","logger":"LoginService","row":1,"phone":"kyohi2286@proton.me","name":"Thả cảm xúc","status":"NEW","isCompleted":false,"isClaimed":false,"cv":0,"tv":3,"msg":"SKIP_MISSION_9"}
{"level":20,"time":"15:00:38.212","logger":"LoginService","row":1,"phone":"kyohi2286@proton.me","name":"Bình luận","status":"NEW","isCompleted":false,"isClaimed":false,"cv":0,"tv":3,"msg":"SKIP_MISSION_10"}
{"level":20,"time":"15:00:38.212","logger":"LoginService","row":1,"phone":"kyohi2286@proton.me","name":"Chia sẻ bài viết","status":"NEW","isCompleted":false,"isClaimed":false,"cv":0,"tv":3,"msg":"SKIP_MISSION_11"}
{"level":20,"time":"15:00:38.212","logger":"LoginService","row":1,"phone":"kyohi2286@proton.me","name":"Kết bạn mới","status":"NEW","isCompleted":false,"isClaimed":false,"cv":0,"tv":2,"msg":"SKIP_MISSION_12"}
{"level":20,"time":"15:00:38.212","logger":"LoginService","row":1,"phone":"kyohi2286@proton.me","name":"Người thả cảm xúc siêu hạng","status":"NEW","isCompleted":false,"isClaimed":false,"cv":0,"tv":20,"msg":"SKIP_MISSION_13"}
{"level":20,"time":"15:00:38.212","logger":"LoginService","row":1,"phone":"kyohi2286@proton.me","name":"Đăng bài đều đặn","status":"NEW","isCompleted":false,"isClaimed":false,"cv":0,"tv":20,"msg":"SKIP_MISSION_14"}
{"level":20,"time":"15:00:38.212","logger":"LoginService","row":1,"phone":"kyohi2286@proton.me","name":"Mở rộng mạng lưới","status":"NEW","isCompleted":false,"isClaimed":false,"cv":0,"tv":30,"msg":"SKIP_MISSION_15"}
{"level":20,"time":"15:00:38.212","logger":"LoginService","row":1,"phone":"kyohi2286@proton.me","name":"Tham gia thảo luận","status":"NEW","isCompleted":false,"isClaimed":false,"cv":0,"tv":30,"msg":"SKIP_MISSION_16"}
{"level":20,"time":"15:00:38.212","logger":"LoginService","row":1,"phone":"kyohi2286@proton.me","name":"Chia sẻ nhiệt tình","status":"NEW","isCompleted":false,"isClaimed":false,"cv":0,"tv":30,"msg":"SKIP_MISSION_17"}
{"level":20,"time":"15:00:38.212","logger":"LoginService","row":1,"phone":"kyohi2286@proton.me","name":"Chuỗi đăng nhập 7 ngày","cv":0,"rewards":[{"targetValue":1,"amount":1},{"targetValue":2,"amount":1},{"targetValue":3,"amount":1},{"targetValue":4,"amount":1},{"targetValue":5,"amount":1},{"targetValue":6,"amount":1},{"targetValue":7,"amount":1}],"msg":"SKIP_STREAK_MISSION_NO_CV_18"}
{"level":30,"time":"15:00:38.432","logger":"LoginService","row":1,"phone":"kyohi2286@proton.me","msg":"OK: MyFriends"}
{"level":30,"time":"15:00:38.628","logger":"LoginService","row":1,"phone":"kyohi2286@proton.me","msg":"OK: Notifications"}
{"level":30,"time":"15:00:38.821","logger":"LoginService","row":1,"phone":"kyohi2286@proton.me","reactionCodes":["SMILE","BORED","EMPATHETIC","ANGRY","LIKE","FUNNY","WOW","SAD"],"msg":"REACTION_CODES_READY"}
{"level":30,"time":"15:00:39.203","logger":"LoginService","row":1,"phone":"kyohi2286@proton.me","msg":"OK: FeedHome_Page_1"}
{"level":30,"time":"15:00:41.032","logger":"LoginService","row":1,"phone":"kyohi2286@proton.me","msg":"OK: FeedHome_Page_2"}
{"level":30,"time":"15:00:42.300","logger":"LoginService","row":1,"phone":"kyohi2286@proton.me","msg":"OK: FeedHome_Page_3"}
{"level":30,"time":"15:00:42.495","logger":"LoginService","row":1,"phone":"kyohi2286@proton.me","msg":"OK: SurfHome"}
{"level":30,"time":"15:00:42.495","logger":"LoginService","itemsLength":27,"pagesScrolled":3,"msg":"DEBUG_FEEDHOME"}
{"level":30,"time":"15:00:42.495","logger":"LoginService","row":1,"phone":"kyohi2286@proton.me","parsedItemCount":5,"msg":"MISSION_ACTION_DEPENDENT_START"}
{"level":30,"time":"15:00:42.655","logger":"LoginService","row":1,"phone":"kyohi2286@proton.me","msg":"OK: PostReaction_296870484551806976"}
{"level":30,"time":"15:00:42.922","logger":"LoginService","row":1,"phone":"kyohi2286@proton.me","msg":"OK: PostShare_296870484551806976"}
{"level":30,"time":"15:00:43.072","logger":"LoginService","row":1,"phone":"kyohi2286@proton.me","msg":"OK: PostReaction_296868752128094208"}
{"level":30,"time":"15:00:43.262","logger":"LoginService","row":1,"phone":"kyohi2286@proton.me","msg":"OK: PostShare_296868752128094208"}
{"level":30,"time":"15:00:43.411","logger":"LoginService","row":1,"phone":"kyohi2286@proton.me","msg":"OK: PostReaction_296239488928198656"}
{"level":30,"time":"15:00:43.597","logger":"LoginService","row":1,"phone":"kyohi2286@proton.me","msg":"OK: PostShare_296239488928198656"}
{"level":30,"time":"15:00:43.751","logger":"LoginService","row":1,"phone":"kyohi2286@proton.me","msg":"OK: PostReaction_296866919867363328"}
{"level":30,"time":"15:00:43.947","logger":"LoginService","row":1,"phone":"kyohi2286@proton.me","msg":"OK: PostShare_296866919867363328"}
{"level":30,"time":"15:00:44.105","logger":"LoginService","row":1,"phone":"kyohi2286@proton.me","msg":"OK: PostReaction_296865382369734656"}
{"level":30,"time":"15:00:44.287","logger":"LoginService","row":1,"phone":"kyohi2286@proton.me","msg":"OK: PostShare_296865382369734656"}
{"level":30,"time":"15:00:44.309","logger":"LoginService","row":1,"phone":"kyohi2286@proton.me","videoId":606,"source":"https://www.tiktok.com/@ainius.net/video/7620200474188188929","attempt":1,"msg":"VIDEO_POST_START"}
{"level":30,"time":"15:00:52.957","logger":"LoginService","row":1,"phone":"kyohi2286@proton.me","postId":"297384766955728896","msg":"VIDEO_POST_ID_GENERATED"}
{"level":30,"time":"15:00:52.957","logger":"LoginService","row":1,"phone":"kyohi2286@proton.me","postId":"297384766955728896","fileName":"tt_raw_7620200474188188929.mp4","fileSizeBytes":2590207,"thumbnailFileName":"tt_raw_7620200474188188929.jpg","uploadMode":"presigned+complete","width":1080,"height":1920,"duration":148.066667,"msg":"VIDEO_UPLOAD_REQUEST_PREPARED"}
{"level":30,"time":"15:00:53.731","logger":"LoginService","row":1,"phone":"kyohi2286@proton.me","filePath":"tt_raw_7620200474188188929.jpg","objectRef":"eric/20260331/297384766955728896/thumb/tt_raw_7620200474188188929.jpg","uploadAttempt":"post-multipart-file","msg":"VIDEO_THUMBNAIL_S3_UPLOAD_SUCCESS"}
{"level":30,"time":"15:00:56.787","logger":"LoginService","row":1,"phone":"kyohi2286@proton.me","filePath":"tt_raw_7620200474188188929.mp4","objectRef":"eric/20260331/297384766955728896/origin/tt_raw_7620200474188188929.mp4","uploadAttempt":"post-multipart-file","msg":"VIDEO_FILE_S3_UPLOAD_SUCCESS"}
{"level":30,"time":"15:00:56.789","logger":"LoginService","row":1,"phone":"kyohi2286@proton.me","postId":"297384766955728896","msg":"VIDEO_POST_COMPLETE_REQUEST"}
{"level":40,"time":"15:00:56.976","logger":"LoginService","row":1,"phone":"kyohi2286@proton.me","detail":"[object]","backendMessage":"Bad Request","backendRaw":"{\"isSucceed\":false,\"message\":\"Bad Request\",\"data\":null}","failedUrl":"https://social.eric.pro.vn/api/posts/complete","msg":"MISSION_IGNORED (400): CreateVideoPost"}
{"level":30,"time":"15:00:57.001","logger":"LoginService","row":1,"phone":"kyohi2286@proton.me","videoId":608,"source":"https://www.tiktok.com/@ainius.net/video/7620068366614547729","attempt":1,"msg":"SURF_VIDEO_START"}
{"level":30,"time":"15:00:59.596","logger":"LoginService","row":1,"phone":"kyohi2286@proton.me","surfId":"297384794805907456","msg":"SURF_ID_GENERATED"}
{"level":30,"time":"15:00:59.942","logger":"LoginService","row":1,"phone":"kyohi2286@proton.me","filePath":"185731fe-ba95-4ebb-9516-07ae343140d5.jpg","objectRef":"eric/20260331/297384794805907456/origin/185731fe-ba95-4ebb-9516-07ae343140d5.jpg","uploadAttempt":"post-multipart-file","msg":"SURF_THUMBNAIL_S3_UPLOAD_SUCCESS"}
{"level":30,"time":"15:01:01.482","logger":"LoginService","row":1,"phone":"kyohi2286@proton.me","filePath":"tt_raw_7620068366614547729.mp4","objectRef":"eric/20260331/297384794805907456/origin/185731fe-ba95-4ebb-9516-07ae343140d5.mp4","uploadAttempt":"post-multipart-file","msg":"SURF_FILE_S3_UPLOAD_SUCCESS"}
{"level":30,"time":"15:01:01.483","logger":"LoginService","row":1,"phone":"kyohi2286@proton.me","surfId":"297384794805907456","msg":"SURF_COMPLETE_REQUEST"}
{"level":30,"time":"15:01:01.682","logger":"LoginService","row":1,"phone":"kyohi2286@proton.me","surfId":"297384794805907456","status":201,"msg":"SURF_COMPLETE_RESPONSE"}
{"level":30,"time":"15:01:01.717","logger":"LoginService","videoId":608,"msg":"SOURCE_SURF_VIDEO_DELETED_AFTER_MAX_POSTS"}
{"level":30,"time":"15:01:01.717","logger":"LoginService","row":1,"phone":"kyohi2286@proton.me","msg":"OK: CreateSurf"}
{"level":30,"time":"15:01:01.872","logger":"LoginService","row":1,"phone":"kyohi2286@proton.me","msg":"OK: BackgroundColor"}
{"level":30,"time":"15:01:02.019","logger":"LoginService","row":1,"phone":"kyohi2286@proton.me","msg":"OK: ReactionList"}
{"level":30,"time":"15:01:02.229","logger":"LoginService","row":1,"phone":"kyohi2286@proton.me","msg":"OK: GetReceivedFriendRequests"}
{"level":30,"time":"15:01:02.240","logger":"LoginService","row":1,"phone":"kyohi2286@proton.me","msg":"NO_INTERNAL_FRIEND_TARGETS"}
{"level":30,"time":"15:01:02.240","logger":"LoginService","row":1,"phone":"kyohi2286@proton.me","msg":"BOT_MISSIONS_COMPLETE"}
{"level":20,"time":"15:01:02.249","logger":"LoginService","summary":{"success":1,"alreadyOk":0,"relogin":1,"fail":0,"accounts":1},"msg":"JOB_SUMMARY"}
{"level":20,"time":"15:01:02.249","logger":"LoginService","summary":{"success":1,"alreadyOk":0,"relogin":1,"fail":0,"accounts":1},"msg":"JOB_DONE"}
{"level":30,"time":"15:01:02.249","logger":"LoginService","msg":"LOGIN summary: success=1 alreadyOk=0 relogin=1 fail=0"}
{"level":20,"time":"15:28:16.213","logger":"LoginService","config":{"KONG_URL":"https://social.eric.pro.vn","INTERVAL_MS":60000,"RUN_ONCE":false,"PROXY_REQUIRED":false,"AUTO_FETCH_OTP":true,"AUTO_RESEND":true,"OTP_TIMEOUT_MS":30000,"OTP_POLL_MS":300,"OTP_VERIFY_RETRY":5,"VERIFY_WINDOW_MS":180000,"RESEND_WINDOW_MS":120000,"MAX_RESEND":2,"OTP_DEBUG_PATH_REDIS":"/auth/debug/redis-otp","LOG_LEVEL":"debug","LOG_VERBOSE":false,"UPSTASH_REDIS_REST_URL":"","UPSTASH_REDIS_REST_TOKEN":""},"msg":"Service_CONFIG"}
{"level":20,"time":"15:28:16.213","logger":"LoginService","reason":"startup","msg":"JOB_START"}
{"level":20,"time":"15:28:16.242","logger":"LoginService","msg":"Loaded 2 accounts from database."}
{"level":30,"time":"15:28:16.243","logger":"LoginService","msg":"Starting login flow for accounts..."}
{"level":20,"time":"15:28:16.243","logger":"LoginService","accounts":2,"msg":"ACCOUNTS_LOADED"}
{"level":30,"time":"15:28:16.244","logger":"LoginService","row":1,"phone":"kyohi2286@proton.me","password":"***len=9","msg":"ACCOUNT_START"}
{"level":20,"time":"15:28:16.258","logger":"LoginService","phone":"kyohi2286@proton.me","msg":"REFRESHING"}
{"level":30,"time":"15:28:16.259","logger":"LoginService","row":2,"phone":"kyohi3108@proton.me","password":"***len=9","msg":"ACCOUNT_START"}
{"level":20,"time":"15:28:16.270","logger":"LoginService","phone":"kyohi3108@proton.me","msg":"REFRESHING"}
{"level":30,"time":"15:28:17.358","logger":"LoginService","phone":"kyohi3108@proton.me","deviceId":"1A3E5F9C-2B8D-470A-A1F3-8C2E4D9B6A1F","userAgent":"ERIC/1.2.0 (Android; 13; Oppo Find X6)","access":{"present":true,"validJwt":true,"sub":"kyomask.1774940413791076698","id":4611686018427388000,"clientType":"mobile","deviceId":"1A3E5F9C-2B8D-470A-A1F3-8C2E4D9B6A1F","iat":1774970897,"exp":1774971797},"refresh":{"present":true,"validJwt":true,"sub":"kyomask.1774940413791076698","id":4611686018427388000,"clientType":"mobile","deviceId":"1A3E5F9C-2B8D-470A-A1F3-8C2E4D9B6A1F","iat":1774970897,"exp":1775575697},"msg":"LOGIN_PASS_TOKEN_SUMMARY"}
{"level":20,"time":"15:28:17.358","logger":"LoginService","msg":"LOGIN_PASS_SUCCESS"}
{"level":30,"time":"15:28:17.378","logger":"LoginService","phone":"kyohi2286@proton.me","deviceId":"F2A7D9C1-6E3B-4D84-8A1F-9B5C2E7D0A4F","userAgent":"ERIC/1.0.0 (iOS; 18.6.2; iPhone 16 Plus)","access":{"present":true,"validJwt":true,"sub":"kyohi.1774939310625251437","id":8646911284551382000,"clientType":"mobile","deviceId":"F2A7D9C1-6E3B-4D84-8A1F-9B5C2E7D0A4F","iat":1774970897,"exp":1774971797},"refresh":{"present":true,"validJwt":true,"sub":"kyohi.1774939310625251437","id":8646911284551382000,"clientType":"mobile","deviceId":"F2A7D9C1-6E3B-4D84-8A1F-9B5C2E7D0A4F","iat":1774970897,"exp":1775575697},"msg":"LOGIN_PASS_TOKEN_SUMMARY"}
{"level":20,"time":"15:28:17.378","logger":"LoginService","msg":"LOGIN_PASS_SUCCESS"}
{"level":30,"time":"15:28:17.398","logger":"LoginService","phone":"kyohi3108@proton.me","deviceId":"1A3E5F9C-2B8D-470A-A1F3-8C2E4D9B6A1F","userAgent":"ERIC/1.2.0 (Android; 13; Oppo Find X6)","access":{"present":true,"validJwt":true,"sub":"kyomask.1774940413791076698","id":4611686018427388000,"clientType":"mobile","deviceId":"1A3E5F9C-2B8D-470A-A1F3-8C2E4D9B6A1F","iat":1774970897,"exp":1774971797},"msg":"GET_ME_TOKEN_SUMMARY"}
{"level":30,"time":"15:28:17.401","logger":"LoginService","phone":"kyohi2286@proton.me","deviceId":"F2A7D9C1-6E3B-4D84-8A1F-9B5C2E7D0A4F","userAgent":"ERIC/1.0.0 (iOS; 18.6.2; iPhone 16 Plus)","access":{"present":true,"validJwt":true,"sub":"kyohi.1774939310625251437","id":8646911284551382000,"clientType":"mobile","deviceId":"F2A7D9C1-6E3B-4D84-8A1F-9B5C2E7D0A4F","iat":1774970897,"exp":1774971797},"msg":"GET_ME_TOKEN_SUMMARY"}
{"level":30,"time":"15:28:17.647","logger":"LoginService","row":2,"phone":"kyohi3108@proton.me","msg":"BOT_MISSIONS_START"}
{"level":30,"time":"15:28:17.651","logger":"LoginService","row":1,"phone":"kyohi2286@proton.me","msg":"BOT_MISSIONS_START"}
{"level":30,"time":"15:28:17.845","logger":"LoginService","row":2,"phone":"kyohi3108@proton.me","msg":"OK: ProfileMe"}
{"level":30,"time":"15:28:17.865","logger":"LoginService","row":1,"phone":"kyohi2286@proton.me","msg":"OK: ProfileMe"}
{"level":30,"time":"15:28:18.115","logger":"LoginService","row":2,"phone":"kyohi3108@proton.me","balance":{"balance":0,"dailyRemainingPoint":3,"dailyEarnedPoint":0},"dailyRemainingPoint":3,"dailyEarnedPoint":0,"msg":"OK: PointBalance"}
{"level":30,"time":"15:28:18.117","logger":"LoginService","row":1,"phone":"kyohi2286@proton.me","balance":{"balance":0,"dailyRemainingPoint":3,"dailyEarnedPoint":0},"dailyRemainingPoint":3,"dailyEarnedPoint":0,"msg":"OK: PointBalance"}
{"level":30,"time":"15:28:18.415","logger":"LoginService","row":1,"phone":"kyohi2286@proton.me","msg":"OK: Missions"}
{"level":20,"time":"15:28:18.415","logger":"LoginService","row":1,"phone":"kyohi2286@proton.me","name":"Thả cảm xúc","status":"NEW","isCompleted":false,"isClaimed":false,"cv":0,"tv":3,"msg":"SKIP_MISSION_9"}
{"level":20,"time":"15:28:18.415","logger":"LoginService","row":1,"phone":"kyohi2286@proton.me","name":"Bình luận","status":"NEW","isCompleted":false,"isClaimed":false,"cv":0,"tv":3,"msg":"SKIP_MISSION_10"}
{"level":20,"time":"15:28:18.415","logger":"LoginService","row":1,"phone":"kyohi2286@proton.me","name":"Chia sẻ bài viết","status":"NEW","isCompleted":false,"isClaimed":false,"cv":0,"tv":3,"msg":"SKIP_MISSION_11"}
{"level":20,"time":"15:28:18.415","logger":"LoginService","row":1,"phone":"kyohi2286@proton.me","name":"Kết bạn mới","status":"NEW","isCompleted":false,"isClaimed":false,"cv":0,"tv":2,"msg":"SKIP_MISSION_12"}
{"level":20,"time":"15:28:18.415","logger":"LoginService","row":1,"phone":"kyohi2286@proton.me","name":"Người thả cảm xúc siêu hạng","status":"NEW","isCompleted":false,"isClaimed":false,"cv":0,"tv":20,"msg":"SKIP_MISSION_13"}
{"level":20,"time":"15:28:18.415","logger":"LoginService","row":1,"phone":"kyohi2286@proton.me","name":"Đăng bài đều đặn","status":"NEW","isCompleted":false,"isClaimed":false,"cv":0,"tv":20,"msg":"SKIP_MISSION_14"}
{"level":20,"time":"15:28:18.415","logger":"LoginService","row":1,"phone":"kyohi2286@proton.me","name":"Mở rộng mạng lưới","status":"NEW","isCompleted":false,"isClaimed":false,"cv":0,"tv":30,"msg":"SKIP_MISSION_15"}
{"level":20,"time":"15:28:18.415","logger":"LoginService","row":1,"phone":"kyohi2286@proton.me","name":"Tham gia thảo luận","status":"NEW","isCompleted":false,"isClaimed":false,"cv":0,"tv":30,"msg":"SKIP_MISSION_16"}
{"level":20,"time":"15:28:18.415","logger":"LoginService","row":1,"phone":"kyohi2286@proton.me","name":"Chia sẻ nhiệt tình","status":"NEW","isCompleted":false,"isClaimed":false,"cv":0,"tv":30,"msg":"SKIP_MISSION_17"}
{"level":30,"time":"15:28:18.418","logger":"LoginService","row":2,"phone":"kyohi3108@proton.me","msg":"OK: Missions"}
{"level":20,"time":"15:28:18.418","logger":"LoginService","row":2,"phone":"kyohi3108@proton.me","name":"Thả cảm xúc","status":"NEW","isCompleted":false,"isClaimed":false,"cv":0,"tv":3,"msg":"SKIP_MISSION_9"}
{"level":20,"time":"15:28:18.419","logger":"LoginService","row":2,"phone":"kyohi3108@proton.me","name":"Bình luận","status":"NEW","isCompleted":false,"isClaimed":false,"cv":0,"tv":3,"msg":"SKIP_MISSION_10"}
{"level":20,"time":"15:28:18.419","logger":"LoginService","row":2,"phone":"kyohi3108@proton.me","name":"Chia sẻ bài viết","status":"NEW","isCompleted":false,"isClaimed":false,"cv":0,"tv":3,"msg":"SKIP_MISSION_11"}
{"level":20,"time":"15:28:18.419","logger":"LoginService","row":2,"phone":"kyohi3108@proton.me","name":"Kết bạn mới","status":"NEW","isCompleted":false,"isClaimed":false,"cv":0,"tv":2,"msg":"SKIP_MISSION_12"}
{"level":20,"time":"15:28:18.419","logger":"LoginService","row":2,"phone":"kyohi3108@proton.me","name":"Người thả cảm xúc siêu hạng","status":"NEW","isCompleted":false,"isClaimed":false,"cv":0,"tv":20,"msg":"SKIP_MISSION_13"}
{"level":20,"time":"15:28:18.419","logger":"LoginService","row":2,"phone":"kyohi3108@proton.me","name":"Đăng bài đều đặn","status":"NEW","isCompleted":false,"isClaimed":false,"cv":0,"tv":20,"msg":"SKIP_MISSION_14"}
{"level":20,"time":"15:28:18.419","logger":"LoginService","row":2,"phone":"kyohi3108@proton.me","name":"Mở rộng mạng lưới","status":"NEW","isCompleted":false,"isClaimed":false,"cv":0,"tv":30,"msg":"SKIP_MISSION_15"}
{"level":20,"time":"15:28:18.419","logger":"LoginService","row":2,"phone":"kyohi3108@proton.me","name":"Tham gia thảo luận","status":"NEW","isCompleted":false,"isClaimed":false,"cv":0,"tv":30,"msg":"SKIP_MISSION_16"}
{"level":20,"time":"15:28:18.419","logger":"LoginService","row":2,"phone":"kyohi3108@proton.me","name":"Chia sẻ nhiệt tình","status":"NEW","isCompleted":false,"isClaimed":false,"cv":0,"tv":30,"msg":"SKIP_MISSION_17"}
{"level":30,"time":"15:28:18.766","logger":"LoginService","row":1,"phone":"kyohi2286@proton.me","msg":"OK: ClaimStreakMission_18_Day_1"}
{"level":30,"time":"15:28:18.821","logger":"LoginService","row":2,"phone":"kyohi3108@proton.me","msg":"OK: ClaimStreakMission_18_Day_1"}
{"level":30,"time":"15:28:19.032","logger":"LoginService","row":1,"phone":"kyohi2286@proton.me","msg":"OK: MyFriends"}
{"level":30,"time":"15:28:19.069","logger":"LoginService","row":2,"phone":"kyohi3108@proton.me","msg":"OK: MyFriends"}
{"level":30,"time":"15:28:19.293","logger":"LoginService","row":1,"phone":"kyohi2286@proton.me","msg":"OK: Notifications"}
{"level":30,"time":"15:28:19.314","logger":"LoginService","row":2,"phone":"kyohi3108@proton.me","msg":"OK: Notifications"}
{"level":30,"time":"15:28:19.531","logger":"LoginService","row":1,"phone":"kyohi2286@proton.me","reactionCodes":["SMILE","BORED","EMPATHETIC","ANGRY","LIKE","FUNNY","WOW","SAD"],"msg":"REACTION_CODES_READY"}
{"level":30,"time":"15:28:19.535","logger":"LoginService","row":2,"phone":"kyohi3108@proton.me","reactionCodes":["SMILE","BORED","EMPATHETIC","ANGRY","LIKE","FUNNY","WOW","SAD"],"msg":"REACTION_CODES_READY"}
{"level":30,"time":"15:28:19.932","logger":"LoginService","row":1,"phone":"kyohi2286@proton.me","msg":"OK: FeedHome_Page_1"}
{"level":30,"time":"15:28:19.935","logger":"LoginService","row":2,"phone":"kyohi3108@proton.me","msg":"OK: FeedHome_Page_1"}
{"level":30,"time":"15:28:21.606","logger":"LoginService","row":2,"phone":"kyohi3108@proton.me","msg":"OK: FeedHome_Page_2"}
{"level":30,"time":"15:28:21.656","logger":"LoginService","row":1,"phone":"kyohi2286@proton.me","msg":"OK: FeedHome_Page_2"}
{"level":30,"time":"15:28:22.930","logger":"LoginService","row":2,"phone":"kyohi3108@proton.me","msg":"OK: FeedHome_Page_3"}
{"level":30,"time":"15:28:23.268","logger":"LoginService","row":2,"phone":"kyohi3108@proton.me","msg":"OK: SurfHome"}
{"level":30,"time":"15:28:23.269","logger":"LoginService","itemsLength":27,"pagesScrolled":3,"msg":"DEBUG_FEEDHOME"}
{"level":30,"time":"15:28:23.269","logger":"LoginService","row":2,"phone":"kyohi3108@proton.me","parsedItemCount":5,"msg":"MISSION_ACTION_DEPENDENT_START"}
{"level":30,"time":"15:28:23.488","logger":"LoginService","row":2,"phone":"kyohi3108@proton.me","msg":"OK: PostReaction_296867561893670912"}
{"level":30,"time":"15:28:23.792","logger":"LoginService","row":2,"phone":"kyohi3108@proton.me","msg":"OK: PostShare_296867561893670912"}
{"level":30,"time":"15:28:23.920","logger":"LoginService","row":1,"phone":"kyohi2286@proton.me","msg":"OK: FeedHome_Page_3"}
{"level":30,"time":"15:28:24.003","logger":"LoginService","row":2,"phone":"kyohi3108@proton.me","msg":"OK: PostReaction_296868752128094208"}
{"level":30,"time":"15:28:24.171","logger":"LoginService","row":1,"phone":"kyohi2286@proton.me","msg":"OK: SurfHome"}
{"level":30,"time":"15:28:24.171","logger":"LoginService","itemsLength":27,"pagesScrolled":3,"msg":"DEBUG_FEEDHOME"}
{"level":30,"time":"15:28:24.171","logger":"LoginService","row":1,"phone":"kyohi2286@proton.me","parsedItemCount":5,"msg":"MISSION_ACTION_DEPENDENT_START"}
{"level":30,"time":"15:28:24.245","logger":"LoginService","row":2,"phone":"kyohi3108@proton.me","msg":"OK: PostShare_296868752128094208"}
{"level":30,"time":"15:28:24.393","logger":"LoginService","row":1,"phone":"kyohi2286@proton.me","msg":"OK: PostReaction_296865382369734656"}
{"level":30,"time":"15:28:24.458","logger":"LoginService","row":2,"phone":"kyohi3108@proton.me","msg":"OK: PostReaction_295517009897205760"}
{"level":30,"time":"15:28:24.625","logger":"LoginService","row":1,"phone":"kyohi2286@proton.me","msg":"OK: PostShare_296865382369734656"}
{"level":30,"time":"15:28:24.727","logger":"LoginService","row":2,"phone":"kyohi3108@proton.me","msg":"OK: PostShare_295517009897205760"}
{"level":30,"time":"15:28:24.827","logger":"LoginService","row":1,"phone":"kyohi2286@proton.me","msg":"OK: PostReaction_296870484551806976"}
{"level":30,"time":"15:28:24.934","logger":"LoginService","row":2,"phone":"kyohi3108@proton.me","msg":"OK: PostReaction_296866919867363328"}
{"level":30,"time":"15:28:25.067","logger":"LoginService","row":1,"phone":"kyohi2286@proton.me","msg":"OK: PostShare_296870484551806976"}
{"level":30,"time":"15:28:25.155","logger":"LoginService","row":2,"phone":"kyohi3108@proton.me","msg":"OK: PostShare_296866919867363328"}
{"level":30,"time":"15:28:25.280","logger":"LoginService","row":1,"phone":"kyohi2286@proton.me","msg":"OK: PostReaction_296247426774347776"}
{"level":30,"time":"15:28:25.343","logger":"LoginService","row":2,"phone":"kyohi3108@proton.me","msg":"OK: PostReaction_296239129715421184"}
{"level":30,"time":"15:28:25.532","logger":"LoginService","row":1,"phone":"kyohi2286@proton.me","msg":"OK: PostShare_296247426774347776"}
{"level":30,"time":"15:28:25.586","logger":"LoginService","row":2,"phone":"kyohi3108@proton.me","msg":"OK: PostShare_296239129715421184"}
{"level":30,"time":"15:28:25.613","logger":"LoginService","row":2,"phone":"kyohi3108@proton.me","videoId":606,"source":"https://www.tiktok.com/@ainius.net/video/7620200474188188929","attempt":1,"msg":"VIDEO_POST_START"}
{"level":30,"time":"15:28:25.721","logger":"LoginService","row":1,"phone":"kyohi2286@proton.me","msg":"OK: PostReaction_296866919867363328"}
{"level":30,"time":"15:28:25.956","logger":"LoginService","row":1,"phone":"kyohi2286@proton.me","msg":"OK: PostShare_296866919867363328"}
{"level":30,"time":"15:28:26.158","logger":"LoginService","row":1,"phone":"kyohi2286@proton.me","msg":"OK: PostReaction_296239488928198656"}
{"level":30,"time":"15:28:26.395","logger":"LoginService","row":1,"phone":"kyohi2286@proton.me","msg":"OK: PostShare_296239488928198656"}
{"level":30,"time":"15:28:26.421","logger":"LoginService","row":1,"phone":"kyohi2286@proton.me","videoId":611,"source":"https://www.tiktok.com/@ainius.net/video/7620038987977215233","attempt":1,"msg":"VIDEO_POST_START"}
{"level":30,"time":"15:28:26.790","logger":"LoginService","row":1,"phone":"kyohi2286@proton.me","postId":"297391703365660672","msg":"VIDEO_POST_ID_GENERATED"}
{"level":30,"time":"15:28:26.790","logger":"LoginService","row":1,"phone":"kyohi2286@proton.me","postId":"297391703365660672","fileName":"tt_raw_7620038987977215233.mp4","fileSizeBytes":1868006,"thumbnailFileName":"tt_raw_7620038987977215233.jpg","uploadMode":"presigned+complete","width":720,"height":1280,"duration":100.466667,"msg":"VIDEO_UPLOAD_REQUEST_PREPARED"}
{"level":30,"time":"15:28:27.586","logger":"LoginService","row":1,"phone":"kyohi2286@proton.me","filePath":"tt_raw_7620038987977215233.jpg","objectRef":"eric/20260331/297391703365660672/thumb/tt_raw_7620038987977215233.jpg","uploadAttempt":"post-multipart-file","msg":"VIDEO_THUMBNAIL_S3_UPLOAD_SUCCESS"}
{"level":30,"time":"15:28:29.730","logger":"LoginService","row":1,"phone":"kyohi2286@proton.me","filePath":"tt_raw_7620038987977215233.mp4","objectRef":"eric/20260331/297391703365660672/origin/tt_raw_7620038987977215233.mp4","uploadAttempt":"post-multipart-file","msg":"VIDEO_FILE_S3_UPLOAD_SUCCESS"}
{"level":30,"time":"15:28:29.731","logger":"LoginService","row":1,"phone":"kyohi2286@proton.me","postId":"297391703365660672","msg":"VIDEO_POST_COMPLETE_REQUEST"}
{"level":40,"time":"15:28:29.974","logger":"LoginService","row":1,"phone":"kyohi2286@proton.me","detail":"[object]","backendMessage":"Bad Request","backendRaw":"{\"isSucceed\":false,\"message\":\"Bad Request\",\"data\":null}","failedUrl":"https://social.eric.pro.vn/api/posts/complete","msg":"MISSION_IGNORED (400): CreateVideoPost"}
{"level":30,"time":"15:28:30.000","logger":"LoginService","row":1,"phone":"kyohi2286@proton.me","videoId":612,"source":"https://www.tiktok.com/@ainius.net/video/7620038575433764113","attempt":1,"msg":"SURF_VIDEO_START"}
{"level":30,"time":"15:28:31.921","logger":"LoginService","row":1,"phone":"kyohi2286@proton.me","surfId":"297391724899217408","msg":"SURF_ID_GENERATED"}
{"level":30,"time":"15:28:32.409","logger":"LoginService","row":1,"phone":"kyohi2286@proton.me","filePath":"31c20d22-97b7-4203-9ff1-4a4e6c1056bf.jpg","objectRef":"eric/20260331/297391724899217408/origin/31c20d22-97b7-4203-9ff1-4a4e6c1056bf.jpg","uploadAttempt":"post-multipart-file","msg":"SURF_THUMBNAIL_S3_UPLOAD_SUCCESS"}
{"level":30,"time":"15:28:34.893","logger":"LoginService","row":1,"phone":"kyohi2286@proton.me","filePath":"tt_raw_7620038575433764113.mp4","objectRef":"eric/20260331/297391724899217408/origin/31c20d22-97b7-4203-9ff1-4a4e6c1056bf.mp4","uploadAttempt":"post-multipart-file","msg":"SURF_FILE_S3_UPLOAD_SUCCESS"}
{"level":30,"time":"15:28:34.894","logger":"LoginService","row":1,"phone":"kyohi2286@proton.me","surfId":"297391724899217408","msg":"SURF_COMPLETE_REQUEST"}
{"level":30,"time":"15:28:34.897","logger":"LoginService","row":2,"phone":"kyohi3108@proton.me","postId":"297391737427603456","msg":"VIDEO_POST_ID_GENERATED"}
{"level":30,"time":"15:28:34.897","logger":"LoginService","row":2,"phone":"kyohi3108@proton.me","postId":"297391737427603456","fileName":"tt_raw_7620200474188188929.mp4","fileSizeBytes":2590207,"thumbnailFileName":"tt_raw_7620200474188188929.jpg","uploadMode":"presigned+complete","width":1080,"height":1920,"duration":148.066667,"msg":"VIDEO_UPLOAD_REQUEST_PREPARED"}
{"level":30,"time":"15:28:35.608","logger":"LoginService","row":1,"phone":"kyohi2286@proton.me","surfId":"297391724899217408","status":201,"msg":"SURF_COMPLETE_RESPONSE"}
{"level":30,"time":"15:28:35.637","logger":"LoginService","row":1,"phone":"kyohi2286@proton.me","msg":"OK: CreateSurf"}
{"level":30,"time":"15:28:35.828","logger":"LoginService","row":2,"phone":"kyohi3108@proton.me","filePath":"tt_raw_7620200474188188929.jpg","objectRef":"eric/20260331/297391737427603456/thumb/tt_raw_7620200474188188929.jpg","uploadAttempt":"post-multipart-file","msg":"VIDEO_THUMBNAIL_S3_UPLOAD_SUCCESS"}
{"level":30,"time":"15:28:36.590","logger":"LoginService","row":1,"phone":"kyohi2286@proton.me","msg":"OK: BackgroundColor"}
{"level":30,"time":"15:28:37.926","logger":"LoginService","row":1,"phone":"kyohi2286@proton.me","msg":"OK: ReactionList"}
{"level":30,"time":"15:28:38.739","logger":"LoginService","row":1,"phone":"kyohi2286@proton.me","msg":"OK: GetReceivedFriendRequests"}
{"level":30,"time":"15:28:38.750","logger":"LoginService","row":1,"phone":"kyohi2286@proton.me","msg":"NO_INTERNAL_FRIEND_TARGETS"}
{"level":30,"time":"15:28:38.750","logger":"LoginService","row":1,"phone":"kyohi2286@proton.me","msg":"BOT_MISSIONS_COMPLETE"}
{"level":30,"time":"15:28:38.755","logger":"LoginService","row":2,"phone":"kyohi3108@proton.me","filePath":"tt_raw_7620200474188188929.mp4","objectRef":"eric/20260331/297391737427603456/origin/tt_raw_7620200474188188929.mp4","uploadAttempt":"post-multipart-file","msg":"VIDEO_FILE_S3_UPLOAD_SUCCESS"}
{"level":30,"time":"15:28:38.755","logger":"LoginService","row":2,"phone":"kyohi3108@proton.me","postId":"297391737427603456","msg":"VIDEO_POST_COMPLETE_REQUEST"}
{"level":40,"time":"15:28:39.105","logger":"LoginService","row":2,"phone":"kyohi3108@proton.me","detail":"[object]","backendMessage":"Bad Request","backendRaw":"{\"isSucceed\":false,\"message\":\"Bad Request\",\"data\":null}","failedUrl":"https://social.eric.pro.vn/api/posts/complete","msg":"MISSION_IGNORED (400): CreateVideoPost"}
{"level":30,"time":"15:28:39.127","logger":"LoginService","row":2,"phone":"kyohi3108@proton.me","videoId":612,"source":"https://www.tiktok.com/@ainius.net/video/7620038575433764113","attempt":1,"msg":"SURF_VIDEO_START"}
{"level":30,"time":"15:28:40.780","logger":"LoginService","row":2,"phone":"kyohi3108@proton.me","surfId":"297391761603571712","msg":"SURF_ID_GENERATED"}
{"level":30,"time":"15:28:41.181","logger":"LoginService","row":2,"phone":"kyohi3108@proton.me","filePath":"07b65bd5-a9b3-4619-8163-238a0d2504d3.jpg","objectRef":"eric/20260331/297391761603571712/origin/07b65bd5-a9b3-4619-8163-238a0d2504d3.jpg","uploadAttempt":"post-multipart-file","msg":"SURF_THUMBNAIL_S3_UPLOAD_SUCCESS"}
{"level":30,"time":"15:28:44.878","logger":"LoginService","row":2,"phone":"kyohi3108@proton.me","filePath":"tt_raw_7620038575433764113.mp4","objectRef":"eric/20260331/297391761603571712/origin/07b65bd5-a9b3-4619-8163-238a0d2504d3.mp4","uploadAttempt":"post-multipart-file","msg":"SURF_FILE_S3_UPLOAD_SUCCESS"}
{"level":30,"time":"15:28:44.879","logger":"LoginService","row":2,"phone":"kyohi3108@proton.me","surfId":"297391761603571712","msg":"SURF_COMPLETE_REQUEST"}
{"level":30,"time":"15:28:45.244","logger":"LoginService","row":2,"phone":"kyohi3108@proton.me","surfId":"297391761603571712","status":201,"msg":"SURF_COMPLETE_RESPONSE"}
{"level":30,"time":"15:28:45.278","logger":"LoginService","videoId":612,"msg":"SOURCE_SURF_VIDEO_DELETED_AFTER_MAX_POSTS"}
{"level":30,"time":"15:28:45.279","logger":"LoginService","row":2,"phone":"kyohi3108@proton.me","msg":"OK: CreateSurf"}
{"level":30,"time":"15:28:46.084","logger":"LoginService","row":2,"phone":"kyohi3108@proton.me","msg":"OK: BackgroundColor"}
{"level":30,"time":"15:28:46.368","logger":"LoginService","row":2,"phone":"kyohi3108@proton.me","msg":"OK: ReactionList"}
{"level":30,"time":"15:28:46.646","logger":"LoginService","row":2,"phone":"kyohi3108@proton.me","msg":"OK: GetReceivedFriendRequests"}
{"level":30,"time":"15:28:46.657","logger":"LoginService","row":2,"phone":"kyohi3108@proton.me","msg":"NO_INTERNAL_FRIEND_TARGETS"}
{"level":30,"time":"15:28:46.657","logger":"LoginService","row":2,"phone":"kyohi3108@proton.me","msg":"BOT_MISSIONS_COMPLETE"}
{"level":20,"time":"15:28:46.668","logger":"LoginService","summary":{"success":2,"alreadyOk":0,"relogin":2,"fail":0,"accounts":2},"msg":"JOB_SUMMARY"}
{"level":20,"time":"15:28:46.668","logger":"LoginService","summary":{"success":2,"alreadyOk":0,"relogin":2,"fail":0,"accounts":2},"msg":"JOB_DONE"}
{"level":30,"time":"15:28:46.668","logger":"LoginService","msg":"LOGIN summary: success=2 alreadyOk=0 relogin=2 fail=0"}
{"level":20,"time":"15:30:09.414","logger":"LoginService","config":{"KONG_URL":"https://social.eric.pro.vn","INTERVAL_MS":60000,"RUN_ONCE":false,"PROXY_REQUIRED":false,"AUTO_FETCH_OTP":true,"AUTO_RESEND":true,"OTP_TIMEOUT_MS":30000,"OTP_POLL_MS":300,"OTP_VERIFY_RETRY":5,"VERIFY_WINDOW_MS":10000,"RESEND_WINDOW_MS":10000,"MAX_RESEND":2,"OTP_DEBUG_PATH_REDIS":"/auth/debug/redis-otp","LOG_LEVEL":"debug","LOG_VERBOSE":false,"UPSTASH_REDIS_REST_URL":"","UPSTASH_REDIS_REST_TOKEN":""},"msg":"Service_CONFIG"}
{"level":20,"time":"15:30:09.414","logger":"LoginService","reason":"startup","msg":"JOB_START"}
{"level":20,"time":"15:30:09.439","logger":"LoginService","msg":"Loaded 2 accounts from database."}
{"level":30,"time":"15:30:09.439","logger":"LoginService","msg":"Starting login flow for accounts..."}
{"level":20,"time":"15:30:09.439","logger":"LoginService","accounts":2,"msg":"ACCOUNTS_LOADED"}
{"level":30,"time":"15:30:09.440","logger":"LoginService","row":1,"phone":"kyohi2286@proton.me","password":"***len=9","msg":"ACCOUNT_START"}
{"level":30,"time":"15:30:09.452","logger":"LoginService","row":2,"phone":"kyohi3108@proton.me","password":"***len=9","msg":"ACCOUNT_START"}
{"level":30,"time":"15:30:09.463","logger":"LoginService","phone":"kyohi2286@proton.me","deviceId":"F2A7D9C1-6E3B-4D84-8A1F-9B5C2E7D0A4F","userAgent":"ERIC/1.0.0 (iOS; 18.6.2; iPhone 16 Plus)","access":{"present":true,"validJwt":true,"sub":"kyohi.1774939310625251437","id":8646911284551382000,"clientType":"mobile","deviceId":"F2A7D9C1-6E3B-4D84-8A1F-9B5C2E7D0A4F","iat":1774970897,"exp":1774971797},"msg":"GET_ME_TOKEN_SUMMARY"}
{"level":30,"time":"15:30:09.464","logger":"LoginService","phone":"kyohi3108@proton.me","deviceId":"1A3E5F9C-2B8D-470A-A1F3-8C2E4D9B6A1F","userAgent":"ERIC/1.2.0 (Android; 13; Oppo Find X6)","access":{"present":true,"validJwt":true,"sub":"kyomask.1774940413791076698","id":4611686018427388000,"clientType":"mobile","deviceId":"1A3E5F9C-2B8D-470A-A1F3-8C2E4D9B6A1F","iat":1774970897,"exp":1774971797},"msg":"GET_ME_TOKEN_SUMMARY"}
{"level":30,"time":"15:30:10.091","logger":"LoginService","row":1,"phone":"kyohi2286@proton.me","msg":"BOT_MISSIONS_START"}
{"level":30,"time":"15:30:10.158","logger":"LoginService","row":2,"phone":"kyohi3108@proton.me","msg":"BOT_MISSIONS_START"}
{"level":30,"time":"15:30:10.349","logger":"LoginService","row":1,"phone":"kyohi2286@proton.me","msg":"OK: ProfileMe"}
{"level":30,"time":"15:30:10.466","logger":"LoginService","row":2,"phone":"kyohi3108@proton.me","msg":"OK: ProfileMe"}
{"level":30,"time":"15:30:10.526","logger":"LoginService","row":1,"phone":"kyohi2286@proton.me","balance":{"balance":1,"dailyRemainingPoint":2,"dailyEarnedPoint":1},"dailyRemainingPoint":2,"dailyEarnedPoint":1,"msg":"OK: PointBalance"}
{"level":30,"time":"15:30:10.645","logger":"LoginService","row":2,"phone":"kyohi3108@proton.me","balance":{"balance":1,"dailyRemainingPoint":2,"dailyEarnedPoint":1},"dailyRemainingPoint":2,"dailyEarnedPoint":1,"msg":"OK: PointBalance"}
{"level":30,"time":"15:30:10.743","logger":"LoginService","row":1,"phone":"kyohi2286@proton.me","msg":"OK: Missions"}
{"level":20,"time":"15:30:10.743","logger":"LoginService","row":1,"phone":"kyohi2286@proton.me","name":"Thả cảm xúc","status":"NEW","isCompleted":false,"isClaimed":false,"cv":0,"tv":3,"msg":"SKIP_MISSION_9"}
{"level":20,"time":"15:30:10.743","logger":"LoginService","row":1,"phone":"kyohi2286@proton.me","name":"Bình luận","status":"NEW","isCompleted":false,"isClaimed":false,"cv":0,"tv":3,"msg":"SKIP_MISSION_10"}
{"level":20,"time":"15:30:10.743","logger":"LoginService","row":1,"phone":"kyohi2286@proton.me","name":"Chia sẻ bài viết","status":"NEW","isCompleted":false,"isClaimed":false,"cv":0,"tv":3,"msg":"SKIP_MISSION_11"}
{"level":20,"time":"15:30:10.743","logger":"LoginService","row":1,"phone":"kyohi2286@proton.me","name":"Kết bạn mới","status":"NEW","isCompleted":false,"isClaimed":false,"cv":0,"tv":2,"msg":"SKIP_MISSION_12"}
{"level":20,"time":"15:30:10.743","logger":"LoginService","row":1,"phone":"kyohi2286@proton.me","name":"Người thả cảm xúc siêu hạng","status":"NEW","isCompleted":false,"isClaimed":false,"cv":0,"tv":20,"msg":"SKIP_MISSION_13"}
{"level":20,"time":"15:30:10.743","logger":"LoginService","row":1,"phone":"kyohi2286@proton.me","name":"Đăng bài đều đặn","status":"NEW","isCompleted":false,"isClaimed":false,"cv":0,"tv":20,"msg":"SKIP_MISSION_14"}
{"level":20,"time":"15:30:10.743","logger":"LoginService","row":1,"phone":"kyohi2286@proton.me","name":"Mở rộng mạng lưới","status":"NEW","isCompleted":false,"isClaimed":false,"cv":0,"tv":30,"msg":"SKIP_MISSION_15"}
{"level":20,"time":"15:30:10.743","logger":"LoginService","row":1,"phone":"kyohi2286@proton.me","name":"Tham gia thảo luận","status":"NEW","isCompleted":false,"isClaimed":false,"cv":0,"tv":30,"msg":"SKIP_MISSION_16"}
{"level":20,"time":"15:30:10.743","logger":"LoginService","row":1,"phone":"kyohi2286@proton.me","name":"Chia sẻ nhiệt tình","status":"NEW","isCompleted":false,"isClaimed":false,"cv":0,"tv":30,"msg":"SKIP_MISSION_17"}
{"level":30,"time":"15:30:10.856","logger":"LoginService","row":2,"phone":"kyohi3108@proton.me","msg":"OK: Missions"}
{"level":20,"time":"15:30:10.856","logger":"LoginService","row":2,"phone":"kyohi3108@proton.me","name":"Thả cảm xúc","status":"NEW","isCompleted":false,"isClaimed":false,"cv":0,"tv":3,"msg":"SKIP_MISSION_9"}
{"level":20,"time":"15:30:10.856","logger":"LoginService","row":2,"phone":"kyohi3108@proton.me","name":"Bình luận","status":"NEW","isCompleted":false,"isClaimed":false,"cv":0,"tv":3,"msg":"SKIP_MISSION_10"}
{"level":20,"time":"15:30:10.856","logger":"LoginService","row":2,"phone":"kyohi3108@proton.me","name":"Chia sẻ bài viết","status":"NEW","isCompleted":false,"isClaimed":false,"cv":0,"tv":3,"msg":"SKIP_MISSION_11"}
{"level":20,"time":"15:30:10.856","logger":"LoginService","row":2,"phone":"kyohi3108@proton.me","name":"Kết bạn mới","status":"NEW","isCompleted":false,"isClaimed":false,"cv":0,"tv":2,"msg":"SKIP_MISSION_12"}
{"level":20,"time":"15:30:10.856","logger":"LoginService","row":2,"phone":"kyohi3108@proton.me","name":"Người thả cảm xúc siêu hạng","status":"NEW","isCompleted":false,"isClaimed":false,"cv":0,"tv":20,"msg":"SKIP_MISSION_13"}
{"level":20,"time":"15:30:10.856","logger":"LoginService","row":2,"phone":"kyohi3108@proton.me","name":"Đăng bài đều đặn","status":"NEW","isCompleted":false,"isClaimed":false,"cv":0,"tv":20,"msg":"SKIP_MISSION_14"}
{"level":20,"time":"15:30:10.856","logger":"LoginService","row":2,"phone":"kyohi3108@proton.me","name":"Mở rộng mạng lưới","status":"NEW","isCompleted":false,"isClaimed":false,"cv":0,"tv":30,"msg":"SKIP_MISSION_15"}
{"level":20,"time":"15:30:10.856","logger":"LoginService","row":2,"phone":"kyohi3108@proton.me","name":"Tham gia thảo luận","status":"NEW","isCompleted":false,"isClaimed":false,"cv":0,"tv":30,"msg":"SKIP_MISSION_16"}
{"level":20,"time":"15:30:10.856","logger":"LoginService","row":2,"phone":"kyohi3108@proton.me","name":"Chia sẻ nhiệt tình","status":"NEW","isCompleted":false,"isClaimed":false,"cv":0,"tv":30,"msg":"SKIP_MISSION_17"}
{"level":30,"time":"15:30:11.004","logger":"LoginService","row":1,"phone":"kyohi2286@proton.me","msg":"OK: ClaimStreakMission_18_Day_2"}
{"level":30,"time":"15:30:11.136","logger":"LoginService","row":2,"phone":"kyohi3108@proton.me","msg":"OK: ClaimStreakMission_18_Day_2"}
{"level":30,"time":"15:30:11.205","logger":"LoginService","row":1,"phone":"kyohi2286@proton.me","msg":"OK: MyFriends"}
{"level":30,"time":"15:30:11.318","logger":"LoginService","row":2,"phone":"kyohi3108@proton.me","msg":"OK: MyFriends"}
{"level":30,"time":"15:30:11.393","logger":"LoginService","row":1,"phone":"kyohi2286@proton.me","msg":"OK: Notifications"}
{"level":30,"time":"15:30:11.506","logger":"LoginService","row":2,"phone":"kyohi3108@proton.me","msg":"OK: Notifications"}
{"level":30,"time":"15:30:11.578","logger":"LoginService","row":1,"phone":"kyohi2286@proton.me","reactionCodes":["SMILE","BORED","EMPATHETIC","ANGRY","LIKE","FUNNY","WOW","SAD"],"msg":"REACTION_CODES_READY"}
{"level":30,"time":"15:30:11.696","logger":"LoginService","row":2,"phone":"kyohi3108@proton.me","reactionCodes":["SMILE","BORED","EMPATHETIC","ANGRY","LIKE","FUNNY","WOW","SAD"],"msg":"REACTION_CODES_READY"}
{"level":30,"time":"15:30:11.930","logger":"LoginService","row":1,"phone":"kyohi2286@proton.me","msg":"OK: FeedHome_Page_1"}
{"level":30,"time":"15:30:12.060","logger":"LoginService","row":2,"phone":"kyohi3108@proton.me","msg":"OK: FeedHome_Page_1"}
{"level":30,"time":"15:30:13.233","logger":"LoginService","row":1,"phone":"kyohi2286@proton.me","msg":"OK: FeedHome_Page_2"}
{"level":30,"time":"15:30:13.338","logger":"LoginService","row":2,"phone":"kyohi3108@proton.me","msg":"OK: FeedHome_Page_2"}
{"level":30,"time":"15:30:15.184","logger":"LoginService","row":2,"phone":"kyohi3108@proton.me","msg":"OK: FeedHome_Page_3"}
{"level":30,"time":"15:30:15.380","logger":"LoginService","row":1,"phone":"kyohi2286@proton.me","msg":"OK: FeedHome_Page_3"}
{"level":30,"time":"15:30:15.449","logger":"LoginService","row":2,"phone":"kyohi3108@proton.me","msg":"OK: SurfHome"}
{"level":30,"time":"15:30:15.449","logger":"LoginService","itemsLength":27,"pagesScrolled":3,"msg":"DEBUG_FEEDHOME"}
{"level":30,"time":"15:30:15.449","logger":"LoginService","row":2,"phone":"kyohi3108@proton.me","parsedItemCount":5,"msg":"MISSION_ACTION_DEPENDENT_START"}
{"level":30,"time":"15:30:15.622","logger":"LoginService","row":2,"phone":"kyohi3108@proton.me","msg":"OK: PostReaction_296865382369734656"}
{"level":30,"time":"15:30:15.625","logger":"LoginService","row":1,"phone":"kyohi2286@proton.me","msg":"OK: SurfHome"}
{"level":30,"time":"15:30:15.625","logger":"LoginService","itemsLength":27,"pagesScrolled":3,"msg":"DEBUG_FEEDHOME"}
{"level":30,"time":"15:30:15.625","logger":"LoginService","row":1,"phone":"kyohi2286@proton.me","parsedItemCount":5,"msg":"MISSION_ACTION_DEPENDENT_START"}
{"level":30,"time":"15:30:15.769","logger":"LoginService","row":1,"phone":"kyohi2286@proton.me","msg":"OK: PostReaction_296867561893670912"}
{"level":30,"time":"15:30:15.848","logger":"LoginService","row":2,"phone":"kyohi3108@proton.me","msg":"OK: PostShare_296865382369734656"}
{"level":30,"time":"15:30:15.948","logger":"LoginService","row":1,"phone":"kyohi2286@proton.me","msg":"OK: PostShare_296867561893670912"}
{"level":30,"time":"15:30:16.013","logger":"LoginService","row":2,"phone":"kyohi3108@proton.me","msg":"OK: PostReaction_296866919867363328"}
{"level":30,"time":"15:30:16.091","logger":"LoginService","row":1,"phone":"kyohi2286@proton.me","msg":"OK: PostReaction_296868752128094208"}
{"level":30,"time":"15:30:16.216","logger":"LoginService","row":2,"phone":"kyohi3108@proton.me","msg":"OK: PostShare_296866919867363328"}
{"level":30,"time":"15:30:16.290","logger":"LoginService","row":1,"phone":"kyohi2286@proton.me","msg":"OK: PostShare_296868752128094208"}
{"level":30,"time":"15:30:16.369","logger":"LoginService","row":2,"phone":"kyohi3108@proton.me","msg":"OK: PostReaction_296247426774347776"}
{"level":30,"time":"15:30:16.435","logger":"LoginService","row":1,"phone":"kyohi2286@proton.me","msg":"OK: PostReaction_296239488928198656"}
{"level":30,"time":"15:30:16.568","logger":"LoginService","row":2,"phone":"kyohi3108@proton.me","msg":"OK: PostShare_296247426774347776"}
{"level":30,"time":"15:30:16.614","logger":"LoginService","row":1,"phone":"kyohi2286@proton.me","msg":"OK: PostShare_296239488928198656"}
{"level":30,"time":"15:30:16.718","logger":"LoginService","row":2,"phone":"kyohi3108@proton.me","msg":"OK: PostReaction_296867561893670912"}
{"level":30,"time":"15:30:16.745","logger":"LoginService","row":1,"phone":"kyohi2286@proton.me","msg":"OK: PostReaction_296247426774347776"}
{"level":30,"time":"15:30:16.897","logger":"LoginService","row":2,"phone":"kyohi3108@proton.me","msg":"OK: PostShare_296867561893670912"}
{"level":30,"time":"15:30:16.900","logger":"LoginService","row":1,"phone":"kyohi2286@proton.me","msg":"OK: PostShare_296247426774347776"}
{"level":30,"time":"15:30:17.037","logger":"LoginService","row":1,"phone":"kyohi2286@proton.me","msg":"OK: PostReaction_296870484551806976"}
{"level":30,"time":"15:30:17.056","logger":"LoginService","row":2,"phone":"kyohi3108@proton.me","msg":"OK: PostReaction_296868752128094208"}
{"level":30,"time":"15:30:17.203","logger":"LoginService","row":1,"phone":"kyohi2286@proton.me","msg":"OK: PostShare_296870484551806976"}
{"level":30,"time":"15:30:17.221","logger":"LoginService","row":2,"phone":"kyohi3108@proton.me","msg":"OK: PostShare_296868752128094208"}
{"level":30,"time":"15:30:17.223","logger":"LoginService","row":1,"phone":"kyohi2286@proton.me","videoId":606,"source":"https://www.tiktok.com/@ainius.net/video/7620200474188188929","attempt":1,"msg":"VIDEO_POST_START"}
{"level":30,"time":"15:30:17.235","logger":"LoginService","row":2,"phone":"kyohi3108@proton.me","videoId":611,"source":"https://www.tiktok.com/@ainius.net/video/7620038987977215233","attempt":1,"msg":"VIDEO_POST_START"}
{"level":30,"time":"15:30:17.664","logger":"LoginService","row":2,"phone":"kyohi3108@proton.me","postId":"297392168572694528","msg":"VIDEO_POST_ID_GENERATED"}
{"level":30,"time":"15:30:17.664","logger":"LoginService","row":2,"phone":"kyohi3108@proton.me","postId":"297392168572694528","fileName":"tt_raw_7620038987977215233.mp4","fileSizeBytes":1868006,"thumbnailFileName":"tt_raw_7620038987977215233.jpg","uploadMode":"presigned+complete","width":720,"height":1280,"duration":100.466667,"msg":"VIDEO_UPLOAD_REQUEST_PREPARED"}
{"level":30,"time":"15:30:18.225","logger":"LoginService","row":2,"phone":"kyohi3108@proton.me","filePath":"tt_raw_7620038987977215233.jpg","objectRef":"eric/20260331/297392168572694528/thumb/tt_raw_7620038987977215233.jpg","uploadAttempt":"post-multipart-file","msg":"VIDEO_THUMBNAIL_S3_UPLOAD_SUCCESS"}
{"level":30,"time":"15:30:20.244","logger":"LoginService","row":2,"phone":"kyohi3108@proton.me","filePath":"tt_raw_7620038987977215233.mp4","objectRef":"eric/20260331/297392168572694528/origin/tt_raw_7620038987977215233.mp4","uploadAttempt":"post-multipart-file","msg":"VIDEO_FILE_S3_UPLOAD_SUCCESS"}
{"level":30,"time":"15:30:20.244","logger":"LoginService","row":2,"phone":"kyohi3108@proton.me","postId":"297392168572694528","msg":"VIDEO_POST_COMPLETE_REQUEST"}
{"level":40,"time":"15:30:20.515","logger":"LoginService","row":2,"phone":"kyohi3108@proton.me","detail":"[object]","backendMessage":"Bad Request","backendRaw":"{\"isSucceed\":false,\"message\":\"Bad Request\",\"data\":null}","failedUrl":"https://social.eric.pro.vn/api/posts/complete","msg":"MISSION_IGNORED (400): CreateVideoPost"}
{"level":30,"time":"15:30:20.558","logger":"LoginService","row":2,"phone":"kyohi3108@proton.me","videoId":613,"source":"https://www.tiktok.com/@ainius.net/video/7620033852920089857","attempt":1,"msg":"SURF_VIDEO_START"}
{"level":30,"time":"15:30:24.028","logger":"LoginService","row":2,"phone":"kyohi3108@proton.me","surfId":"297392195256856576","msg":"SURF_ID_GENERATED"}
{"level":30,"time":"15:30:24.498","logger":"LoginService","row":2,"phone":"kyohi3108@proton.me","filePath":"54c365a6-57ca-48d2-a13b-b99a971beebf.jpg","objectRef":"eric/20260331/297392195256856576/origin/54c365a6-57ca-48d2-a13b-b99a971beebf.jpg","uploadAttempt":"post-multipart-file","msg":"SURF_THUMBNAIL_S3_UPLOAD_SUCCESS"}
{"level":30,"time":"15:30:26.593","logger":"LoginService","row":2,"phone":"kyohi3108@proton.me","filePath":"tt_raw_7620033852920089857.mp4","objectRef":"eric/20260331/297392195256856576/origin/54c365a6-57ca-48d2-a13b-b99a971beebf.mp4","uploadAttempt":"post-multipart-file","msg":"SURF_FILE_S3_UPLOAD_SUCCESS"}
{"level":30,"time":"15:30:26.594","logger":"LoginService","row":2,"phone":"kyohi3108@proton.me","surfId":"297392195256856576","msg":"SURF_COMPLETE_REQUEST"}
{"level":30,"time":"15:30:26.695","logger":"LoginService","row":1,"phone":"kyohi2286@proton.me","postId":"297392206300459008","msg":"VIDEO_POST_ID_GENERATED"}
{"level":30,"time":"15:30:26.695","logger":"LoginService","row":1,"phone":"kyohi2286@proton.me","postId":"297392206300459008","fileName":"tt_raw_7620200474188188929.mp4","fileSizeBytes":2590207,"thumbnailFileName":"tt_raw_7620200474188188929.jpg","uploadMode":"presigned+complete","width":1080,"height":1920,"duration":148.066667,"msg":"VIDEO_UPLOAD_REQUEST_PREPARED"}
{"level":30,"time":"15:30:27.041","logger":"LoginService","row":2,"phone":"kyohi3108@proton.me","surfId":"297392195256856576","status":201,"msg":"SURF_COMPLETE_RESPONSE"}
{"level":30,"time":"15:30:27.066","logger":"LoginService","row":2,"phone":"kyohi3108@proton.me","msg":"OK: CreateSurf"}
{"level":30,"time":"15:30:27.193","logger":"LoginService","row":1,"phone":"kyohi2286@proton.me","filePath":"tt_raw_7620200474188188929.jpg","objectRef":"eric/20260331/297392206300459008/thumb/tt_raw_7620200474188188929.jpg","uploadAttempt":"post-multipart-file","msg":"VIDEO_THUMBNAIL_S3_UPLOAD_SUCCESS"}
{"level":30,"time":"15:30:27.236","logger":"LoginService","row":2,"phone":"kyohi3108@proton.me","msg":"OK: BackgroundColor"}
{"level":30,"time":"15:30:27.390","logger":"LoginService","row":2,"phone":"kyohi3108@proton.me","msg":"OK: ReactionList"}
{"level":30,"time":"15:30:27.591","logger":"LoginService","row":2,"phone":"kyohi3108@proton.me","msg":"OK: GetReceivedFriendRequests"}
{"level":30,"time":"15:30:27.602","logger":"LoginService","row":2,"phone":"kyohi3108@proton.me","msg":"NO_INTERNAL_FRIEND_TARGETS"}
{"level":30,"time":"15:30:27.602","logger":"LoginService","row":2,"phone":"kyohi3108@proton.me","msg":"BOT_MISSIONS_COMPLETE"}
{"level":30,"time":"15:30:29.836","logger":"LoginService","row":1,"phone":"kyohi2286@proton.me","filePath":"tt_raw_7620200474188188929.mp4","objectRef":"eric/20260331/297392206300459008/origin/tt_raw_7620200474188188929.mp4","uploadAttempt":"post-multipart-file","msg":"VIDEO_FILE_S3_UPLOAD_SUCCESS"}
{"level":30,"time":"15:30:29.837","logger":"LoginService","row":1,"phone":"kyohi2286@proton.me","postId":"297392206300459008","msg":"VIDEO_POST_COMPLETE_REQUEST"}
{"level":40,"time":"15:30:30.040","logger":"LoginService","row":1,"phone":"kyohi2286@proton.me","detail":"[object]","backendMessage":"Bad Request","backendRaw":"{\"isSucceed\":false,\"message\":\"Bad Request\",\"data\":null}","failedUrl":"https://social.eric.pro.vn/api/posts/complete","msg":"MISSION_IGNORED (400): CreateVideoPost"}
{"level":30,"time":"15:30:30.060","logger":"LoginService","row":1,"phone":"kyohi2286@proton.me","videoId":613,"source":"https://www.tiktok.com/@ainius.net/video/7620033852920089857","attempt":1,"msg":"SURF_VIDEO_START"}
{"level":30,"time":"15:30:32.783","logger":"LoginService","row":1,"phone":"kyohi2286@proton.me","surfId":"297392231894102016","msg":"SURF_ID_GENERATED"}
{"level":30,"time":"15:30:33.189","logger":"LoginService","row":1,"phone":"kyohi2286@proton.me","filePath":"8599344d-72f6-4a67-b99e-2ddae84c3be8.jpg","objectRef":"eric/20260331/297392231894102016/origin/8599344d-72f6-4a67-b99e-2ddae84c3be8.jpg","uploadAttempt":"post-multipart-file","msg":"SURF_THUMBNAIL_S3_UPLOAD_SUCCESS"}
{"level":30,"time":"15:30:35.268","logger":"LoginService","row":1,"phone":"kyohi2286@proton.me","filePath":"tt_raw_7620033852920089857.mp4","objectRef":"eric/20260331/297392231894102016/origin/8599344d-72f6-4a67-b99e-2ddae84c3be8.mp4","uploadAttempt":"post-multipart-file","msg":"SURF_FILE_S3_UPLOAD_SUCCESS"}
{"level":30,"time":"15:30:35.270","logger":"LoginService","row":1,"phone":"kyohi2286@proton.me","surfId":"297392231894102016","msg":"SURF_COMPLETE_REQUEST"}
{"level":30,"time":"15:30:35.726","logger":"LoginService","row":1,"phone":"kyohi2286@proton.me","surfId":"297392231894102016","status":201,"msg":"SURF_COMPLETE_RESPONSE"}
{"level":30,"time":"15:30:35.771","logger":"LoginService","videoId":613,"msg":"SOURCE_SURF_VIDEO_DELETED_AFTER_MAX_POSTS"}
{"level":30,"time":"15:30:35.771","logger":"LoginService","row":1,"phone":"kyohi2286@proton.me","msg":"OK: CreateSurf"}
{"level":30,"time":"15:30:35.996","logger":"LoginService","row":1,"phone":"kyohi2286@proton.me","msg":"OK: BackgroundColor"}
{"level":30,"time":"15:30:36.165","logger":"LoginService","row":1,"phone":"kyohi2286@proton.me","msg":"OK: ReactionList"}
{"level":30,"time":"15:30:36.388","logger":"LoginService","row":1,"phone":"kyohi2286@proton.me","msg":"OK: GetReceivedFriendRequests"}
{"level":30,"time":"15:30:36.397","logger":"LoginService","row":1,"phone":"kyohi2286@proton.me","msg":"NO_INTERNAL_FRIEND_TARGETS"}
{"level":30,"time":"15:30:36.397","logger":"LoginService","row":1,"phone":"kyohi2286@proton.me","msg":"BOT_MISSIONS_COMPLETE"}
{"level":20,"time":"15:30:36.409","logger":"LoginService","summary":{"success":2,"alreadyOk":2,"relogin":0,"fail":0,"accounts":2},"msg":"JOB_SUMMARY"}
{"level":20,"time":"15:30:36.409","logger":"LoginService","summary":{"success":2,"alreadyOk":2,"relogin":0,"fail":0,"accounts":2},"msg":"JOB_DONE"}
{"level":30,"time":"15:30:36.409","logger":"LoginService","msg":"LOGIN summary: success=2 alreadyOk=2 relogin=0 fail=0"}
{"level":20,"time":"15:35:30.307","logger":"LoginService","config":{"KONG_URL":"https://social.eric.pro.vn","INTERVAL_MS":60000,"RUN_ONCE":false,"PROXY_REQUIRED":false,"AUTO_FETCH_OTP":true,"AUTO_RESEND":true,"OTP_TIMEOUT_MS":30000,"OTP_POLL_MS":300,"OTP_VERIFY_RETRY":5,"VERIFY_WINDOW_MS":10000,"RESEND_WINDOW_MS":10000,"MAX_RESEND":2,"OTP_DEBUG_PATH_REDIS":"/auth/debug/redis-otp","LOG_LEVEL":"debug","LOG_VERBOSE":false,"UPSTASH_REDIS_REST_URL":"","UPSTASH_REDIS_REST_TOKEN":""},"msg":"Service_CONFIG"}
{"level":20,"time":"15:35:30.307","logger":"LoginService","reason":"startup","msg":"JOB_START"}
{"level":20,"time":"15:35:30.337","logger":"LoginService","msg":"Loaded 2 accounts from database."}
{"level":30,"time":"15:35:30.337","logger":"LoginService","msg":"Starting login flow for accounts..."}
{"level":20,"time":"15:35:30.337","logger":"LoginService","accounts":2,"msg":"ACCOUNTS_LOADED"}
{"level":30,"time":"15:35:30.338","logger":"LoginService","row":1,"phone":"kyohi2286@proton.me","password":"***len=9","msg":"ACCOUNT_START"}
{"level":30,"time":"15:35:30.352","logger":"LoginService","row":2,"phone":"kyohi3108@proton.me","password":"***len=9","msg":"ACCOUNT_START"}
{"level":30,"time":"15:35:30.363","logger":"LoginService","phone":"kyohi2286@proton.me","deviceId":"F2A7D9C1-6E3B-4D84-8A1F-9B5C2E7D0A4F","userAgent":"ERIC/1.0.0 (iOS; 18.6.2; iPhone 16 Plus)","access":{"present":true,"validJwt":true,"sub":"kyohi.1774939310625251437","id":8646911284551382000,"clientType":"mobile","deviceId":"F2A7D9C1-6E3B-4D84-8A1F-9B5C2E7D0A4F","iat":1774970897,"exp":1774971797},"msg":"GET_ME_TOKEN_SUMMARY"}
{"level":30,"time":"15:35:30.364","logger":"LoginService","phone":"kyohi3108@proton.me","deviceId":"1A3E5F9C-2B8D-470A-A1F3-8C2E4D9B6A1F","userAgent":"ERIC/1.2.0 (Android; 13; Oppo Find X6)","access":{"present":true,"validJwt":true,"sub":"kyomask.1774940413791076698","id":4611686018427388000,"clientType":"mobile","deviceId":"1A3E5F9C-2B8D-470A-A1F3-8C2E4D9B6A1F","iat":1774970897,"exp":1774971797},"msg":"GET_ME_TOKEN_SUMMARY"}
{"level":30,"time":"15:35:35.395","logger":"LoginService","row":1,"phone":"kyohi2286@proton.me","msg":"BOT_MISSIONS_START"}
{"level":30,"time":"15:35:36.214","logger":"LoginService","row":1,"phone":"kyohi2286@proton.me","msg":"OK: ProfileMe"}
{"level":30,"time":"15:35:36.950","logger":"LoginService","row":1,"phone":"kyohi2286@proton.me","balance":{"balance":2,"dailyRemainingPoint":1,"dailyEarnedPoint":2},"dailyRemainingPoint":1,"dailyEarnedPoint":2,"msg":"OK: PointBalance"}
{"level":30,"time":"15:35:37.669","logger":"LoginService","row":1,"phone":"kyohi2286@proton.me","msg":"OK: Missions"}
{"level":20,"time":"15:35:37.670","logger":"LoginService","row":1,"phone":"kyohi2286@proton.me","name":"Thả cảm xúc","status":"NEW","isCompleted":false,"isClaimed":false,"cv":0,"tv":3,"msg":"SKIP_MISSION_9"}
{"level":20,"time":"15:35:37.670","logger":"LoginService","row":1,"phone":"kyohi2286@proton.me","name":"Bình luận","status":"NEW","isCompleted":false,"isClaimed":false,"cv":0,"tv":3,"msg":"SKIP_MISSION_10"}
{"level":20,"time":"15:35:37.670","logger":"LoginService","row":1,"phone":"kyohi2286@proton.me","name":"Chia sẻ bài viết","status":"NEW","isCompleted":false,"isClaimed":false,"cv":0,"tv":3,"msg":"SKIP_MISSION_11"}
{"level":20,"time":"15:35:37.670","logger":"LoginService","row":1,"phone":"kyohi2286@proton.me","name":"Kết bạn mới","status":"NEW","isCompleted":false,"isClaimed":false,"cv":0,"tv":2,"msg":"SKIP_MISSION_12"}
{"level":20,"time":"15:35:37.670","logger":"LoginService","row":1,"phone":"kyohi2286@proton.me","name":"Người thả cảm xúc siêu hạng","status":"NEW","isCompleted":false,"isClaimed":false,"cv":0,"tv":20,"msg":"SKIP_MISSION_13"}
{"level":20,"time":"15:35:37.670","logger":"LoginService","row":1,"phone":"kyohi2286@proton.me","name":"Đăng bài đều đặn","status":"NEW","isCompleted":false,"isClaimed":false,"cv":0,"tv":20,"msg":"SKIP_MISSION_14"}
{"level":20,"time":"15:35:37.670","logger":"LoginService","row":1,"phone":"kyohi2286@proton.me","name":"Mở rộng mạng lưới","status":"NEW","isCompleted":false,"isClaimed":false,"cv":0,"tv":30,"msg":"SKIP_MISSION_15"}
{"level":20,"time":"15:35:37.670","logger":"LoginService","row":1,"phone":"kyohi2286@proton.me","name":"Tham gia thảo luận","status":"NEW","isCompleted":false,"isClaimed":false,"cv":0,"tv":30,"msg":"SKIP_MISSION_16"}
{"level":20,"time":"15:35:37.670","logger":"LoginService","row":1,"phone":"kyohi2286@proton.me","name":"Chia sẻ nhiệt tình","status":"NEW","isCompleted":false,"isClaimed":false,"cv":0,"tv":30,"msg":"SKIP_MISSION_17"}
{"level":20,"time":"15:35:37.670","logger":"LoginService","row":1,"phone":"kyohi2286@proton.me","name":"Chuỗi đăng nhập 7 ngày","cv":2,"lastStreakDate":1774915200000,"msg":"SKIP_STREAK_MISSION_ALREADY_CLAIMED_TODAY_18"}
{"level":30,"time":"15:35:38.511","logger":"LoginService","row":1,"phone":"kyohi2286@proton.me","msg":"OK: MyFriends"}
{"level":30,"time":"15:35:39.270","logger":"LoginService","row":1,"phone":"kyohi2286@proton.me","msg":"OK: Notifications"}
{"level":30,"time":"15:35:40.003","logger":"LoginService","row":1,"phone":"kyohi2286@proton.me","reactionCodes":["SMILE","BORED","EMPATHETIC","ANGRY","LIKE","FUNNY","WOW","SAD"],"msg":"REACTION_CODES_READY"}
{"level":30,"time":"15:35:40.427","logger":"LoginService","phone":"kyohi3108@proton.me","error":"timeout of 10000ms exceeded","msg":"GET_ME_ERROR_DETAIL"}
{"level":30,"time":"15:35:40.805","logger":"LoginService","row":1,"phone":"kyohi2286@proton.me","msg":"OK: FeedHome_Page_1"}
{"level":30,"time":"15:35:43.145","logger":"LoginService","row":1,"phone":"kyohi2286@proton.me","msg":"OK: FeedHome_Page_2"}
{"level":30,"time":"15:35:43.395","logger":"LoginService","phone":"kyohi3108@proton.me","deviceId":"1A3E5F9C-2B8D-470A-A1F3-8C2E4D9B6A1F","userAgent":"ERIC/1.2.0 (Android; 13; Oppo Find X6)","access":{"present":true,"validJwt":true,"sub":"kyomask.1774940413791076698","id":4611686018427388000,"clientType":"mobile","deviceId":"1A3E5F9C-2B8D-470A-A1F3-8C2E4D9B6A1F","iat":1774971343,"exp":1774972243},"refresh":{"present":true,"validJwt":true,"sub":"kyomask.1774940413791076698","id":4611686018427388000,"clientType":"mobile","deviceId":"1A3E5F9C-2B8D-470A-A1F3-8C2E4D9B6A1F","iat":1774971343,"exp":1775576143},"msg":"LOGIN_PASS_TOKEN_SUMMARY"}
{"level":20,"time":"15:35:43.395","logger":"LoginService","msg":"LOGIN_PASS_SUCCESS"}
{"level":30,"time":"15:35:43.417","logger":"LoginService","phone":"kyohi3108@proton.me","deviceId":"1A3E5F9C-2B8D-470A-A1F3-8C2E4D9B6A1F","userAgent":"ERIC/1.2.0 (Android; 13; Oppo Find X6)","access":{"present":true,"validJwt":true,"sub":"kyomask.1774940413791076698","id":4611686018427388000,"clientType":"mobile","deviceId":"1A3E5F9C-2B8D-470A-A1F3-8C2E4D9B6A1F","iat":1774971343,"exp":1774972243},"msg":"GET_ME_TOKEN_SUMMARY"}
{"level":30,"time":"15:35:43.882","logger":"LoginService","row":2,"phone":"kyohi3108@proton.me","msg":"BOT_MISSIONS_START"}
{"level":30,"time":"15:35:44.551","logger":"LoginService","row":2,"phone":"kyohi3108@proton.me","msg":"OK: ProfileMe"}
{"level":30,"time":"15:35:45.301","logger":"LoginService","row":2,"phone":"kyohi3108@proton.me","balance":{"balance":2,"dailyRemainingPoint":1,"dailyEarnedPoint":2},"dailyRemainingPoint":1,"dailyEarnedPoint":2,"msg":"OK: PointBalance"}
{"level":30,"time":"15:35:45.818","logger":"LoginService","row":1,"phone":"kyohi2286@proton.me","msg":"OK: FeedHome_Page_3"}
{"level":30,"time":"15:35:46.070","logger":"LoginService","row":2,"phone":"kyohi3108@proton.me","msg":"OK: Missions"}
{"level":20,"time":"15:35:46.070","logger":"LoginService","row":2,"phone":"kyohi3108@proton.me","name":"Thả cảm xúc","status":"NEW","isCompleted":false,"isClaimed":false,"cv":0,"tv":3,"msg":"SKIP_MISSION_9"}
{"level":20,"time":"15:35:46.070","logger":"LoginService","row":2,"phone":"kyohi3108@proton.me","name":"Bình luận","status":"NEW","isCompleted":false,"isClaimed":false,"cv":0,"tv":3,"msg":"SKIP_MISSION_10"}
{"level":20,"time":"15:35:46.070","logger":"LoginService","row":2,"phone":"kyohi3108@proton.me","name":"Chia sẻ bài viết","status":"NEW","isCompleted":false,"isClaimed":false,"cv":0,"tv":3,"msg":"SKIP_MISSION_11"}
{"level":20,"time":"15:35:46.070","logger":"LoginService","row":2,"phone":"kyohi3108@proton.me","name":"Kết bạn mới","status":"NEW","isCompleted":false,"isClaimed":false,"cv":0,"tv":2,"msg":"SKIP_MISSION_12"}
{"level":20,"time":"15:35:46.070","logger":"LoginService","row":2,"phone":"kyohi3108@proton.me","name":"Người thả cảm xúc siêu hạng","status":"NEW","isCompleted":false,"isClaimed":false,"cv":0,"tv":20,"msg":"SKIP_MISSION_13"}
{"level":20,"time":"15:35:46.070","logger":"LoginService","row":2,"phone":"kyohi3108@proton.me","name":"Đăng bài đều đặn","status":"NEW","isCompleted":false,"isClaimed":false,"cv":0,"tv":20,"msg":"SKIP_MISSION_14"}
{"level":20,"time":"15:35:46.070","logger":"LoginService","row":2,"phone":"kyohi3108@proton.me","name":"Mở rộng mạng lưới","status":"NEW","isCompleted":false,"isClaimed":false,"cv":0,"tv":30,"msg":"SKIP_MISSION_15"}
{"level":20,"time":"15:35:46.070","logger":"LoginService","row":2,"phone":"kyohi3108@proton.me","name":"Tham gia thảo luận","status":"NEW","isCompleted":false,"isClaimed":false,"cv":0,"tv":30,"msg":"SKIP_MISSION_16"}
{"level":20,"time":"15:35:46.070","logger":"LoginService","row":2,"phone":"kyohi3108@proton.me","name":"Chia sẻ nhiệt tình","status":"NEW","isCompleted":false,"isClaimed":false,"cv":0,"tv":30,"msg":"SKIP_MISSION_17"}
{"level":20,"time":"15:35:46.070","logger":"LoginService","row":2,"phone":"kyohi3108@proton.me","name":"Chuỗi đăng nhập 7 ngày","cv":2,"lastStreakDate":1774915200000,"msg":"SKIP_STREAK_MISSION_ALREADY_CLAIMED_TODAY_18"}
{"level":30,"time":"15:35:46.816","logger":"LoginService","row":1,"phone":"kyohi2286@proton.me","msg":"OK: SurfHome"}
{"level":30,"time":"15:35:46.816","logger":"LoginService","itemsLength":27,"pagesScrolled":3,"msg":"DEBUG_FEEDHOME"}
{"level":30,"time":"15:35:46.816","logger":"LoginService","row":1,"phone":"kyohi2286@proton.me","parsedItemCount":5,"msg":"MISSION_ACTION_DEPENDENT_START"}
{"level":30,"time":"15:35:46.921","logger":"LoginService","row":2,"phone":"kyohi3108@proton.me","msg":"OK: MyFriends"}
{"level":30,"time":"15:35:47.730","logger":"LoginService","row":1,"phone":"kyohi2286@proton.me","msg":"OK: PostReaction_296870484551806976"}
{"level":30,"time":"15:35:47.803","logger":"LoginService","row":2,"phone":"kyohi3108@proton.me","msg":"OK: Notifications"}
{"level":30,"time":"15:35:48.529","logger":"LoginService","row":2,"phone":"kyohi3108@proton.me","reactionCodes":["SMILE","BORED","EMPATHETIC","ANGRY","LIKE","FUNNY","WOW","SAD"],"msg":"REACTION_CODES_READY"}
{"level":30,"time":"15:35:48.621","logger":"LoginService","row":1,"phone":"kyohi2286@proton.me","msg":"OK: PostShare_296870484551806976"}
{"level":30,"time":"15:35:49.438","logger":"LoginService","row":2,"phone":"kyohi3108@proton.me","msg":"OK: FeedHome_Page_1"}
{"level":30,"time":"15:35:49.465","logger":"LoginService","row":1,"phone":"kyohi2286@proton.me","msg":"OK: PostReaction_296239488928198656"}
{"level":30,"time":"15:35:50.249","logger":"LoginService","row":1,"phone":"kyohi2286@proton.me","msg":"OK: PostShare_296239488928198656"}
{"level":30,"time":"15:35:51.108","logger":"LoginService","row":1,"phone":"kyohi2286@proton.me","msg":"OK: PostReaction_296868752128094208"}
{"level":30,"time":"15:35:51.505","logger":"LoginService","row":2,"phone":"kyohi3108@proton.me","msg":"OK: FeedHome_Page_2"}
{"level":30,"time":"15:35:52.012","logger":"LoginService","row":1,"phone":"kyohi2286@proton.me","msg":"OK: PostShare_296868752128094208"}
{"level":30,"time":"15:35:52.730","logger":"LoginService","row":1,"phone":"kyohi2286@proton.me","msg":"OK: PostReaction_295517009897205760"}
{"level":30,"time":"15:35:53.406","logger":"LoginService","row":1,"phone":"kyohi2286@proton.me","msg":"OK: PostShare_295517009897205760"}
{"level":30,"time":"15:35:53.956","logger":"LoginService","row":2,"phone":"kyohi3108@proton.me","msg":"OK: FeedHome_Page_3"}
{"level":30,"time":"15:35:54.052","logger":"LoginService","row":1,"phone":"kyohi2286@proton.me","msg":"OK: PostReaction_296867561893670912"}
{"level":30,"time":"15:35:54.721","logger":"LoginService","row":2,"phone":"kyohi3108@proton.me","msg":"OK: SurfHome"}
{"level":30,"time":"15:35:54.721","logger":"LoginService","itemsLength":27,"pagesScrolled":3,"msg":"DEBUG_FEEDHOME"}
{"level":30,"time":"15:35:54.721","logger":"LoginService","row":2,"phone":"kyohi3108@proton.me","parsedItemCount":5,"msg":"MISSION_ACTION_DEPENDENT_START"}
{"level":30,"time":"15:35:54.787","logger":"LoginService","row":1,"phone":"kyohi2286@proton.me","msg":"OK: PostShare_296867561893670912"}
{"level":30,"time":"15:35:54.807","logger":"LoginService","row":1,"phone":"kyohi2286@proton.me","videoId":606,"source":"https://www.tiktok.com/@ainius.net/video/7620200474188188929","attempt":1,"msg":"VIDEO_POST_START"}
{"level":30,"time":"15:35:55.432","logger":"LoginService","row":2,"phone":"kyohi3108@proton.me","msg":"OK: PostReaction_296865382369734656"}
{"level":30,"time":"15:35:56.349","logger":"LoginService","row":2,"phone":"kyohi3108@proton.me","msg":"OK: PostShare_296865382369734656"}
{"level":30,"time":"15:35:57.038","logger":"LoginService","row":2,"phone":"kyohi3108@proton.me","msg":"OK: PostReaction_296239488928198656"}
{"level":30,"time":"15:35:57.654","logger":"LoginService","row":2,"phone":"kyohi3108@proton.me","msg":"OK: PostShare_296239488928198656"}
{"level":30,"time":"15:35:58.285","logger":"LoginService","row":2,"phone":"kyohi3108@proton.me","msg":"OK: PostReaction_296870484551806976"}
{"level":30,"time":"15:35:59.088","logger":"LoginService","row":2,"phone":"kyohi3108@proton.me","msg":"OK: PostShare_296870484551806976"}
{"level":30,"time":"15:35:59.861","logger":"LoginService","row":2,"phone":"kyohi3108@proton.me","msg":"OK: PostReaction_296239129715421184"}
{"level":30,"time":"15:36:01.524","logger":"LoginService","row":2,"phone":"kyohi3108@proton.me","msg":"OK: PostShare_296239129715421184"}
{"level":30,"time":"15:36:02.350","logger":"LoginService","row":2,"phone":"kyohi3108@proton.me","msg":"OK: PostReaction_296247426774347776"}
{"level":30,"time":"15:36:03.106","logger":"LoginService","row":2,"phone":"kyohi3108@proton.me","msg":"OK: PostShare_296247426774347776"}
{"level":30,"time":"15:36:03.123","logger":"LoginService","row":2,"phone":"kyohi3108@proton.me","videoId":611,"source":"https://www.tiktok.com/@ainius.net/video/7620038987977215233","attempt":1,"msg":"VIDEO_POST_START"}
{"level":30,"time":"15:36:04.074","logger":"LoginService","row":2,"phone":"kyohi3108@proton.me","postId":"297393621508960256","msg":"VIDEO_POST_ID_GENERATED"}
{"level":30,"time":"15:36:04.074","logger":"LoginService","row":2,"phone":"kyohi3108@proton.me","postId":"297393621508960256","fileName":"tt_raw_7620038987977215233.mp4","fileSizeBytes":1868006,"thumbnailFileName":"tt_raw_7620038987977215233.jpg","uploadMode":"presigned+complete","width":720,"height":1280,"duration":100.466667,"msg":"VIDEO_UPLOAD_REQUEST_PREPARED"}
{"level":30,"time":"15:36:05.832","logger":"LoginService","row":1,"phone":"kyohi2286@proton.me","postId":"297393628836409344","msg":"VIDEO_POST_ID_GENERATED"}
{"level":30,"time":"15:36:05.832","logger":"LoginService","row":1,"phone":"kyohi2286@proton.me","postId":"297393628836409344","fileName":"tt_raw_7620200474188188929.mp4","fileSizeBytes":2590207,"thumbnailFileName":"tt_raw_7620200474188188929.jpg","uploadMode":"presigned+complete","width":1080,"height":1920,"duration":148.066667,"msg":"VIDEO_UPLOAD_REQUEST_PREPARED"}
{"level":30,"time":"15:36:07.681","logger":"LoginService","row":2,"phone":"kyohi3108@proton.me","filePath":"tt_raw_7620038987977215233.jpg","objectRef":"eric/20260331/297393621508960256/thumb/tt_raw_7620038987977215233.jpg","uploadAttempt":"post-multipart-file","msg":"VIDEO_THUMBNAIL_S3_UPLOAD_SUCCESS"}
{"level":30,"time":"15:36:12.113","logger":"LoginService","row":1,"phone":"kyohi2286@proton.me","filePath":"tt_raw_7620200474188188929.jpg","objectRef":"eric/20260331/297393628836409344/thumb/tt_raw_7620200474188188929.jpg","uploadAttempt":"post-multipart-file","msg":"VIDEO_THUMBNAIL_S3_UPLOAD_SUCCESS"}
{"level":30,"time":"15:36:14.764","logger":"LoginService","row":2,"phone":"kyohi3108@proton.me","filePath":"tt_raw_7620038987977215233.mp4","objectRef":"eric/20260331/297393621508960256/origin/tt_raw_7620038987977215233.mp4","uploadAttempt":"post-multipart-file","msg":"VIDEO_FILE_S3_UPLOAD_SUCCESS"}
{"level":30,"time":"15:36:14.765","logger":"LoginService","row":2,"phone":"kyohi3108@proton.me","postId":"297393621508960256","msg":"VIDEO_POST_COMPLETE_REQUEST"}
{"level":40,"time":"15:36:15.389","logger":"LoginService","row":2,"phone":"kyohi3108@proton.me","detail":"[object]","backendMessage":"Bad Request","backendRaw":"{\"isSucceed\":false,\"message\":\"Bad Request\",\"data\":null}","failedUrl":"https://social.eric.pro.vn/api/posts/complete","msg":"MISSION_IGNORED (400): CreateVideoPost"}
{"level":30,"time":"15:36:15.418","logger":"LoginService","row":2,"phone":"kyohi3108@proton.me","videoId":614,"source":"https://www.tiktok.com/@ainius.net/video/7619935470553697553","attempt":1,"msg":"SURF_VIDEO_START"}
{"level":30,"time":"15:36:16.942","logger":"LoginService","row":2,"phone":"kyohi3108@proton.me","surfId":"297393675481264128","msg":"SURF_ID_GENERATED"}
{"level":30,"time":"15:36:18.713","logger":"LoginService","row":2,"phone":"kyohi3108@proton.me","filePath":"2bbe21ca-6e5e-4a9c-9154-e0f4d57b0ec3.jpg","objectRef":"eric/20260331/297393675481264128/origin/2bbe21ca-6e5e-4a9c-9154-e0f4d57b0ec3.jpg","uploadAttempt":"post-multipart-file","msg":"SURF_THUMBNAIL_S3_UPLOAD_SUCCESS"}
{"level":30,"time":"15:36:25.752","logger":"LoginService","row":2,"phone":"kyohi3108@proton.me","filePath":"tt_raw_7619935470553697553.mp4","objectRef":"eric/20260331/297393675481264128/origin/2bbe21ca-6e5e-4a9c-9154-e0f4d57b0ec3.mp4","uploadAttempt":"post-multipart-file","msg":"SURF_FILE_S3_UPLOAD_SUCCESS"}
{"level":30,"time":"15:36:25.753","logger":"LoginService","row":2,"phone":"kyohi3108@proton.me","surfId":"297393675481264128","msg":"SURF_COMPLETE_REQUEST"}
{"level":30,"time":"15:36:28.785","logger":"LoginService","row":2,"phone":"kyohi3108@proton.me","surfId":"297393675481264128","status":201,"msg":"SURF_COMPLETE_RESPONSE"}
{"level":30,"time":"15:36:28.812","logger":"LoginService","row":2,"phone":"kyohi3108@proton.me","msg":"OK: CreateSurf"}
{"level":30,"time":"15:36:29.629","logger":"LoginService","row":2,"phone":"kyohi3108@proton.me","msg":"OK: BackgroundColor"}
{"level":30,"time":"15:36:30.431","logger":"LoginService","row":2,"phone":"kyohi3108@proton.me","msg":"OK: ReactionList"}
{"level":30,"time":"15:36:31.245","logger":"LoginService","row":2,"phone":"kyohi3108@proton.me","msg":"OK: GetReceivedFriendRequests"}
{"level":30,"time":"15:36:31.255","logger":"LoginService","row":2,"phone":"kyohi3108@proton.me","msg":"NO_INTERNAL_FRIEND_TARGETS"}
{"level":30,"time":"15:36:31.255","logger":"LoginService","row":2,"phone":"kyohi3108@proton.me","msg":"BOT_MISSIONS_COMPLETE"}
{"level":30,"time":"15:36:46.744","logger":"LoginService","row":1,"phone":"kyohi2286@proton.me","filePath":"tt_raw_7620200474188188929.mp4","objectRef":"eric/20260331/297393628836409344/origin/tt_raw_7620200474188188929.mp4","uploadAttempt":"post-multipart-file","msg":"VIDEO_FILE_S3_UPLOAD_SUCCESS"}
{"level":30,"time":"15:36:46.745","logger":"LoginService","row":1,"phone":"kyohi2286@proton.me","postId":"297393628836409344","msg":"VIDEO_POST_COMPLETE_REQUEST"}
{"level":40,"time":"15:36:49.769","logger":"LoginService","row":1,"phone":"kyohi2286@proton.me","detail":"[object]","backendMessage":"Bad Request","backendRaw":"{\"isSucceed\":false,\"message\":\"Bad Request\",\"data\":null}","failedUrl":"https://social.eric.pro.vn/api/posts/complete","msg":"MISSION_IGNORED (400): CreateVideoPost"}
{"level":30,"time":"15:36:49.784","logger":"LoginService","row":1,"phone":"kyohi2286@proton.me","videoId":614,"source":"https://www.tiktok.com/@ainius.net/video/7619935470553697553","attempt":1,"msg":"SURF_VIDEO_START"}
{"level":30,"time":"15:36:51.371","logger":"LoginService","row":1,"phone":"kyohi2286@proton.me","surfId":"297393819836624896","msg":"SURF_ID_GENERATED"}
{"level":30,"time":"15:36:56.341","logger":"LoginService","row":1,"phone":"kyohi2286@proton.me","filePath":"aa0ea4f7-ad0b-4c85-813d-4c87088b8539.jpg","objectRef":"eric/20260331/297393819836624896/origin/aa0ea4f7-ad0b-4c85-813d-4c87088b8539.jpg","uploadAttempt":"post-multipart-file","msg":"SURF_THUMBNAIL_S3_UPLOAD_SUCCESS"}
{"level":30,"time":"15:37:11.153","logger":"LoginService","row":1,"phone":"kyohi2286@proton.me","filePath":"tt_raw_7619935470553697553.mp4","objectRef":"eric/20260331/297393819836624896/origin/aa0ea4f7-ad0b-4c85-813d-4c87088b8539.mp4","uploadAttempt":"post-multipart-file","msg":"SURF_FILE_S3_UPLOAD_SUCCESS"}
{"level":30,"time":"15:37:11.154","logger":"LoginService","row":1,"phone":"kyohi2286@proton.me","surfId":"297393819836624896","msg":"SURF_COMPLETE_REQUEST"}
{"level":30,"time":"15:37:14.308","logger":"LoginService","row":1,"phone":"kyohi2286@proton.me","surfId":"297393819836624896","status":201,"msg":"SURF_COMPLETE_RESPONSE"}
{"level":30,"time":"15:37:14.344","logger":"LoginService","videoId":614,"msg":"SOURCE_SURF_VIDEO_DELETED_AFTER_MAX_POSTS"}
{"level":30,"time":"15:37:14.344","logger":"LoginService","row":1,"phone":"kyohi2286@proton.me","msg":"OK: CreateSurf"}
{"level":30,"time":"15:37:15.063","logger":"LoginService","row":1,"phone":"kyohi2286@proton.me","msg":"OK: BackgroundColor"}
{"level":30,"time":"15:37:15.892","logger":"LoginService","row":1,"phone":"kyohi2286@proton.me","msg":"OK: ReactionList"}
{"level":30,"time":"15:37:16.701","logger":"LoginService","row":1,"phone":"kyohi2286@proton.me","msg":"OK: GetReceivedFriendRequests"}
{"level":30,"time":"15:37:16.710","logger":"LoginService","row":1,"phone":"kyohi2286@proton.me","msg":"NO_INTERNAL_FRIEND_TARGETS"}
{"level":30,"time":"15:37:16.710","logger":"LoginService","row":1,"phone":"kyohi2286@proton.me","msg":"BOT_MISSIONS_COMPLETE"}
{"level":20,"time":"15:37:16.727","logger":"LoginService","summary":{"success":2,"alreadyOk":1,"relogin":1,"fail":0,"accounts":2},"msg":"JOB_SUMMARY"}
{"level":20,"time":"15:37:16.727","logger":"LoginService","summary":{"success":2,"alreadyOk":1,"relogin":1,"fail":0,"accounts":2},"msg":"JOB_DONE"}
{"level":30,"time":"15:37:16.727","logger":"LoginService","msg":"LOGIN summary: success=2 alreadyOk=1 relogin=1 fail=0"}
