{"level":"DEBUG","levelValue":20,"time":"2026-05-25T16:01:13.815+07:00","logger":"LoginService","config":{"KONG_URL":"https://social.eric.pro.vn","MEDIA_API_URL":"https://social.eric.pro.vn","MEDIA_UPLOAD_API_URLS":"","UPLOAD_PUBLIC_BASE_URL":"https://social.eric.pro.vn","INTERVAL_MS":600000,"RUN_ONCE":false,"PROXY_REQUIRED":false,"LOGIN_CONCURRENCY":5,"ACCOUNT_FETCH_BATCH_SIZE":200,"ACCOUNT_BATCH_SIZE":50,"ACCOUNT_BATCH_DELAY_MS":0,"ACCOUNT_START_STAGGER_MS":0,"ACCOUNT_DAILY_RUN_LIMIT":40,"ACCOUNT_DAILY_POST_LIMIT":3,"ACCOUNT_DAILY_SURF_LIMIT":2,"ACCOUNT_ACTIVITY_PLANNER_ENABLED":true,"POST_MIN_GAP_RUNS":4,"SURF_MIN_GAP_RUNS":3,"ALLOW_POST_AND_SURF_SAME_RUN":false,"POST_START_JITTER_MS":15000,"SURF_START_JITTER_MS":10000,"REDIS_KEY_PREFIX":"ae1","VIDEO_CLAIM_TTL_MS":300000,"API_RETRY_BACKOFF_MS":1500,"AUTO_FETCH_OTP":true,"AUTO_RESEND":true,"OTP_TIMEOUT_MS":30000,"OTP_POLL_MS":300,"OTP_VERIFY_RETRY":5,"VERIFY_WINDOW_MS":10000,"RESEND_WINDOW_MS":10000,"MAX_RESEND":2,"OTP_DEBUG_PATH_REDIS":"/auth/debug/redis-otp","LOG_LEVEL":"debug","LOG_VERBOSE":false,"UPSTASH_REDIS_REST_URL":"[configured]","UPSTASH_REDIS_REST_TOKEN":"[configured]"},"event":"Service_CONFIG","msg":"Service_CONFIG"}
{"level":"DEBUG","levelValue":20,"time":"2026-05-25T16:01:13.815+07:00","logger":"LoginService","reason":"startup","event":"JOB_START","msg":"JOB_START"}
{"level":"DEBUG","levelValue":20,"time":"2026-05-25T16:01:13.895+07:00","logger":"LoginService","pageSize":1,"loadedAccounts":1,"lastSeenId":1,"event":"ACCOUNTS_PAGE_LOADED","msg":"ACCOUNTS_PAGE_LOADED"}
{"level":"INFO","levelValue":30,"time":"2026-05-25T16:01:15.125+07:00","logger":"LoginService","dayKey":"2026-05-25","accounts":1,"runIndexMin":35,"runIndexMax":35,"candidatePosts":1,"candidateSurfs":1,"totalPostWeight":0.5,"totalSurfWeight":0.333333,"desiredPostSlots":0,"desiredSurfSlots":1,"selectedPosts":0,"selectedSurfs":1,"postCarryBefore":0.150456,"surfCarryBefore":1.097808,"postCarryAfter":0.650456,"surfCarryAfter":0.431141,"event":"ACCOUNT_ACTIVITY_RUN_PLAN","msg":"ACCOUNT_ACTIVITY_RUN_PLAN"}
{"level":"INFO","levelValue":30,"time":"2026-05-25T16:01:15.125+07:00","logger":"LoginService","event":"Starting login flow for accounts...","msg":"Starting login flow for accounts..."}
{"level":"DEBUG","levelValue":20,"time":"2026-05-25T16:01:15.125+07:00","logger":"LoginService","accounts":1,"event":"ACCOUNTS_LOADED","msg":"ACCOUNTS_LOADED"}
{"level":"INFO","levelValue":30,"time":"2026-05-25T16:01:15.125+07:00","logger":"LoginService","accounts":1,"concurrency":5,"batchSize":50,"batchDelayMs":0,"staggerMs":0,"event":"ACCOUNT_EXECUTION_PLAN","msg":"ACCOUNT_EXECUTION_PLAN"}
{"level":"INFO","levelValue":30,"time":"2026-05-25T16:01:15.125+07:00","logger":"LoginService","batchNo":1,"batchAccounts":1,"batchOffset":0,"event":"ACCOUNT_BATCH_START","msg":"ACCOUNT_BATCH_START"}
{"level":"INFO","levelValue":30,"time":"2026-05-25T16:01:15.126+07:00","logger":"LoginService","row":1,"phone":"trongphuong@proton.me","password":"***len=9","event":"ACCOUNT_START","msg":"ACCOUNT_START"}
{"level":"INFO","levelValue":30,"time":"2026-05-25T16:01:15.126+07:00","logger":"LoginService","row":1,"phone":"trongphuong@proton.me","dayKey":"2026-05-25","dailyRunLimit":40,"currentDailyRunCount":34,"currentDailyPostCount":0,"currentDailySurfCount":0,"runIndex":35,"remainingRuns":6,"runProgressPercent":87.5,"postChancePercent":50,"surfChancePercent":33.33,"shouldPost":false,"shouldSurf":true,"postWeight":0.5,"surfWeight":0.3333333333333333,"eligibleForPost":true,"eligibleForSurf":true,"postGapRunsRemaining":0,"surfGapRunsRemaining":0,"decisionSource":"planner","postJitterMs":0,"surfJitterMs":9135,"postsDone":0,"surfsDone":0,"remainingPostQuota":3,"remainingSurfQuota":2,"event":"ACCOUNT_ACTIVITY_DECISION","msg":"ACCOUNT_ACTIVITY_DECISION"}
{"level":"INFO","levelValue":30,"time":"2026-05-25T16:01:15.145+07:00","logger":"LoginService","phone":"trongphuong@proton.me","deviceId":"F9A3C7E2-1B5D-4A2C-8F6E-9D3B4A1C5F2D","userAgent":"ERIC/1.0.0 (Android; 14; Samsung Galaxy S24 Ultra)","access":{"present":true,"validJwt":true,"sub":"trongphuong.1779185585247586933","id":315069343723556860,"clientType":"mobile","deviceId":"F9A3C7E2-1B5D-4A2C-8F6E-9D3B4A1C5F2D","iat":1779699206,"exp":1779700166},"event":"GET_ME_TOKEN_SUMMARY","msg":"GET_ME_TOKEN_SUMMARY"}
{"level":"INFO","levelValue":30,"time":"2026-05-25T16:01:15.692+07:00","logger":"LoginService","row":1,"phone":"trongphuong@proton.me","runIndex":35,"dailyRunLimit":40,"shouldPost":false,"shouldSurf":true,"event":"BOT_MISSIONS_START","msg":"BOT_MISSIONS_START"}
{"level":"INFO","levelValue":30,"time":"2026-05-25T16:01:15.692+07:00","logger":"LoginService","row":1,"phone":"trongphuong@proton.me","stage":"PROFILE_AND_SOCIAL","event":"MISSION_STAGE_START","msg":"MISSION_STAGE_START"}
{"level":"INFO","levelValue":30,"time":"2026-05-25T16:01:15.884+07:00","logger":"LoginService","row":1,"phone":"trongphuong@proton.me","event":"OK: ProfileMe","msg":"OK: ProfileMe"}
{"level":"INFO","levelValue":30,"time":"2026-05-25T16:01:16.171+07:00","logger":"LoginService","row":1,"phone":"trongphuong@proton.me","event":"OK: MyFriends","msg":"OK: MyFriends"}
{"level":"INFO","levelValue":30,"time":"2026-05-25T16:01:16.373+07:00","logger":"LoginService","row":1,"phone":"trongphuong@proton.me","event":"OK: Notifications","msg":"OK: Notifications"}
{"level":"INFO","levelValue":30,"time":"2026-05-25T16:01:16.373+07:00","logger":"LoginService","row":1,"phone":"trongphuong@proton.me","stage":"PROFILE_AND_SOCIAL","event":"MISSION_STAGE_DONE","msg":"MISSION_STAGE_DONE"}
{"level":"INFO","levelValue":30,"time":"2026-05-25T16:01:16.373+07:00","logger":"LoginService","row":1,"phone":"trongphuong@proton.me","stage":"STREAK_CLAIMING","event":"MISSION_STAGE_START","msg":"MISSION_STAGE_START"}
{"level":"INFO","levelValue":30,"time":"2026-05-25T16:01:16.579+07:00","logger":"LoginService","row":1,"phone":"trongphuong@proton.me","balance":{"balance":4,"dailyRemainingPoint":3,"dailyEarnedPoint":0},"dailyRemainingPoint":3,"dailyEarnedPoint":0,"dailyPointLimit":3,"event":"OK: PointBalance","msg":"OK: PointBalance"}
{"level":"INFO","levelValue":30,"time":"2026-05-25T16:01:17.349+07:00","logger":"LoginService","row":1,"phone":"trongphuong@proton.me","event":"OK: Missions","msg":"OK: Missions"}
{"level":"INFO","levelValue":30,"time":"2026-05-25T16:01:17.349+07:00","logger":"LoginService","row":1,"phone":"trongphuong@proton.me","phase":"STREAK","missionCount":9,"event":"MISSION_LIST_FETCHED","msg":"MISSION_LIST_FETCHED"}
{"level":"DEBUG","levelValue":20,"time":"2026-05-25T16:01:17.350+07:00","logger":"LoginService","row":1,"phone":"trongphuong@proton.me","phase":"STREAK","missions":[{"missionId":18,"name":"Chuỗi đăng nhập 7 ngày","type":"STREAK_LOGIN","actionType":"LOGIN","status":"NEW","currentValue":0,"targetValue":7,"category":null,"claimable":false},{"missionId":13,"name":"Chiến thần cảm xúc","type":"WEEKLY","actionType":"LIKE","status":"NEW","currentValue":0,"targetValue":50,"category":"REACTION","claimable":false},{"missionId":12,"name":"Kết bạn mới","type":"DAILY","actionType":"ADD_FRIEND","status":"NEW","currentValue":0,"targetValue":2,"category":"FRIEND","claimable":false},{"missionId":16,"name":"Thánh bình luận","type":"WEEKLY","actionType":"COMMENT","status":"NEW","currentValue":0,"targetValue":50,"category":"COMMENT","claimable":false},{"missionId":14,"name":"Siêu nhân đăng bài","type":"WEEKLY","actionType":"POST","status":"NEW","currentValue":0,"targetValue":15,"category":"POST","claimable":false},{"missionId":10,"name":"Bình luận","type":"DAILY","actionType":"COMMENT","status":"NEW","currentValue":0,"targetValue":10,"category":"COMMENT","claimable":false},{"missionId":9,"name":"Thả cảm xúc","type":"DAILY","actionType":"LIKE","status":"NEW","currentValue":0,"targetValue":10,"category":"REACTION","claimable":false},{"missionId":15,"name":"Chúa tể kết bạn","type":"WEEKLY","actionType":"ADD_FRIEND","status":"NEW","currentValue":0,"targetValue":20,"category":"FRIEND","claimable":false},{"missionId":8,"name":"Đăng bài","type":"DAILY","actionType":"POST","status":"NEW","currentValue":0,"targetValue":3,"category":"POST","claimable":false}],"event":"MISSION_LIST_DETAIL","msg":"MISSION_LIST_DETAIL"}
{"level":"DEBUG","levelValue":20,"time":"2026-05-25T16:01:17.350+07:00","logger":"LoginService","row":1,"phone":"trongphuong@proton.me","phase":"STREAK","mission":{"missionId":18,"name":"Chuỗi đăng nhập 7 ngày","type":"STREAK_LOGIN","actionType":"LOGIN","status":"NEW","currentValue":0,"targetValue":7,"lastStreakDate":1779321600000},"event":"MISSION_18_RAW","msg":"MISSION_18_RAW"}
{"level":"INFO","levelValue":30,"time":"2026-05-25T16:01:17.616+07:00","logger":"LoginService","row":1,"phone":"trongphuong@proton.me","claimType":"STREAK","missionId":18,"name":"Chuỗi đăng nhập 7 ngày","cv":0,"nextMilestone":1,"tv":7,"todayKey":"2026-05-25","lastClaimDateKey":"2026-05-21","timeZone":"Asia/Ho_Chi_Minh","event":"STREAK_MISSION_REWARD_CLAIM_REQUEST","msg":"STREAK_MISSION_REWARD_CLAIM_REQUEST"}
{"level":"ERROR","levelValue":50,"time":"2026-05-25T16:01:17.838+07:00","logger":"LoginService","row":1,"phone":"trongphuong@proton.me","detail":"[object]","backendMessage":"Không thể nhận thưởng nhiệm vụ","backendRaw":"{\"isSucceed\":false,\"message\":\"Không thể nhận thưởng nhiệm vụ\",\"data\":{\"balance\":\"4\"},\"serverTime\":1779699677699}","failedUrl":"https://social.eric.pro.vn/api/point/claim-streak-mission-reward","event":"MISSION_FAILED (500): ClaimStreak_18","msg":"MISSION_FAILED (500): ClaimStreak_18"}
{"level":"ERROR","levelValue":50,"time":"2026-05-25T16:01:17.839+07:00","logger":"LoginService","row":1,"phone":"trongphuong@proton.me","err":"Request failed with status code 500","event":"CLAIM_ALL_MISSIONS_ERROR","msg":"CLAIM_ALL_MISSIONS_ERROR"}
{"level":"ERROR","levelValue":50,"time":"2026-05-25T16:01:17.839+07:00","logger":"LoginService","row":1,"phone":"trongphuong@proton.me","err":"Request failed with status code 500","event":"MISSION_PROCESSING_ERROR","msg":"MISSION_PROCESSING_ERROR"}
{"level":"INFO","levelValue":30,"time":"2026-05-25T16:01:17.839+07:00","logger":"LoginService","row":1,"phone":"trongphuong@proton.me","stage":"STREAK_CLAIMING","event":"MISSION_STAGE_DONE","msg":"MISSION_STAGE_DONE"}
{"level":"INFO","levelValue":30,"time":"2026-05-25T16:01:17.839+07:00","logger":"LoginService","row":1,"phone":"trongphuong@proton.me","stage":"FEED_AND_INTERACT","event":"MISSION_STAGE_START","msg":"MISSION_STAGE_START"}
{"level":"INFO","levelValue":30,"time":"2026-05-25T16:01:17.840+07:00","logger":"LoginService","row":1,"phone":"trongphuong@proton.me","backend":"redis","keyPrefix":"ae1","redisConfigured":true,"lightFeedMode":false,"event":"INTERACTION_STORE_STATUS","msg":"INTERACTION_STORE_STATUS"}
{"level":"INFO","levelValue":30,"time":"2026-05-25T16:01:18.030+07:00","logger":"LoginService","row":1,"phone":"trongphuong@proton.me","reactionCodes":["FUNNY","BORED","WOW","ANGRY","SMILE","SAD","LIKE","EMPATHETIC"],"event":"REACTION_CODES_READY","msg":"REACTION_CODES_READY"}
{"level":"INFO","levelValue":30,"time":"2026-05-25T16:01:18.391+07:00","logger":"LoginService","row":1,"phone":"trongphuong@proton.me","event":"OK: FeedHome_Page_1","msg":"OK: FeedHome_Page_1"}
{"level":"INFO","levelValue":30,"time":"2026-05-25T16:01:20.768+07:00","logger":"LoginService","row":1,"phone":"trongphuong@proton.me","event":"OK: FeedHome_Page_2","msg":"OK: FeedHome_Page_2"}
{"level":"INFO","levelValue":30,"time":"2026-05-25T16:01:22.703+07:00","logger":"LoginService","row":1,"phone":"trongphuong@proton.me","event":"OK: FeedHome_Page_3","msg":"OK: FeedHome_Page_3"}
{"level":"INFO","levelValue":30,"time":"2026-05-25T16:01:23.965+07:00","logger":"LoginService","row":1,"phone":"trongphuong@proton.me","event":"OK: FeedHome_Page_4","msg":"OK: FeedHome_Page_4"}
{"level":"INFO","levelValue":30,"time":"2026-05-25T16:01:26.076+07:00","logger":"LoginService","row":1,"phone":"trongphuong@proton.me","event":"OK: FeedHome_Page_5","msg":"OK: FeedHome_Page_5"}
{"level":"INFO","levelValue":30,"time":"2026-05-25T16:01:28.570+07:00","logger":"LoginService","row":1,"phone":"trongphuong@proton.me","event":"OK: FeedHome_Page_6","msg":"OK: FeedHome_Page_6"}
{"level":"INFO","levelValue":30,"time":"2026-05-25T16:01:30.325+07:00","logger":"LoginService","row":1,"phone":"trongphuong@proton.me","event":"OK: FeedHome_Page_7","msg":"OK: FeedHome_Page_7"}
{"level":"INFO","levelValue":30,"time":"2026-05-25T16:01:31.530+07:00","logger":"LoginService","row":1,"phone":"trongphuong@proton.me","event":"OK: FeedHome_Page_8","msg":"OK: FeedHome_Page_8"}
{"level":"INFO","levelValue":30,"time":"2026-05-25T16:01:33.077+07:00","logger":"LoginService","row":1,"phone":"trongphuong@proton.me","event":"OK: FeedHome_Page_9","msg":"OK: FeedHome_Page_9"}
{"level":"INFO","levelValue":30,"time":"2026-05-25T16:01:34.236+07:00","logger":"LoginService","row":1,"phone":"trongphuong@proton.me","event":"OK: FeedHome_Page_10","msg":"OK: FeedHome_Page_10"}
{"level":"INFO","levelValue":30,"time":"2026-05-25T16:01:34.444+07:00","logger":"LoginService","row":1,"phone":"trongphuong@proton.me","event":"OK: SurfHome","msg":"OK: SurfHome"}
{"level":"INFO","levelValue":30,"time":"2026-05-25T16:01:34.444+07:00","logger":"LoginService","itemsLength":87,"pagesScrolled":10,"event":"DEBUG_FEEDHOME","msg":"DEBUG_FEEDHOME"}
{"level":"INFO","levelValue":30,"time":"2026-05-25T16:01:34.904+07:00","logger":"LoginService","phone":"trongphuong@proton.me","backend":"redis","keyPrefix":"ae1","storeKey":"interactedPosts:trongphuong@proton.me","storeType":"interactedPosts","count":88,"event":"INTERACTION_REDIS_LOAD","msg":"INTERACTION_REDIS_LOAD"}
{"level":"INFO","levelValue":30,"time":"2026-05-25T16:01:35.173+07:00","logger":"LoginService","phone":"trongphuong@proton.me","backend":"redis","keyPrefix":"ae1","storeKey":"reactedPosts:trongphuong@proton.me","storeType":"reactedPosts","count":82,"event":"INTERACTION_REDIS_LOAD","msg":"INTERACTION_REDIS_LOAD"}
{"level":"INFO","levelValue":30,"time":"2026-05-25T16:01:36.202+07:00","logger":"LoginService","row":1,"phone":"trongphuong@proton.me","parsedItemCount":87,"uniqueItemCount":87,"unseenItemCount":1,"seenItemCount":88,"reactedPostCount":82,"maxReactionsPerRun":2,"event":"MISSION_ACTION_DEPENDENT_START","msg":"MISSION_ACTION_DEPENDENT_START"}
{"level":"INFO","levelValue":30,"time":"2026-05-25T16:01:36.202+07:00","logger":"LoginService","row":1,"phone":"trongphuong@proton.me","postId":"317224025950662656","authorId":"315069343723556864","event":"SKIP_REACTION_OWN_POST","msg":"SKIP_REACTION_OWN_POST"}
{"level":"INFO","levelValue":30,"time":"2026-05-25T16:01:36.202+07:00","logger":"LoginService","row":1,"phone":"trongphuong@proton.me","postId":"317221404783292416","authorId":"315069343723556864","event":"SKIP_REACTION_OWN_POST","msg":"SKIP_REACTION_OWN_POST"}
{"level":"INFO","levelValue":30,"time":"2026-05-25T16:01:36.202+07:00","logger":"LoginService","row":1,"phone":"trongphuong@proton.me","postId":"300437194391302144","event":"SKIP_REACTION_ALREADY_REACTED","msg":"SKIP_REACTION_ALREADY_REACTED"}
{"level":"INFO","levelValue":30,"time":"2026-05-25T16:01:36.202+07:00","logger":"LoginService","row":1,"phone":"trongphuong@proton.me","postId":"317218213270269952","authorId":"315069343723556864","event":"SKIP_REACTION_OWN_POST","msg":"SKIP_REACTION_OWN_POST"}
{"level":"INFO","levelValue":30,"time":"2026-05-25T16:01:36.202+07:00","logger":"LoginService","row":1,"phone":"trongphuong@proton.me","postId":"317215730435239936","authorId":"315069343723556864","event":"SKIP_REACTION_OWN_POST","msg":"SKIP_REACTION_OWN_POST"}
{"level":"INFO","levelValue":30,"time":"2026-05-25T16:01:36.203+07:00","logger":"LoginService","row":1,"phone":"trongphuong@proton.me","postId":"300436969991843840","event":"SKIP_REACTION_ALREADY_REACTED","msg":"SKIP_REACTION_ALREADY_REACTED"}
{"level":"INFO","levelValue":30,"time":"2026-05-25T16:01:36.203+07:00","logger":"LoginService","row":1,"phone":"trongphuong@proton.me","postId":"317209615639130112","authorId":"315069343723556864","event":"SKIP_REACTION_OWN_POST","msg":"SKIP_REACTION_OWN_POST"}
{"level":"INFO","levelValue":30,"time":"2026-05-25T16:01:36.203+07:00","logger":"LoginService","row":1,"phone":"trongphuong@proton.me","postId":"317193238777835520","event":"SKIP_REACTION_ALREADY_REACTED","msg":"SKIP_REACTION_ALREADY_REACTED"}
{"level":"INFO","levelValue":30,"time":"2026-05-25T16:01:36.203+07:00","logger":"LoginService","row":1,"phone":"trongphuong@proton.me","postId":"317190730957336576","event":"SKIP_REACTION_ALREADY_REACTED","msg":"SKIP_REACTION_ALREADY_REACTED"}
{"level":"INFO","levelValue":30,"time":"2026-05-25T16:01:36.203+07:00","logger":"LoginService","row":1,"phone":"trongphuong@proton.me","postId":"317178206694289408","event":"SKIP_REACTION_ALREADY_REACTED","msg":"SKIP_REACTION_ALREADY_REACTED"}
{"level":"INFO","levelValue":30,"time":"2026-05-25T16:01:36.203+07:00","logger":"LoginService","row":1,"phone":"trongphuong@proton.me","postId":"317165311155646464","event":"SKIP_REACTION_ALREADY_REACTED","msg":"SKIP_REACTION_ALREADY_REACTED"}
{"level":"INFO","levelValue":30,"time":"2026-05-25T16:01:36.203+07:00","logger":"LoginService","row":1,"phone":"trongphuong@proton.me","postId":"317122236114939904","event":"SKIP_REACTION_ALREADY_REACTED","msg":"SKIP_REACTION_ALREADY_REACTED"}
{"level":"INFO","levelValue":30,"time":"2026-05-25T16:01:36.203+07:00","logger":"LoginService","row":1,"phone":"trongphuong@proton.me","postId":"300436823921012736","event":"SKIP_REACTION_ALREADY_REACTED","msg":"SKIP_REACTION_ALREADY_REACTED"}
{"level":"INFO","levelValue":30,"time":"2026-05-25T16:01:36.203+07:00","logger":"LoginService","row":1,"phone":"trongphuong@proton.me","postId":"317122092015431680","event":"SKIP_REACTION_ALREADY_REACTED","msg":"SKIP_REACTION_ALREADY_REACTED"}
{"level":"INFO","levelValue":30,"time":"2026-05-25T16:01:36.203+07:00","logger":"LoginService","row":1,"phone":"trongphuong@proton.me","postId":"317121966031122432","event":"SKIP_REACTION_ALREADY_REACTED","msg":"SKIP_REACTION_ALREADY_REACTED"}
{"level":"INFO","levelValue":30,"time":"2026-05-25T16:01:36.203+07:00","logger":"LoginService","row":1,"phone":"trongphuong@proton.me","postId":"300435956991930368","event":"SKIP_REACTION_ALREADY_REACTED","msg":"SKIP_REACTION_ALREADY_REACTED"}
{"level":"INFO","levelValue":30,"time":"2026-05-25T16:01:36.203+07:00","logger":"LoginService","row":1,"phone":"trongphuong@proton.me","postId":"317121628419010560","event":"SKIP_REACTION_ALREADY_REACTED","msg":"SKIP_REACTION_ALREADY_REACTED"}
{"level":"INFO","levelValue":30,"time":"2026-05-25T16:01:36.203+07:00","logger":"LoginService","row":1,"phone":"trongphuong@proton.me","postId":"317121459111735296","event":"SKIP_REACTION_ALREADY_REACTED","msg":"SKIP_REACTION_ALREADY_REACTED"}
{"level":"INFO","levelValue":30,"time":"2026-05-25T16:01:36.204+07:00","logger":"LoginService","row":1,"phone":"trongphuong@proton.me","postId":"317121302307680256","event":"SKIP_REACTION_ALREADY_REACTED","msg":"SKIP_REACTION_ALREADY_REACTED"}
{"level":"INFO","levelValue":30,"time":"2026-05-25T16:01:36.204+07:00","logger":"LoginService","row":1,"phone":"trongphuong@proton.me","postId":"317121169935446016","event":"SKIP_REACTION_ALREADY_REACTED","msg":"SKIP_REACTION_ALREADY_REACTED"}
{"level":"INFO","levelValue":30,"time":"2026-05-25T16:01:36.204+07:00","logger":"LoginService","row":1,"phone":"trongphuong@proton.me","postId":"317120901533544448","event":"SKIP_REACTION_ALREADY_REACTED","msg":"SKIP_REACTION_ALREADY_REACTED"}
{"level":"INFO","levelValue":30,"time":"2026-05-25T16:01:36.204+07:00","logger":"LoginService","row":1,"phone":"trongphuong@proton.me","postId":"317120591524147200","event":"SKIP_REACTION_ALREADY_REACTED","msg":"SKIP_REACTION_ALREADY_REACTED"}
{"level":"INFO","levelValue":30,"time":"2026-05-25T16:01:36.204+07:00","logger":"LoginService","row":1,"phone":"trongphuong@proton.me","postId":"300298433317711872","event":"SKIP_REACTION_ALREADY_REACTED","msg":"SKIP_REACTION_ALREADY_REACTED"}
{"level":"INFO","levelValue":30,"time":"2026-05-25T16:01:36.204+07:00","logger":"LoginService","row":1,"phone":"trongphuong@proton.me","postId":"317113219539939328","event":"SKIP_REACTION_ALREADY_REACTED","msg":"SKIP_REACTION_ALREADY_REACTED"}
{"level":"INFO","levelValue":30,"time":"2026-05-25T16:01:36.204+07:00","logger":"LoginService","row":1,"phone":"trongphuong@proton.me","postId":"317113119019249664","event":"SKIP_REACTION_ALREADY_REACTED","msg":"SKIP_REACTION_ALREADY_REACTED"}
{"level":"INFO","levelValue":30,"time":"2026-05-25T16:01:36.204+07:00","logger":"LoginService","row":1,"phone":"trongphuong@proton.me","postId":"300208950350065664","event":"SKIP_REACTION_ALREADY_REACTED","msg":"SKIP_REACTION_ALREADY_REACTED"}
{"level":"INFO","levelValue":30,"time":"2026-05-25T16:01:36.204+07:00","logger":"LoginService","row":1,"phone":"trongphuong@proton.me","postId":"317113021212274688","event":"SKIP_REACTION_ALREADY_REACTED","msg":"SKIP_REACTION_ALREADY_REACTED"}
{"level":"INFO","levelValue":30,"time":"2026-05-25T16:01:36.204+07:00","logger":"LoginService","row":1,"phone":"trongphuong@proton.me","postId":"317112925389205504","event":"SKIP_REACTION_ALREADY_REACTED","msg":"SKIP_REACTION_ALREADY_REACTED"}
{"level":"INFO","levelValue":30,"time":"2026-05-25T16:01:36.204+07:00","logger":"LoginService","row":1,"phone":"trongphuong@proton.me","postId":"317112839674408960","event":"SKIP_REACTION_ALREADY_REACTED","msg":"SKIP_REACTION_ALREADY_REACTED"}
{"level":"INFO","levelValue":30,"time":"2026-05-25T16:01:36.204+07:00","logger":"LoginService","row":1,"phone":"trongphuong@proton.me","postId":"317112741250871296","event":"SKIP_REACTION_ALREADY_REACTED","msg":"SKIP_REACTION_ALREADY_REACTED"}
{"level":"INFO","levelValue":30,"time":"2026-05-25T16:01:36.204+07:00","logger":"LoginService","row":1,"phone":"trongphuong@proton.me","postId":"317099497543053312","event":"SKIP_REACTION_ALREADY_REACTED","msg":"SKIP_REACTION_ALREADY_REACTED"}
{"level":"INFO","levelValue":30,"time":"2026-05-25T16:01:36.204+07:00","logger":"LoginService","row":1,"phone":"trongphuong@proton.me","postId":"317099288326975488","event":"SKIP_REACTION_ALREADY_REACTED","msg":"SKIP_REACTION_ALREADY_REACTED"}
{"level":"INFO","levelValue":30,"time":"2026-05-25T16:01:36.204+07:00","logger":"LoginService","row":1,"phone":"trongphuong@proton.me","postId":"300204793534754816","event":"SKIP_REACTION_ALREADY_REACTED","msg":"SKIP_REACTION_ALREADY_REACTED"}
{"level":"INFO","levelValue":30,"time":"2026-05-25T16:01:36.204+07:00","logger":"LoginService","row":1,"phone":"trongphuong@proton.me","postId":"317099114435325952","event":"SKIP_REACTION_ALREADY_REACTED","msg":"SKIP_REACTION_ALREADY_REACTED"}
{"level":"INFO","levelValue":30,"time":"2026-05-25T16:01:36.204+07:00","logger":"LoginService","row":1,"phone":"trongphuong@proton.me","postId":"317076495388520448","event":"SKIP_REACTION_ALREADY_REACTED","msg":"SKIP_REACTION_ALREADY_REACTED"}
{"level":"INFO","levelValue":30,"time":"2026-05-25T16:01:36.204+07:00","logger":"LoginService","row":1,"phone":"trongphuong@proton.me","postId":"299492744827645952","event":"SKIP_REACTION_ALREADY_REACTED","msg":"SKIP_REACTION_ALREADY_REACTED"}
{"level":"INFO","levelValue":30,"time":"2026-05-25T16:01:36.204+07:00","logger":"LoginService","row":1,"phone":"trongphuong@proton.me","postId":"317026194589626368","event":"SKIP_REACTION_ALREADY_REACTED","msg":"SKIP_REACTION_ALREADY_REACTED"}
{"level":"INFO","levelValue":30,"time":"2026-05-25T16:01:36.205+07:00","logger":"LoginService","row":1,"phone":"trongphuong@proton.me","postId":"316804691294040064","event":"SKIP_REACTION_ALREADY_REACTED","msg":"SKIP_REACTION_ALREADY_REACTED"}
{"level":"INFO","levelValue":30,"time":"2026-05-25T16:01:36.205+07:00","logger":"LoginService","row":1,"phone":"trongphuong@proton.me","postId":"316804418324541440","event":"SKIP_REACTION_ALREADY_REACTED","msg":"SKIP_REACTION_ALREADY_REACTED"}
{"level":"INFO","levelValue":30,"time":"2026-05-25T16:01:36.205+07:00","logger":"LoginService","row":1,"phone":"trongphuong@proton.me","postId":"316764456203988992","event":"SKIP_REACTION_ALREADY_REACTED","msg":"SKIP_REACTION_ALREADY_REACTED"}
{"level":"INFO","levelValue":30,"time":"2026-05-25T16:01:36.205+07:00","logger":"LoginService","row":1,"phone":"trongphuong@proton.me","postId":"316738959747198976","event":"SKIP_REACTION_ALREADY_REACTED","msg":"SKIP_REACTION_ALREADY_REACTED"}
{"level":"INFO","levelValue":30,"time":"2026-05-25T16:01:36.205+07:00","logger":"LoginService","row":1,"phone":"trongphuong@proton.me","postId":"316738855757819904","event":"SKIP_REACTION_ALREADY_REACTED","msg":"SKIP_REACTION_ALREADY_REACTED"}
{"level":"INFO","levelValue":30,"time":"2026-05-25T16:01:36.205+07:00","logger":"LoginService","row":1,"phone":"trongphuong@proton.me","postId":"299492235433619456","event":"SKIP_REACTION_ALREADY_REACTED","msg":"SKIP_REACTION_ALREADY_REACTED"}
{"level":"INFO","levelValue":30,"time":"2026-05-25T16:01:36.205+07:00","logger":"LoginService","row":1,"phone":"trongphuong@proton.me","postId":"316738697099882496","event":"SKIP_REACTION_ALREADY_REACTED","msg":"SKIP_REACTION_ALREADY_REACTED"}
{"level":"INFO","levelValue":30,"time":"2026-05-25T16:01:36.205+07:00","logger":"LoginService","row":1,"phone":"trongphuong@proton.me","postId":"316714168411631616","event":"SKIP_REACTION_ALREADY_REACTED","msg":"SKIP_REACTION_ALREADY_REACTED"}
{"level":"INFO","levelValue":30,"time":"2026-05-25T16:01:36.205+07:00","logger":"LoginService","row":1,"phone":"trongphuong@proton.me","postId":"299478363150626816","event":"SKIP_REACTION_ALREADY_REACTED","msg":"SKIP_REACTION_ALREADY_REACTED"}
{"level":"INFO","levelValue":30,"time":"2026-05-25T16:01:36.205+07:00","logger":"LoginService","row":1,"phone":"trongphuong@proton.me","postId":"316442326098653184","event":"SKIP_REACTION_ALREADY_REACTED","msg":"SKIP_REACTION_ALREADY_REACTED"}
{"level":"INFO","levelValue":30,"time":"2026-05-25T16:01:36.205+07:00","logger":"LoginService","row":1,"phone":"trongphuong@proton.me","postId":"316402106699493376","event":"SKIP_REACTION_ALREADY_REACTED","msg":"SKIP_REACTION_ALREADY_REACTED"}
{"level":"INFO","levelValue":30,"time":"2026-05-25T16:01:36.205+07:00","logger":"LoginService","row":1,"phone":"trongphuong@proton.me","postId":"316389097516183552","event":"SKIP_REACTION_ALREADY_REACTED","msg":"SKIP_REACTION_ALREADY_REACTED"}
{"level":"INFO","levelValue":30,"time":"2026-05-25T16:01:36.205+07:00","logger":"LoginService","row":1,"phone":"trongphuong@proton.me","postId":"316388972081328128","event":"SKIP_REACTION_ALREADY_REACTED","msg":"SKIP_REACTION_ALREADY_REACTED"}
{"level":"INFO","levelValue":30,"time":"2026-05-25T16:01:36.205+07:00","logger":"LoginService","row":1,"phone":"trongphuong@proton.me","postId":"316388798940459008","event":"SKIP_REACTION_ALREADY_REACTED","msg":"SKIP_REACTION_ALREADY_REACTED"}
{"level":"INFO","levelValue":30,"time":"2026-05-25T16:01:36.205+07:00","logger":"LoginService","row":1,"phone":"trongphuong@proton.me","postId":"316351755388596224","event":"SKIP_REACTION_ALREADY_REACTED","msg":"SKIP_REACTION_ALREADY_REACTED"}
{"level":"INFO","levelValue":30,"time":"2026-05-25T16:01:36.205+07:00","logger":"LoginService","row":1,"phone":"trongphuong@proton.me","postId":"299476987997728768","event":"SKIP_REACTION_ALREADY_REACTED","msg":"SKIP_REACTION_ALREADY_REACTED"}
{"level":"INFO","levelValue":30,"time":"2026-05-25T16:01:36.205+07:00","logger":"LoginService","row":1,"phone":"trongphuong@proton.me","postId":"316301464886718464","event":"SKIP_REACTION_ALREADY_REACTED","msg":"SKIP_REACTION_ALREADY_REACTED"}
{"level":"INFO","levelValue":30,"time":"2026-05-25T16:01:36.205+07:00","logger":"LoginService","row":1,"phone":"trongphuong@proton.me","postId":"316085004012761088","event":"SKIP_REACTION_ALREADY_REACTED","msg":"SKIP_REACTION_ALREADY_REACTED"}
{"level":"INFO","levelValue":30,"time":"2026-05-25T16:01:36.205+07:00","logger":"LoginService","row":1,"phone":"trongphuong@proton.me","postId":"296941747752284160","event":"SKIP_REACTION_ALREADY_REACTED","msg":"SKIP_REACTION_ALREADY_REACTED"}
{"level":"INFO","levelValue":30,"time":"2026-05-25T16:01:36.205+07:00","logger":"LoginService","row":1,"phone":"trongphuong@proton.me","postId":"316034722981621760","event":"SKIP_REACTION_ALREADY_REACTED","msg":"SKIP_REACTION_ALREADY_REACTED"}
{"level":"INFO","levelValue":30,"time":"2026-05-25T16:01:36.205+07:00","logger":"LoginService","row":1,"phone":"trongphuong@proton.me","postId":"316027131614343168","event":"SKIP_REACTION_ALREADY_REACTED","msg":"SKIP_REACTION_ALREADY_REACTED"}
{"level":"INFO","levelValue":30,"time":"2026-05-25T16:01:36.205+07:00","logger":"LoginService","row":1,"phone":"trongphuong@proton.me","postId":"316027025053855744","event":"SKIP_REACTION_ALREADY_REACTED","msg":"SKIP_REACTION_ALREADY_REACTED"}
{"level":"INFO","levelValue":30,"time":"2026-05-25T16:01:36.206+07:00","logger":"LoginService","row":1,"phone":"trongphuong@proton.me","postId":"316026879553449984","event":"SKIP_REACTION_ALREADY_REACTED","msg":"SKIP_REACTION_ALREADY_REACTED"}
{"level":"INFO","levelValue":30,"time":"2026-05-25T16:01:36.206+07:00","logger":"LoginService","row":1,"phone":"trongphuong@proton.me","postId":"315816538127085568","event":"SKIP_REACTION_ALREADY_REACTED","msg":"SKIP_REACTION_ALREADY_REACTED"}
{"level":"INFO","levelValue":30,"time":"2026-05-25T16:01:36.206+07:00","logger":"LoginService","row":1,"phone":"trongphuong@proton.me","postId":"315816321302540288","event":"SKIP_REACTION_ALREADY_REACTED","msg":"SKIP_REACTION_ALREADY_REACTED"}
{"level":"INFO","levelValue":30,"time":"2026-05-25T16:01:36.206+07:00","logger":"LoginService","row":1,"phone":"trongphuong@proton.me","postId":"296870484551806976","event":"SKIP_REACTION_ALREADY_REACTED","msg":"SKIP_REACTION_ALREADY_REACTED"}
{"level":"INFO","levelValue":30,"time":"2026-05-25T16:01:36.206+07:00","logger":"LoginService","row":1,"phone":"trongphuong@proton.me","postId":"315816150162354176","event":"SKIP_REACTION_ALREADY_REACTED","msg":"SKIP_REACTION_ALREADY_REACTED"}
{"level":"INFO","levelValue":30,"time":"2026-05-25T16:01:36.206+07:00","logger":"LoginService","row":1,"phone":"trongphuong@proton.me","postId":"315815907983241216","event":"SKIP_REACTION_ALREADY_REACTED","msg":"SKIP_REACTION_ALREADY_REACTED"}
{"level":"INFO","levelValue":30,"time":"2026-05-25T16:01:36.206+07:00","logger":"LoginService","row":1,"phone":"trongphuong@proton.me","postId":"296868752128094208","event":"SKIP_REACTION_ALREADY_REACTED","msg":"SKIP_REACTION_ALREADY_REACTED"}
{"level":"INFO","levelValue":30,"time":"2026-05-25T16:01:36.206+07:00","logger":"LoginService","row":1,"phone":"trongphuong@proton.me","postId":"315815771055992832","event":"SKIP_REACTION_ALREADY_REACTED","msg":"SKIP_REACTION_ALREADY_REACTED"}
{"level":"INFO","levelValue":30,"time":"2026-05-25T16:01:36.206+07:00","logger":"LoginService","row":1,"phone":"trongphuong@proton.me","postId":"315815705494827008","event":"SKIP_REACTION_ALREADY_REACTED","msg":"SKIP_REACTION_ALREADY_REACTED"}
{"level":"INFO","levelValue":30,"time":"2026-05-25T16:01:36.206+07:00","logger":"LoginService","row":1,"phone":"trongphuong@proton.me","postId":"315815588448579584","event":"SKIP_REACTION_ALREADY_REACTED","msg":"SKIP_REACTION_ALREADY_REACTED"}
{"level":"INFO","levelValue":30,"time":"2026-05-25T16:01:36.206+07:00","logger":"LoginService","row":1,"phone":"trongphuong@proton.me","postId":"315815438741286912","event":"SKIP_REACTION_ALREADY_REACTED","msg":"SKIP_REACTION_ALREADY_REACTED"}
{"level":"INFO","levelValue":30,"time":"2026-05-25T16:01:36.206+07:00","logger":"LoginService","row":1,"phone":"trongphuong@proton.me","postId":"315815289726054400","event":"SKIP_REACTION_ALREADY_REACTED","msg":"SKIP_REACTION_ALREADY_REACTED"}
{"level":"INFO","levelValue":30,"time":"2026-05-25T16:01:36.206+07:00","logger":"LoginService","row":1,"phone":"trongphuong@proton.me","postId":"315815098780364800","event":"SKIP_REACTION_ALREADY_REACTED","msg":"SKIP_REACTION_ALREADY_REACTED"}
{"level":"INFO","levelValue":30,"time":"2026-05-25T16:01:36.206+07:00","logger":"LoginService","row":1,"phone":"trongphuong@proton.me","postId":"296867561893670912","event":"SKIP_REACTION_ALREADY_REACTED","msg":"SKIP_REACTION_ALREADY_REACTED"}
{"level":"INFO","levelValue":30,"time":"2026-05-25T16:01:36.206+07:00","logger":"LoginService","row":1,"phone":"trongphuong@proton.me","postId":"315815009802399744","event":"SKIP_REACTION_ALREADY_REACTED","msg":"SKIP_REACTION_ALREADY_REACTED"}
{"level":"INFO","levelValue":30,"time":"2026-05-25T16:01:36.206+07:00","logger":"LoginService","row":1,"phone":"trongphuong@proton.me","postId":"315814827249512448","event":"SKIP_REACTION_ALREADY_REACTED","msg":"SKIP_REACTION_ALREADY_REACTED"}
{"level":"INFO","levelValue":30,"time":"2026-05-25T16:01:36.206+07:00","logger":"LoginService","row":1,"phone":"trongphuong@proton.me","postId":"296866919867363328","event":"SKIP_REACTION_ALREADY_REACTED","msg":"SKIP_REACTION_ALREADY_REACTED"}
{"level":"INFO","levelValue":30,"time":"2026-05-25T16:01:36.206+07:00","logger":"LoginService","row":1,"phone":"trongphuong@proton.me","postId":"315814659875811328","event":"SKIP_REACTION_ALREADY_REACTED","msg":"SKIP_REACTION_ALREADY_REACTED"}
{"level":"INFO","levelValue":30,"time":"2026-05-25T16:01:36.207+07:00","logger":"LoginService","row":1,"phone":"trongphuong@proton.me","postId":"315783300092407808","event":"SKIP_REACTION_ALREADY_REACTED","msg":"SKIP_REACTION_ALREADY_REACTED"}
{"level":"INFO","levelValue":30,"time":"2026-05-25T16:01:36.207+07:00","logger":"LoginService","row":1,"phone":"trongphuong@proton.me","postId":"296865382369734656","event":"SKIP_REACTION_ALREADY_REACTED","msg":"SKIP_REACTION_ALREADY_REACTED"}
{"level":"INFO","levelValue":30,"time":"2026-05-25T16:01:36.207+07:00","logger":"LoginService","row":1,"phone":"trongphuong@proton.me","postId":"296247426774347776","event":"SKIP_REACTION_ALREADY_REACTED","msg":"SKIP_REACTION_ALREADY_REACTED"}
{"level":"INFO","levelValue":30,"time":"2026-05-25T16:01:36.207+07:00","logger":"LoginService","row":1,"phone":"trongphuong@proton.me","postId":"296239488928198656","event":"SKIP_REACTION_ALREADY_REACTED","msg":"SKIP_REACTION_ALREADY_REACTED"}
{"level":"INFO","levelValue":30,"time":"2026-05-25T16:01:36.207+07:00","logger":"LoginService","row":1,"phone":"trongphuong@proton.me","postId":"296239129715421184","event":"SKIP_REACTION_ALREADY_REACTED","msg":"SKIP_REACTION_ALREADY_REACTED"}
{"level":"INFO","levelValue":30,"time":"2026-05-25T16:01:36.207+07:00","logger":"LoginService","row":1,"phone":"trongphuong@proton.me","postId":"295517009897205760","event":"SKIP_REACTION_ALREADY_REACTED","msg":"SKIP_REACTION_ALREADY_REACTED"}
{"level":"INFO","levelValue":30,"time":"2026-05-25T16:01:36.207+07:00","logger":"LoginService","row":1,"phone":"trongphuong@proton.me","postId":"295516704518320128","event":"SKIP_REACTION_ALREADY_REACTED","msg":"SKIP_REACTION_ALREADY_REACTED"}
{"level":"INFO","levelValue":30,"time":"2026-05-25T16:01:36.207+07:00","logger":"LoginService","row":1,"phone":"trongphuong@proton.me","postId":"295516616253386752","event":"SKIP_REACTION_ALREADY_REACTED","msg":"SKIP_REACTION_ALREADY_REACTED"}
{"level":"INFO","levelValue":30,"time":"2026-05-25T16:01:36.207+07:00","logger":"LoginService","row":1,"phone":"trongphuong@proton.me","postId":"295516482757079040","event":"SKIP_REACTION_ALREADY_REACTED","msg":"SKIP_REACTION_ALREADY_REACTED"}
{"level":"INFO","levelValue":30,"time":"2026-05-25T16:01:36.207+07:00","logger":"LoginService","row":1,"phone":"trongphuong@proton.me","postId":"295516313231699968","event":"SKIP_REACTION_ALREADY_REACTED","msg":"SKIP_REACTION_ALREADY_REACTED"}
{"level":"INFO","levelValue":30,"time":"2026-05-25T16:01:36.733+07:00","logger":"LoginService","phone":"trongphuong@proton.me","backend":"redis","keyPrefix":"ae1","storeKey":"interactedPosts:trongphuong@proton.me","storeType":"interactedPosts","count":89,"event":"INTERACTION_REDIS_SAVE","msg":"INTERACTION_REDIS_SAVE"}
{"level":"INFO","levelValue":30,"time":"2026-05-25T16:01:36.997+07:00","logger":"LoginService","phone":"trongphuong@proton.me","backend":"redis","keyPrefix":"ae1","storeKey":"reactedPosts:trongphuong@proton.me","storeType":"reactedPosts","count":82,"event":"INTERACTION_REDIS_SAVE","msg":"INTERACTION_REDIS_SAVE"}
{"level":"INFO","levelValue":30,"time":"2026-05-25T16:01:36.997+07:00","logger":"LoginService","row":1,"phone":"trongphuong@proton.me","stage":"FEED_AND_INTERACT","event":"MISSION_STAGE_DONE","msg":"MISSION_STAGE_DONE"}
{"level":"INFO","levelValue":30,"time":"2026-05-25T16:01:36.997+07:00","logger":"LoginService","row":1,"phone":"trongphuong@proton.me","runIndex":35,"dailyRunLimit":40,"event":"CREATE_VIDEO_POST_SKIPPED_BY_RUN_PLAN","msg":"CREATE_VIDEO_POST_SKIPPED_BY_RUN_PLAN"}
{"level":"INFO","levelValue":30,"time":"2026-05-25T16:01:46.836+07:00","logger":"LoginService","row":1,"phone":"trongphuong@proton.me","runIndex":35,"postsDone":0,"surfsDone":1,"surfLimit":2,"event":"ACCOUNT_DAILY_SURF_ATTEMPT_RECORDED","msg":"ACCOUNT_DAILY_SURF_ATTEMPT_RECORDED"}
{"level":"INFO","levelValue":30,"time":"2026-05-25T16:01:46.836+07:00","logger":"LoginService","row":1,"phone":"trongphuong@proton.me","stage":"CREATE_SURF","event":"MISSION_STAGE_START","msg":"MISSION_STAGE_START"}
{"level":"INFO","levelValue":30,"time":"2026-05-25T16:01:46.866+07:00","logger":"LoginService","row":1,"phone":"trongphuong@proton.me","videoId":1516,"source":"https://www.tiktok.com/@anhem.news/video/7640815732036488468","attempt":1,"event":"SURF_VIDEO_START","msg":"SURF_VIDEO_START"}
{"level":"INFO","levelValue":30,"time":"2026-05-25T16:01:47.737+07:00","logger":"LoginService","row":1,"phone":"trongphuong@proton.me","videoId":1516,"thumbnail":{"exists":true,"path":"D:\\React_Native\\Demo\\TikTokeCrawler1\\AutoCrwaler\\data\\videos\\raw\\ac9e72d5-1db6-40cb-8975-1c2a78387f59.jpg","fileName":"ac9e72d5-1db6-40cb-8975-1c2a78387f59.jpg","sizeBytes":198717,"headHex":"ffd8ffe000104a46494600010200000100010000ffdb00430008060607060708","tailHex":"00000000924004925249092c6b847124a192f8b36696bd0b2ea8f97a6d7fffd9","jpegStart":true,"jpegEnd":true},"event":"SURF_THUMBNAIL_CREATED_DEBUG","msg":"SURF_THUMBNAIL_CREATED_DEBUG"}
{"level":"INFO","levelValue":30,"time":"2026-05-25T16:01:48.092+07:00","logger":"LoginService","row":1,"phone":"trongphuong@proton.me","surfId":"317225730645831680","event":"SURF_ID_GENERATED","msg":"SURF_ID_GENERATED"}
{"level":"INFO","levelValue":30,"time":"2026-05-25T16:01:49.211+07:00","logger":"LoginService","row":1,"phone":"trongphuong@proton.me","filePath":"ac9e72d5-1db6-40cb-8975-1c2a78387f59.jpg","objectRef":"eric/20260525/317225730645831680/origin/ac9e72d5-1db6-40cb-8975-1c2a78387f59.jpg","uploadAttempt":"form-data","event":"SURF_THUMBNAIL_S3_UPLOAD_SUCCESS","msg":"SURF_THUMBNAIL_S3_UPLOAD_SUCCESS"}
{"level":"INFO","levelValue":30,"time":"2026-05-25T16:01:50.419+07:00","logger":"LoginService","row":1,"phone":"trongphuong@proton.me","filePath":"tt_raw_7640815732036488468.mp4","objectRef":"eric/20260525/317225730645831680/origin/ac9e72d5-1db6-40cb-8975-1c2a78387f59.mp4","uploadAttempt":"form-data","event":"SURF_FILE_S3_UPLOAD_SUCCESS","msg":"SURF_FILE_S3_UPLOAD_SUCCESS"}
{"level":"INFO","levelValue":30,"time":"2026-05-25T16:01:50.420+07:00","logger":"LoginService","row":1,"phone":"trongphuong@proton.me","surfId":"317225730645831680","thumbnailUploadSkipped":false,"event":"SURF_COMPLETE_REQUEST","msg":"SURF_COMPLETE_REQUEST"}
{"level":"INFO","levelValue":30,"time":"2026-05-25T16:01:50.696+07:00","logger":"LoginService","row":1,"phone":"trongphuong@proton.me","surfId":"317225730645831680","status":201,"event":"SURF_COMPLETE_RESPONSE","msg":"SURF_COMPLETE_RESPONSE"}
{"level":"INFO","levelValue":30,"time":"2026-05-25T16:01:50.788+07:00","logger":"LoginService","row":1,"phone":"trongphuong@proton.me","videoId":1516,"localPath":"D:\\React_Native\\Demo\\TikTokeCrawler1\\AutoCrwaler\\data\\videos\\raw\\tt_raw_7640815732036488468.mp4","existsAfterDelete":false,"event":"SOURCE_SURF_VIDEO_DELETED_AFTER_POST","msg":"SOURCE_SURF_VIDEO_DELETED_AFTER_POST"}
{"level":"INFO","levelValue":30,"time":"2026-05-25T16:01:50.788+07:00","logger":"LoginService","row":1,"phone":"trongphuong@proton.me","event":"OK: CreateSurf","msg":"OK: CreateSurf"}
{"level":"INFO","levelValue":30,"time":"2026-05-25T16:01:50.788+07:00","logger":"LoginService","row":1,"phone":"trongphuong@proton.me","stage":"CREATE_SURF","event":"MISSION_STAGE_DONE","msg":"MISSION_STAGE_DONE"}
{"level":"INFO","levelValue":30,"time":"2026-05-25T16:01:50.788+07:00","logger":"LoginService","row":1,"phone":"trongphuong@proton.me","runIndex":35,"event":"ACCOUNT_DAILY_SURF_ATTEMPT_SUCCEEDED","msg":"ACCOUNT_DAILY_SURF_ATTEMPT_SUCCEEDED"}
{"level":"INFO","levelValue":30,"time":"2026-05-25T16:01:50.788+07:00","logger":"LoginService","row":1,"phone":"trongphuong@proton.me","stage":"ACTIVITY_GENERATION","event":"MISSION_STAGE_START","msg":"MISSION_STAGE_START"}
{"level":"INFO","levelValue":30,"time":"2026-05-25T16:01:51.002+07:00","logger":"LoginService","row":1,"phone":"trongphuong@proton.me","event":"OK: BackgroundColor","msg":"OK: BackgroundColor"}
{"level":"INFO","levelValue":30,"time":"2026-05-25T16:01:51.213+07:00","logger":"LoginService","row":1,"phone":"trongphuong@proton.me","event":"OK: ReactionList","msg":"OK: ReactionList"}
{"level":"INFO","levelValue":30,"time":"2026-05-25T16:01:51.214+07:00","logger":"LoginService","row":1,"phone":"trongphuong@proton.me","stage":"ACTIVITY_GENERATION","event":"MISSION_STAGE_DONE","msg":"MISSION_STAGE_DONE"}
{"level":"INFO","levelValue":30,"time":"2026-05-25T16:01:51.214+07:00","logger":"LoginService","row":1,"phone":"trongphuong@proton.me","stage":"FRIEND_MANAGEMENT","event":"MISSION_STAGE_START","msg":"MISSION_STAGE_START"}
{"level":"INFO","levelValue":30,"time":"2026-05-25T16:01:51.484+07:00","logger":"LoginService","row":1,"phone":"trongphuong@proton.me","event":"OK: GetReceivedFriendRequests","msg":"OK: GetReceivedFriendRequests"}
{"level":"INFO","levelValue":30,"time":"2026-05-25T16:01:51.761+07:00","logger":"LoginService","row":1,"phone":"trongphuong@proton.me","event":"NO_INTERNAL_FRIEND_TARGETS","msg":"NO_INTERNAL_FRIEND_TARGETS"}
{"level":"INFO","levelValue":30,"time":"2026-05-25T16:01:51.761+07:00","logger":"LoginService","row":1,"phone":"trongphuong@proton.me","stage":"FRIEND_MANAGEMENT","event":"MISSION_STAGE_DONE","msg":"MISSION_STAGE_DONE"}
{"level":"INFO","levelValue":30,"time":"2026-05-25T16:01:51.761+07:00","logger":"LoginService","row":1,"phone":"trongphuong@proton.me","stage":"REWARD_CLAIMING","event":"MISSION_STAGE_START","msg":"MISSION_STAGE_START"}
{"level":"INFO","levelValue":30,"time":"2026-05-25T16:01:52.681+07:00","logger":"LoginService","row":1,"phone":"trongphuong@proton.me","event":"OK: Missions","msg":"OK: Missions"}
{"level":"INFO","levelValue":30,"time":"2026-05-25T16:01:52.681+07:00","logger":"LoginService","row":1,"phone":"trongphuong@proton.me","phase":"INITIAL","missionCount":9,"event":"MISSION_LIST_FETCHED","msg":"MISSION_LIST_FETCHED"}
{"level":"INFO","levelValue":30,"time":"2026-05-25T16:01:53.383+07:00","logger":"LoginService","row":1,"phone":"trongphuong@proton.me","event":"OK: Missions","msg":"OK: Missions"}
{"level":"INFO","levelValue":30,"time":"2026-05-25T16:01:53.384+07:00","logger":"LoginService","row":1,"phone":"trongphuong@proton.me","phase":"RECHECK","missionCount":9,"event":"MISSION_LIST_FETCHED","msg":"MISSION_LIST_FETCHED"}
{"level":"DEBUG","levelValue":20,"time":"2026-05-25T16:01:53.384+07:00","logger":"LoginService","row":1,"phone":"trongphuong@proton.me","phase":"RECHECK","missions":[{"missionId":18,"name":"Chuỗi đăng nhập 7 ngày","type":"STREAK_LOGIN","actionType":"LOGIN","status":"NEW","currentValue":0,"targetValue":7,"category":null,"claimable":false},{"missionId":13,"name":"Chiến thần cảm xúc","type":"WEEKLY","actionType":"LIKE","status":"NEW","currentValue":0,"targetValue":50,"category":"REACTION","claimable":false},{"missionId":12,"name":"Kết bạn mới","type":"DAILY","actionType":"ADD_FRIEND","status":"NEW","currentValue":0,"targetValue":2,"category":"FRIEND","claimable":false},{"missionId":16,"name":"Thánh bình luận","type":"WEEKLY","actionType":"COMMENT","status":"NEW","currentValue":0,"targetValue":50,"category":"COMMENT","claimable":false},{"missionId":14,"name":"Siêu nhân đăng bài","type":"WEEKLY","actionType":"POST","status":"NEW","currentValue":0,"targetValue":15,"category":"POST","claimable":false},{"missionId":10,"name":"Bình luận","type":"DAILY","actionType":"COMMENT","status":"NEW","currentValue":0,"targetValue":10,"category":"COMMENT","claimable":false},{"missionId":9,"name":"Thả cảm xúc","type":"DAILY","actionType":"LIKE","status":"NEW","currentValue":0,"targetValue":10,"category":"REACTION","claimable":false},{"missionId":15,"name":"Chúa tể kết bạn","type":"WEEKLY","actionType":"ADD_FRIEND","status":"NEW","currentValue":0,"targetValue":20,"category":"FRIEND","claimable":false},{"missionId":8,"name":"Đăng bài","type":"DAILY","actionType":"POST","status":"NEW","currentValue":0,"targetValue":3,"category":"POST","claimable":false}],"event":"MISSION_LIST_DETAIL","msg":"MISSION_LIST_DETAIL"}
{"level":"DEBUG","levelValue":20,"time":"2026-05-25T16:01:53.384+07:00","logger":"LoginService","row":1,"phone":"trongphuong@proton.me","phase":"RECHECK","mission":{"missionId":18,"name":"Chuỗi đăng nhập 7 ngày","type":"STREAK_LOGIN","actionType":"LOGIN","status":"NEW","currentValue":0,"targetValue":7,"lastStreakDate":1779321600000},"event":"MISSION_18_RAW","msg":"MISSION_18_RAW"}
{"level":"DEBUG","levelValue":20,"time":"2026-05-25T16:01:53.384+07:00","logger":"LoginService","row":1,"phone":"trongphuong@proton.me","missionId":13,"category":"REACTION","type":"WEEKLY","actionType":"LIKE","status":"NEW","event":"SKIP_NON_STREAK_MISSION_IN_REWARD_STAGE_13","msg":"SKIP_NON_STREAK_MISSION_IN_REWARD_STAGE_13"}
{"level":"DEBUG","levelValue":20,"time":"2026-05-25T16:01:53.384+07:00","logger":"LoginService","row":1,"phone":"trongphuong@proton.me","missionId":12,"category":"FRIEND","type":"DAILY","actionType":"ADD_FRIEND","status":"NEW","event":"SKIP_NON_STREAK_MISSION_IN_REWARD_STAGE_12","msg":"SKIP_NON_STREAK_MISSION_IN_REWARD_STAGE_12"}
{"level":"DEBUG","levelValue":20,"time":"2026-05-25T16:01:53.384+07:00","logger":"LoginService","row":1,"phone":"trongphuong@proton.me","missionId":16,"category":"COMMENT","type":"WEEKLY","actionType":"COMMENT","status":"NEW","event":"SKIP_NON_STREAK_MISSION_IN_REWARD_STAGE_16","msg":"SKIP_NON_STREAK_MISSION_IN_REWARD_STAGE_16"}
{"level":"DEBUG","levelValue":20,"time":"2026-05-25T16:01:53.384+07:00","logger":"LoginService","row":1,"phone":"trongphuong@proton.me","missionId":14,"category":"POST","type":"WEEKLY","actionType":"POST","status":"NEW","event":"SKIP_NON_STREAK_MISSION_IN_REWARD_STAGE_14","msg":"SKIP_NON_STREAK_MISSION_IN_REWARD_STAGE_14"}
{"level":"DEBUG","levelValue":20,"time":"2026-05-25T16:01:53.384+07:00","logger":"LoginService","row":1,"phone":"trongphuong@proton.me","missionId":10,"category":"COMMENT","type":"DAILY","actionType":"COMMENT","status":"NEW","event":"SKIP_NON_STREAK_MISSION_IN_REWARD_STAGE_10","msg":"SKIP_NON_STREAK_MISSION_IN_REWARD_STAGE_10"}
{"level":"DEBUG","levelValue":20,"time":"2026-05-25T16:01:53.385+07:00","logger":"LoginService","row":1,"phone":"trongphuong@proton.me","missionId":9,"category":"REACTION","type":"DAILY","actionType":"LIKE","status":"NEW","event":"SKIP_NON_STREAK_MISSION_IN_REWARD_STAGE_9","msg":"SKIP_NON_STREAK_MISSION_IN_REWARD_STAGE_9"}
{"level":"DEBUG","levelValue":20,"time":"2026-05-25T16:01:53.385+07:00","logger":"LoginService","row":1,"phone":"trongphuong@proton.me","missionId":15,"category":"FRIEND","type":"WEEKLY","actionType":"ADD_FRIEND","status":"NEW","event":"SKIP_NON_STREAK_MISSION_IN_REWARD_STAGE_15","msg":"SKIP_NON_STREAK_MISSION_IN_REWARD_STAGE_15"}
{"level":"DEBUG","levelValue":20,"time":"2026-05-25T16:01:53.385+07:00","logger":"LoginService","row":1,"phone":"trongphuong@proton.me","missionId":8,"category":"POST","type":"DAILY","actionType":"POST","status":"NEW","event":"SKIP_NON_STREAK_MISSION_IN_REWARD_STAGE_8","msg":"SKIP_NON_STREAK_MISSION_IN_REWARD_STAGE_8"}
{"level":"INFO","levelValue":30,"time":"2026-05-25T16:02:10.550+07:00","logger":"LoginService","row":1,"phone":"trongphuong@proton.me","stage":"REWARD_CLAIMING","event":"MISSION_STAGE_DONE","msg":"MISSION_STAGE_DONE"}
{"level":"INFO","levelValue":30,"time":"2026-05-25T16:02:10.550+07:00","logger":"LoginService","row":1,"phone":"trongphuong@proton.me","event":"BOT_MISSIONS_COMPLETE","msg":"BOT_MISSIONS_COMPLETE"}
{"level":"INFO","levelValue":30,"time":"2026-05-25T16:02:10.577+07:00","logger":"LoginService","batchNo":1,"processedAccounts":1,"totalAccounts":1,"event":"ACCOUNT_BATCH_DONE","msg":"ACCOUNT_BATCH_DONE"}
{"level":"DEBUG","levelValue":20,"time":"2026-05-25T16:02:10.577+07:00","logger":"LoginService","summary":{"success":1,"alreadyOk":1,"relogin":0,"fail":0,"accounts":1},"event":"JOB_SUMMARY","msg":"JOB_SUMMARY"}
{"level":"DEBUG","levelValue":20,"time":"2026-05-25T16:02:10.578+07:00","logger":"LoginService","event":"Loaded 1 accounts from database.","msg":"Loaded 1 accounts from database."}
{"level":"DEBUG","levelValue":20,"time":"2026-05-25T16:02:10.578+07:00","logger":"LoginService","summary":{"success":1,"alreadyOk":1,"relogin":0,"fail":0,"accounts":1},"event":"JOB_DONE","msg":"JOB_DONE"}
{"level":"INFO","levelValue":30,"time":"2026-05-25T16:02:10.578+07:00","logger":"LoginService","event":"LOGIN summary: success=1 alreadyOk=1 relogin=0 fail=0","msg":"LOGIN summary: success=1 alreadyOk=1 relogin=0 fail=0"}
{"level":"DEBUG","levelValue":20,"time":"2026-05-25T16:03:15.765+07:00","logger":"LoginService","config":{"KONG_URL":"https://social.eric.pro.vn","MEDIA_API_URL":"https://social.eric.pro.vn","MEDIA_UPLOAD_API_URLS":"","UPLOAD_PUBLIC_BASE_URL":"https://social.eric.pro.vn","INTERVAL_MS":600000,"RUN_ONCE":false,"PROXY_REQUIRED":false,"LOGIN_CONCURRENCY":5,"ACCOUNT_FETCH_BATCH_SIZE":200,"ACCOUNT_BATCH_SIZE":50,"ACCOUNT_BATCH_DELAY_MS":0,"ACCOUNT_START_STAGGER_MS":0,"ACCOUNT_DAILY_RUN_LIMIT":40,"ACCOUNT_DAILY_POST_LIMIT":3,"ACCOUNT_DAILY_SURF_LIMIT":2,"ACCOUNT_ACTIVITY_PLANNER_ENABLED":true,"POST_MIN_GAP_RUNS":4,"SURF_MIN_GAP_RUNS":3,"ALLOW_POST_AND_SURF_SAME_RUN":false,"POST_START_JITTER_MS":15000,"SURF_START_JITTER_MS":10000,"REDIS_KEY_PREFIX":"ae1","VIDEO_CLAIM_TTL_MS":300000,"API_RETRY_BACKOFF_MS":1500,"AUTO_FETCH_OTP":true,"AUTO_RESEND":true,"OTP_TIMEOUT_MS":30000,"OTP_POLL_MS":300,"OTP_VERIFY_RETRY":5,"VERIFY_WINDOW_MS":10000,"RESEND_WINDOW_MS":10000,"MAX_RESEND":2,"OTP_DEBUG_PATH_REDIS":"/auth/debug/redis-otp","LOG_LEVEL":"debug","LOG_VERBOSE":false,"UPSTASH_REDIS_REST_URL":"[configured]","UPSTASH_REDIS_REST_TOKEN":"[configured]"},"event":"Service_CONFIG","msg":"Service_CONFIG"}
{"level":"DEBUG","levelValue":20,"time":"2026-05-25T16:03:15.765+07:00","logger":"LoginService","reason":"startup","event":"JOB_START","msg":"JOB_START"}
{"level":"DEBUG","levelValue":20,"time":"2026-05-25T16:03:15.839+07:00","logger":"LoginService","pageSize":1,"loadedAccounts":1,"lastSeenId":1,"event":"ACCOUNTS_PAGE_LOADED","msg":"ACCOUNTS_PAGE_LOADED"}
{"level":"INFO","levelValue":30,"time":"2026-05-25T16:03:17.180+07:00","logger":"LoginService","dayKey":"2026-05-25","accounts":1,"runIndexMin":36,"runIndexMax":36,"candidatePosts":1,"candidateSurfs":0,"totalPostWeight":0.6,"totalSurfWeight":0,"desiredPostSlots":1,"desiredSurfSlots":0,"selectedPosts":1,"selectedSurfs":0,"postCarryBefore":0.650456,"surfCarryBefore":0.431141,"postCarryAfter":0.250456,"surfCarryAfter":0.431141,"event":"ACCOUNT_ACTIVITY_RUN_PLAN","msg":"ACCOUNT_ACTIVITY_RUN_PLAN"}
{"level":"INFO","levelValue":30,"time":"2026-05-25T16:03:17.181+07:00","logger":"LoginService","event":"Starting login flow for accounts...","msg":"Starting login flow for accounts..."}
{"level":"DEBUG","levelValue":20,"time":"2026-05-25T16:03:17.181+07:00","logger":"LoginService","accounts":1,"event":"ACCOUNTS_LOADED","msg":"ACCOUNTS_LOADED"}
{"level":"INFO","levelValue":30,"time":"2026-05-25T16:03:17.181+07:00","logger":"LoginService","accounts":1,"concurrency":5,"batchSize":50,"batchDelayMs":0,"staggerMs":0,"event":"ACCOUNT_EXECUTION_PLAN","msg":"ACCOUNT_EXECUTION_PLAN"}
{"level":"INFO","levelValue":30,"time":"2026-05-25T16:03:17.182+07:00","logger":"LoginService","batchNo":1,"batchAccounts":1,"batchOffset":0,"event":"ACCOUNT_BATCH_START","msg":"ACCOUNT_BATCH_START"}
{"level":"INFO","levelValue":30,"time":"2026-05-25T16:03:17.183+07:00","logger":"LoginService","row":1,"phone":"trongphuong@proton.me","password":"***len=9","event":"ACCOUNT_START","msg":"ACCOUNT_START"}
{"level":"INFO","levelValue":30,"time":"2026-05-25T16:03:17.184+07:00","logger":"LoginService","row":1,"phone":"trongphuong@proton.me","dayKey":"2026-05-25","dailyRunLimit":40,"currentDailyRunCount":35,"currentDailyPostCount":0,"currentDailySurfCount":1,"runIndex":36,"remainingRuns":5,"runProgressPercent":90,"postChancePercent":60,"surfChancePercent":0,"shouldPost":true,"shouldSurf":false,"postWeight":0.6,"surfWeight":0,"eligibleForPost":true,"eligibleForSurf":false,"postGapRunsRemaining":0,"surfGapRunsRemaining":3,"decisionSource":"planner","postJitterMs":2125,"surfJitterMs":0,"postsDone":0,"surfsDone":1,"remainingPostQuota":3,"remainingSurfQuota":1,"event":"ACCOUNT_ACTIVITY_DECISION","msg":"ACCOUNT_ACTIVITY_DECISION"}
{"level":"INFO","levelValue":30,"time":"2026-05-25T16:03:17.207+07:00","logger":"LoginService","phone":"trongphuong@proton.me","deviceId":"F9A3C7E2-1B5D-4A2C-8F6E-9D3B4A1C5F2D","userAgent":"ERIC/1.0.0 (Android; 14; Samsung Galaxy S24 Ultra)","access":{"present":true,"validJwt":true,"sub":"trongphuong.1779185585247586933","id":315069343723556860,"clientType":"mobile","deviceId":"F9A3C7E2-1B5D-4A2C-8F6E-9D3B4A1C5F2D","iat":1779699206,"exp":1779700166},"event":"GET_ME_TOKEN_SUMMARY","msg":"GET_ME_TOKEN_SUMMARY"}
{"level":"INFO","levelValue":30,"time":"2026-05-25T16:03:17.678+07:00","logger":"LoginService","row":1,"phone":"trongphuong@proton.me","runIndex":36,"dailyRunLimit":40,"shouldPost":true,"shouldSurf":false,"event":"BOT_MISSIONS_START","msg":"BOT_MISSIONS_START"}
{"level":"INFO","levelValue":30,"time":"2026-05-25T16:03:17.679+07:00","logger":"LoginService","row":1,"phone":"trongphuong@proton.me","stage":"PROFILE_AND_SOCIAL","event":"MISSION_STAGE_START","msg":"MISSION_STAGE_START"}
{"level":"INFO","levelValue":30,"time":"2026-05-25T16:03:17.912+07:00","logger":"LoginService","row":1,"phone":"trongphuong@proton.me","event":"OK: ProfileMe","msg":"OK: ProfileMe"}
{"level":"INFO","levelValue":30,"time":"2026-05-25T16:03:18.197+07:00","logger":"LoginService","row":1,"phone":"trongphuong@proton.me","event":"OK: MyFriends","msg":"OK: MyFriends"}
{"level":"INFO","levelValue":30,"time":"2026-05-25T16:03:18.424+07:00","logger":"LoginService","row":1,"phone":"trongphuong@proton.me","event":"OK: Notifications","msg":"OK: Notifications"}
{"level":"INFO","levelValue":30,"time":"2026-05-25T16:03:18.424+07:00","logger":"LoginService","row":1,"phone":"trongphuong@proton.me","stage":"PROFILE_AND_SOCIAL","event":"MISSION_STAGE_DONE","msg":"MISSION_STAGE_DONE"}
{"level":"INFO","levelValue":30,"time":"2026-05-25T16:03:18.424+07:00","logger":"LoginService","row":1,"phone":"trongphuong@proton.me","stage":"STREAK_CLAIMING","event":"MISSION_STAGE_START","msg":"MISSION_STAGE_START"}
{"level":"INFO","levelValue":30,"time":"2026-05-25T16:03:18.654+07:00","logger":"LoginService","row":1,"phone":"trongphuong@proton.me","balance":{"balance":4,"dailyRemainingPoint":3,"dailyEarnedPoint":0},"dailyRemainingPoint":3,"dailyEarnedPoint":0,"dailyPointLimit":3,"event":"OK: PointBalance","msg":"OK: PointBalance"}
{"level":"INFO","levelValue":30,"time":"2026-05-25T16:03:19.475+07:00","logger":"LoginService","row":1,"phone":"trongphuong@proton.me","event":"OK: Missions","msg":"OK: Missions"}
{"level":"INFO","levelValue":30,"time":"2026-05-25T16:03:19.475+07:00","logger":"LoginService","row":1,"phone":"trongphuong@proton.me","phase":"STREAK","missionCount":9,"event":"MISSION_LIST_FETCHED","msg":"MISSION_LIST_FETCHED"}
{"level":"DEBUG","levelValue":20,"time":"2026-05-25T16:03:19.476+07:00","logger":"LoginService","row":1,"phone":"trongphuong@proton.me","phase":"STREAK","missions":[{"missionId":18,"name":"Chuỗi đăng nhập 7 ngày","type":"STREAK_LOGIN","actionType":"LOGIN","status":"NEW","currentValue":0,"targetValue":7,"category":null,"claimable":false},{"missionId":13,"name":"Chiến thần cảm xúc","type":"WEEKLY","actionType":"LIKE","status":"NEW","currentValue":0,"targetValue":50,"category":"REACTION","claimable":false},{"missionId":12,"name":"Kết bạn mới","type":"DAILY","actionType":"ADD_FRIEND","status":"NEW","currentValue":0,"targetValue":2,"category":"FRIEND","claimable":false},{"missionId":16,"name":"Thánh bình luận","type":"WEEKLY","actionType":"COMMENT","status":"NEW","currentValue":0,"targetValue":50,"category":"COMMENT","claimable":false},{"missionId":14,"name":"Siêu nhân đăng bài","type":"WEEKLY","actionType":"POST","status":"NEW","currentValue":0,"targetValue":15,"category":"POST","claimable":false},{"missionId":10,"name":"Bình luận","type":"DAILY","actionType":"COMMENT","status":"NEW","currentValue":0,"targetValue":10,"category":"COMMENT","claimable":false},{"missionId":9,"name":"Thả cảm xúc","type":"DAILY","actionType":"LIKE","status":"NEW","currentValue":0,"targetValue":10,"category":"REACTION","claimable":false},{"missionId":15,"name":"Chúa tể kết bạn","type":"WEEKLY","actionType":"ADD_FRIEND","status":"NEW","currentValue":0,"targetValue":20,"category":"FRIEND","claimable":false},{"missionId":8,"name":"Đăng bài","type":"DAILY","actionType":"POST","status":"NEW","currentValue":0,"targetValue":3,"category":"POST","claimable":false}],"event":"MISSION_LIST_DETAIL","msg":"MISSION_LIST_DETAIL"}
{"level":"DEBUG","levelValue":20,"time":"2026-05-25T16:03:19.476+07:00","logger":"LoginService","row":1,"phone":"trongphuong@proton.me","phase":"STREAK","mission":{"missionId":18,"name":"Chuỗi đăng nhập 7 ngày","type":"STREAK_LOGIN","actionType":"LOGIN","status":"NEW","currentValue":0,"targetValue":7,"lastStreakDate":1779321600000},"event":"MISSION_18_RAW","msg":"MISSION_18_RAW"}
{"level":"INFO","levelValue":30,"time":"2026-05-25T16:03:19.762+07:00","logger":"LoginService","row":1,"phone":"trongphuong@proton.me","claimType":"STREAK","missionId":18,"name":"Chuỗi đăng nhập 7 ngày","cv":0,"nextMilestone":1,"tv":7,"todayKey":"2026-05-25","lastClaimDateKey":"2026-05-21","timeZone":"Asia/Ho_Chi_Minh","event":"STREAK_MISSION_REWARD_CLAIM_REQUEST","msg":"STREAK_MISSION_REWARD_CLAIM_REQUEST"}
{"level":"ERROR","levelValue":50,"time":"2026-05-25T16:03:19.970+07:00","logger":"LoginService","row":1,"phone":"trongphuong@proton.me","detail":"[object]","backendMessage":"Không thể nhận thưởng nhiệm vụ","backendRaw":"{\"isSucceed\":false,\"message\":\"Không thể nhận thưởng nhiệm vụ\",\"data\":{\"balance\":\"4\"},\"serverTime\":1779699799830}","failedUrl":"https://social.eric.pro.vn/api/point/claim-streak-mission-reward","event":"MISSION_FAILED (500): ClaimStreak_18","msg":"MISSION_FAILED (500): ClaimStreak_18"}
{"level":"ERROR","levelValue":50,"time":"2026-05-25T16:03:19.970+07:00","logger":"LoginService","row":1,"phone":"trongphuong@proton.me","err":"Request failed with status code 500","event":"CLAIM_ALL_MISSIONS_ERROR","msg":"CLAIM_ALL_MISSIONS_ERROR"}
{"level":"ERROR","levelValue":50,"time":"2026-05-25T16:03:19.970+07:00","logger":"LoginService","row":1,"phone":"trongphuong@proton.me","err":"Request failed with status code 500","event":"MISSION_PROCESSING_ERROR","msg":"MISSION_PROCESSING_ERROR"}
{"level":"INFO","levelValue":30,"time":"2026-05-25T16:03:19.970+07:00","logger":"LoginService","row":1,"phone":"trongphuong@proton.me","stage":"STREAK_CLAIMING","event":"MISSION_STAGE_DONE","msg":"MISSION_STAGE_DONE"}
{"level":"INFO","levelValue":30,"time":"2026-05-25T16:03:19.970+07:00","logger":"LoginService","row":1,"phone":"trongphuong@proton.me","stage":"FEED_AND_INTERACT","event":"MISSION_STAGE_START","msg":"MISSION_STAGE_START"}
{"level":"INFO","levelValue":30,"time":"2026-05-25T16:03:19.972+07:00","logger":"LoginService","row":1,"phone":"trongphuong@proton.me","backend":"redis","keyPrefix":"ae1","redisConfigured":true,"lightFeedMode":false,"event":"INTERACTION_STORE_STATUS","msg":"INTERACTION_STORE_STATUS"}
{"level":"INFO","levelValue":30,"time":"2026-05-25T16:03:20.162+07:00","logger":"LoginService","row":1,"phone":"trongphuong@proton.me","reactionCodes":["FUNNY","BORED","WOW","ANGRY","SMILE","SAD","LIKE","EMPATHETIC"],"event":"REACTION_CODES_READY","msg":"REACTION_CODES_READY"}
{"level":"INFO","levelValue":30,"time":"2026-05-25T16:03:20.437+07:00","logger":"LoginService","row":1,"phone":"trongphuong@proton.me","event":"OK: FeedHome_Page_1","msg":"OK: FeedHome_Page_1"}
{"level":"INFO","levelValue":30,"time":"2026-05-25T16:03:22.379+07:00","logger":"LoginService","row":1,"phone":"trongphuong@proton.me","event":"OK: FeedHome_Page_2","msg":"OK: FeedHome_Page_2"}
{"level":"INFO","levelValue":30,"time":"2026-05-25T16:03:24.096+07:00","logger":"LoginService","row":1,"phone":"trongphuong@proton.me","event":"OK: FeedHome_Page_3","msg":"OK: FeedHome_Page_3"}
{"level":"INFO","levelValue":30,"time":"2026-05-25T16:03:26.155+07:00","logger":"LoginService","row":1,"phone":"trongphuong@proton.me","event":"OK: FeedHome_Page_4","msg":"OK: FeedHome_Page_4"}
{"level":"INFO","levelValue":30,"time":"2026-05-25T16:03:28.013+07:00","logger":"LoginService","row":1,"phone":"trongphuong@proton.me","event":"OK: FeedHome_Page_5","msg":"OK: FeedHome_Page_5"}
{"level":"INFO","levelValue":30,"time":"2026-05-25T16:03:29.605+07:00","logger":"LoginService","row":1,"phone":"trongphuong@proton.me","event":"OK: FeedHome_Page_6","msg":"OK: FeedHome_Page_6"}
{"level":"INFO","levelValue":30,"time":"2026-05-25T16:03:31.153+07:00","logger":"LoginService","row":1,"phone":"trongphuong@proton.me","event":"OK: FeedHome_Page_7","msg":"OK: FeedHome_Page_7"}
{"level":"INFO","levelValue":30,"time":"2026-05-25T16:03:32.616+07:00","logger":"LoginService","row":1,"phone":"trongphuong@proton.me","event":"OK: FeedHome_Page_8","msg":"OK: FeedHome_Page_8"}
{"level":"INFO","levelValue":30,"time":"2026-05-25T16:03:33.739+07:00","logger":"LoginService","row":1,"phone":"trongphuong@proton.me","event":"OK: FeedHome_Page_9","msg":"OK: FeedHome_Page_9"}
{"level":"INFO","levelValue":30,"time":"2026-05-25T16:03:35.589+07:00","logger":"LoginService","row":1,"phone":"trongphuong@proton.me","event":"OK: FeedHome_Page_10","msg":"OK: FeedHome_Page_10"}
{"level":"INFO","levelValue":30,"time":"2026-05-25T16:03:35.849+07:00","logger":"LoginService","row":1,"phone":"trongphuong@proton.me","event":"OK: SurfHome","msg":"OK: SurfHome"}
{"level":"INFO","levelValue":30,"time":"2026-05-25T16:03:35.849+07:00","logger":"LoginService","itemsLength":87,"pagesScrolled":10,"event":"DEBUG_FEEDHOME","msg":"DEBUG_FEEDHOME"}
{"level":"INFO","levelValue":30,"time":"2026-05-25T16:03:36.285+07:00","logger":"LoginService","phone":"trongphuong@proton.me","backend":"redis","keyPrefix":"ae1","storeKey":"interactedPosts:trongphuong@proton.me","storeType":"interactedPosts","count":89,"event":"INTERACTION_REDIS_LOAD","msg":"INTERACTION_REDIS_LOAD"}
{"level":"INFO","levelValue":30,"time":"2026-05-25T16:03:36.558+07:00","logger":"LoginService","phone":"trongphuong@proton.me","backend":"redis","keyPrefix":"ae1","storeKey":"reactedPosts:trongphuong@proton.me","storeType":"reactedPosts","count":82,"event":"INTERACTION_REDIS_LOAD","msg":"INTERACTION_REDIS_LOAD"}
{"level":"INFO","levelValue":30,"time":"2026-05-25T16:03:37.600+07:00","logger":"LoginService","row":1,"phone":"trongphuong@proton.me","parsedItemCount":87,"uniqueItemCount":87,"unseenItemCount":0,"seenItemCount":89,"reactedPostCount":82,"maxReactionsPerRun":2,"event":"MISSION_ACTION_DEPENDENT_START","msg":"MISSION_ACTION_DEPENDENT_START"}
{"level":"INFO","levelValue":30,"time":"2026-05-25T16:03:37.601+07:00","logger":"LoginService","row":1,"phone":"trongphuong@proton.me","postId":"317224025950662656","authorId":"315069343723556864","event":"SKIP_REACTION_OWN_POST","msg":"SKIP_REACTION_OWN_POST"}
{"level":"INFO","levelValue":30,"time":"2026-05-25T16:03:37.601+07:00","logger":"LoginService","row":1,"phone":"trongphuong@proton.me","postId":"317221404783292416","authorId":"315069343723556864","event":"SKIP_REACTION_OWN_POST","msg":"SKIP_REACTION_OWN_POST"}
{"level":"INFO","levelValue":30,"time":"2026-05-25T16:03:37.601+07:00","logger":"LoginService","row":1,"phone":"trongphuong@proton.me","postId":"300437194391302144","event":"SKIP_REACTION_ALREADY_REACTED","msg":"SKIP_REACTION_ALREADY_REACTED"}
{"level":"INFO","levelValue":30,"time":"2026-05-25T16:03:37.601+07:00","logger":"LoginService","row":1,"phone":"trongphuong@proton.me","postId":"317218213270269952","authorId":"315069343723556864","event":"SKIP_REACTION_OWN_POST","msg":"SKIP_REACTION_OWN_POST"}
{"level":"INFO","levelValue":30,"time":"2026-05-25T16:03:37.601+07:00","logger":"LoginService","row":1,"phone":"trongphuong@proton.me","postId":"317215730435239936","authorId":"315069343723556864","event":"SKIP_REACTION_OWN_POST","msg":"SKIP_REACTION_OWN_POST"}
{"level":"INFO","levelValue":30,"time":"2026-05-25T16:03:37.601+07:00","logger":"LoginService","row":1,"phone":"trongphuong@proton.me","postId":"300436969991843840","event":"SKIP_REACTION_ALREADY_REACTED","msg":"SKIP_REACTION_ALREADY_REACTED"}
{"level":"INFO","levelValue":30,"time":"2026-05-25T16:03:37.601+07:00","logger":"LoginService","row":1,"phone":"trongphuong@proton.me","postId":"317209615639130112","authorId":"315069343723556864","event":"SKIP_REACTION_OWN_POST","msg":"SKIP_REACTION_OWN_POST"}
{"level":"INFO","levelValue":30,"time":"2026-05-25T16:03:37.601+07:00","logger":"LoginService","row":1,"phone":"trongphuong@proton.me","postId":"317193238777835520","event":"SKIP_REACTION_ALREADY_REACTED","msg":"SKIP_REACTION_ALREADY_REACTED"}
{"level":"INFO","levelValue":30,"time":"2026-05-25T16:03:37.601+07:00","logger":"LoginService","row":1,"phone":"trongphuong@proton.me","postId":"317190730957336576","event":"SKIP_REACTION_ALREADY_REACTED","msg":"SKIP_REACTION_ALREADY_REACTED"}
{"level":"INFO","levelValue":30,"time":"2026-05-25T16:03:37.602+07:00","logger":"LoginService","row":1,"phone":"trongphuong@proton.me","postId":"317178206694289408","event":"SKIP_REACTION_ALREADY_REACTED","msg":"SKIP_REACTION_ALREADY_REACTED"}
{"level":"INFO","levelValue":30,"time":"2026-05-25T16:03:37.602+07:00","logger":"LoginService","row":1,"phone":"trongphuong@proton.me","postId":"317165311155646464","event":"SKIP_REACTION_ALREADY_REACTED","msg":"SKIP_REACTION_ALREADY_REACTED"}
{"level":"INFO","levelValue":30,"time":"2026-05-25T16:03:37.602+07:00","logger":"LoginService","row":1,"phone":"trongphuong@proton.me","postId":"317122236114939904","event":"SKIP_REACTION_ALREADY_REACTED","msg":"SKIP_REACTION_ALREADY_REACTED"}
{"level":"INFO","levelValue":30,"time":"2026-05-25T16:03:37.602+07:00","logger":"LoginService","row":1,"phone":"trongphuong@proton.me","postId":"300436823921012736","event":"SKIP_REACTION_ALREADY_REACTED","msg":"SKIP_REACTION_ALREADY_REACTED"}
{"level":"INFO","levelValue":30,"time":"2026-05-25T16:03:37.602+07:00","logger":"LoginService","row":1,"phone":"trongphuong@proton.me","postId":"317122092015431680","event":"SKIP_REACTION_ALREADY_REACTED","msg":"SKIP_REACTION_ALREADY_REACTED"}
{"level":"INFO","levelValue":30,"time":"2026-05-25T16:03:37.602+07:00","logger":"LoginService","row":1,"phone":"trongphuong@proton.me","postId":"317121966031122432","event":"SKIP_REACTION_ALREADY_REACTED","msg":"SKIP_REACTION_ALREADY_REACTED"}
{"level":"INFO","levelValue":30,"time":"2026-05-25T16:03:37.602+07:00","logger":"LoginService","row":1,"phone":"trongphuong@proton.me","postId":"300435956991930368","event":"SKIP_REACTION_ALREADY_REACTED","msg":"SKIP_REACTION_ALREADY_REACTED"}
{"level":"INFO","levelValue":30,"time":"2026-05-25T16:03:37.602+07:00","logger":"LoginService","row":1,"phone":"trongphuong@proton.me","postId":"317121628419010560","event":"SKIP_REACTION_ALREADY_REACTED","msg":"SKIP_REACTION_ALREADY_REACTED"}
{"level":"INFO","levelValue":30,"time":"2026-05-25T16:03:37.602+07:00","logger":"LoginService","row":1,"phone":"trongphuong@proton.me","postId":"317121459111735296","event":"SKIP_REACTION_ALREADY_REACTED","msg":"SKIP_REACTION_ALREADY_REACTED"}
{"level":"INFO","levelValue":30,"time":"2026-05-25T16:03:37.602+07:00","logger":"LoginService","row":1,"phone":"trongphuong@proton.me","postId":"317121302307680256","event":"SKIP_REACTION_ALREADY_REACTED","msg":"SKIP_REACTION_ALREADY_REACTED"}
{"level":"INFO","levelValue":30,"time":"2026-05-25T16:03:37.602+07:00","logger":"LoginService","row":1,"phone":"trongphuong@proton.me","postId":"317121169935446016","event":"SKIP_REACTION_ALREADY_REACTED","msg":"SKIP_REACTION_ALREADY_REACTED"}
{"level":"INFO","levelValue":30,"time":"2026-05-25T16:03:37.603+07:00","logger":"LoginService","row":1,"phone":"trongphuong@proton.me","postId":"317120901533544448","event":"SKIP_REACTION_ALREADY_REACTED","msg":"SKIP_REACTION_ALREADY_REACTED"}
{"level":"INFO","levelValue":30,"time":"2026-05-25T16:03:37.603+07:00","logger":"LoginService","row":1,"phone":"trongphuong@proton.me","postId":"317120591524147200","event":"SKIP_REACTION_ALREADY_REACTED","msg":"SKIP_REACTION_ALREADY_REACTED"}
{"level":"INFO","levelValue":30,"time":"2026-05-25T16:03:37.603+07:00","logger":"LoginService","row":1,"phone":"trongphuong@proton.me","postId":"300298433317711872","event":"SKIP_REACTION_ALREADY_REACTED","msg":"SKIP_REACTION_ALREADY_REACTED"}
{"level":"INFO","levelValue":30,"time":"2026-05-25T16:03:37.603+07:00","logger":"LoginService","row":1,"phone":"trongphuong@proton.me","postId":"317113219539939328","event":"SKIP_REACTION_ALREADY_REACTED","msg":"SKIP_REACTION_ALREADY_REACTED"}
{"level":"INFO","levelValue":30,"time":"2026-05-25T16:03:37.603+07:00","logger":"LoginService","row":1,"phone":"trongphuong@proton.me","postId":"317113119019249664","event":"SKIP_REACTION_ALREADY_REACTED","msg":"SKIP_REACTION_ALREADY_REACTED"}
{"level":"INFO","levelValue":30,"time":"2026-05-25T16:03:37.603+07:00","logger":"LoginService","row":1,"phone":"trongphuong@proton.me","postId":"300208950350065664","event":"SKIP_REACTION_ALREADY_REACTED","msg":"SKIP_REACTION_ALREADY_REACTED"}
{"level":"INFO","levelValue":30,"time":"2026-05-25T16:03:37.603+07:00","logger":"LoginService","row":1,"phone":"trongphuong@proton.me","postId":"317113021212274688","event":"SKIP_REACTION_ALREADY_REACTED","msg":"SKIP_REACTION_ALREADY_REACTED"}
{"level":"INFO","levelValue":30,"time":"2026-05-25T16:03:37.603+07:00","logger":"LoginService","row":1,"phone":"trongphuong@proton.me","postId":"317112925389205504","event":"SKIP_REACTION_ALREADY_REACTED","msg":"SKIP_REACTION_ALREADY_REACTED"}
{"level":"INFO","levelValue":30,"time":"2026-05-25T16:03:37.603+07:00","logger":"LoginService","row":1,"phone":"trongphuong@proton.me","postId":"317112839674408960","event":"SKIP_REACTION_ALREADY_REACTED","msg":"SKIP_REACTION_ALREADY_REACTED"}
{"level":"INFO","levelValue":30,"time":"2026-05-25T16:03:37.603+07:00","logger":"LoginService","row":1,"phone":"trongphuong@proton.me","postId":"317112741250871296","event":"SKIP_REACTION_ALREADY_REACTED","msg":"SKIP_REACTION_ALREADY_REACTED"}
{"level":"INFO","levelValue":30,"time":"2026-05-25T16:03:37.603+07:00","logger":"LoginService","row":1,"phone":"trongphuong@proton.me","postId":"317099497543053312","event":"SKIP_REACTION_ALREADY_REACTED","msg":"SKIP_REACTION_ALREADY_REACTED"}
{"level":"INFO","levelValue":30,"time":"2026-05-25T16:03:37.603+07:00","logger":"LoginService","row":1,"phone":"trongphuong@proton.me","postId":"317099288326975488","event":"SKIP_REACTION_ALREADY_REACTED","msg":"SKIP_REACTION_ALREADY_REACTED"}
{"level":"INFO","levelValue":30,"time":"2026-05-25T16:03:37.603+07:00","logger":"LoginService","row":1,"phone":"trongphuong@proton.me","postId":"300204793534754816","event":"SKIP_REACTION_ALREADY_REACTED","msg":"SKIP_REACTION_ALREADY_REACTED"}
{"level":"INFO","levelValue":30,"time":"2026-05-25T16:03:37.603+07:00","logger":"LoginService","row":1,"phone":"trongphuong@proton.me","postId":"317099114435325952","event":"SKIP_REACTION_ALREADY_REACTED","msg":"SKIP_REACTION_ALREADY_REACTED"}
{"level":"INFO","levelValue":30,"time":"2026-05-25T16:03:37.603+07:00","logger":"LoginService","row":1,"phone":"trongphuong@proton.me","postId":"317076495388520448","event":"SKIP_REACTION_ALREADY_REACTED","msg":"SKIP_REACTION_ALREADY_REACTED"}
{"level":"INFO","levelValue":30,"time":"2026-05-25T16:03:37.603+07:00","logger":"LoginService","row":1,"phone":"trongphuong@proton.me","postId":"299492744827645952","event":"SKIP_REACTION_ALREADY_REACTED","msg":"SKIP_REACTION_ALREADY_REACTED"}
{"level":"INFO","levelValue":30,"time":"2026-05-25T16:03:37.603+07:00","logger":"LoginService","row":1,"phone":"trongphuong@proton.me","postId":"317026194589626368","event":"SKIP_REACTION_ALREADY_REACTED","msg":"SKIP_REACTION_ALREADY_REACTED"}
{"level":"INFO","levelValue":30,"time":"2026-05-25T16:03:37.603+07:00","logger":"LoginService","row":1,"phone":"trongphuong@proton.me","postId":"316804691294040064","event":"SKIP_REACTION_ALREADY_REACTED","msg":"SKIP_REACTION_ALREADY_REACTED"}
{"level":"INFO","levelValue":30,"time":"2026-05-25T16:03:37.603+07:00","logger":"LoginService","row":1,"phone":"trongphuong@proton.me","postId":"316804418324541440","event":"SKIP_REACTION_ALREADY_REACTED","msg":"SKIP_REACTION_ALREADY_REACTED"}
{"level":"INFO","levelValue":30,"time":"2026-05-25T16:03:37.603+07:00","logger":"LoginService","row":1,"phone":"trongphuong@proton.me","postId":"316764456203988992","event":"SKIP_REACTION_ALREADY_REACTED","msg":"SKIP_REACTION_ALREADY_REACTED"}
{"level":"INFO","levelValue":30,"time":"2026-05-25T16:03:37.603+07:00","logger":"LoginService","row":1,"phone":"trongphuong@proton.me","postId":"316738959747198976","event":"SKIP_REACTION_ALREADY_REACTED","msg":"SKIP_REACTION_ALREADY_REACTED"}
{"level":"INFO","levelValue":30,"time":"2026-05-25T16:03:37.603+07:00","logger":"LoginService","row":1,"phone":"trongphuong@proton.me","postId":"316738855757819904","event":"SKIP_REACTION_ALREADY_REACTED","msg":"SKIP_REACTION_ALREADY_REACTED"}
{"level":"INFO","levelValue":30,"time":"2026-05-25T16:03:37.603+07:00","logger":"LoginService","row":1,"phone":"trongphuong@proton.me","postId":"299492235433619456","event":"SKIP_REACTION_ALREADY_REACTED","msg":"SKIP_REACTION_ALREADY_REACTED"}
{"level":"INFO","levelValue":30,"time":"2026-05-25T16:03:37.603+07:00","logger":"LoginService","row":1,"phone":"trongphuong@proton.me","postId":"316738697099882496","event":"SKIP_REACTION_ALREADY_REACTED","msg":"SKIP_REACTION_ALREADY_REACTED"}
{"level":"INFO","levelValue":30,"time":"2026-05-25T16:03:37.603+07:00","logger":"LoginService","row":1,"phone":"trongphuong@proton.me","postId":"316714168411631616","event":"SKIP_REACTION_ALREADY_REACTED","msg":"SKIP_REACTION_ALREADY_REACTED"}
{"level":"INFO","levelValue":30,"time":"2026-05-25T16:03:37.603+07:00","logger":"LoginService","row":1,"phone":"trongphuong@proton.me","postId":"299478363150626816","event":"SKIP_REACTION_ALREADY_REACTED","msg":"SKIP_REACTION_ALREADY_REACTED"}
{"level":"INFO","levelValue":30,"time":"2026-05-25T16:03:37.603+07:00","logger":"LoginService","row":1,"phone":"trongphuong@proton.me","postId":"316442326098653184","event":"SKIP_REACTION_ALREADY_REACTED","msg":"SKIP_REACTION_ALREADY_REACTED"}
{"level":"INFO","levelValue":30,"time":"2026-05-25T16:03:37.603+07:00","logger":"LoginService","row":1,"phone":"trongphuong@proton.me","postId":"316402106699493376","event":"SKIP_REACTION_ALREADY_REACTED","msg":"SKIP_REACTION_ALREADY_REACTED"}
{"level":"INFO","levelValue":30,"time":"2026-05-25T16:03:37.603+07:00","logger":"LoginService","row":1,"phone":"trongphuong@proton.me","postId":"316389097516183552","event":"SKIP_REACTION_ALREADY_REACTED","msg":"SKIP_REACTION_ALREADY_REACTED"}
{"level":"INFO","levelValue":30,"time":"2026-05-25T16:03:37.604+07:00","logger":"LoginService","row":1,"phone":"trongphuong@proton.me","postId":"316388972081328128","event":"SKIP_REACTION_ALREADY_REACTED","msg":"SKIP_REACTION_ALREADY_REACTED"}
{"level":"INFO","levelValue":30,"time":"2026-05-25T16:03:37.604+07:00","logger":"LoginService","row":1,"phone":"trongphuong@proton.me","postId":"316388798940459008","event":"SKIP_REACTION_ALREADY_REACTED","msg":"SKIP_REACTION_ALREADY_REACTED"}
{"level":"INFO","levelValue":30,"time":"2026-05-25T16:03:37.604+07:00","logger":"LoginService","row":1,"phone":"trongphuong@proton.me","postId":"316351755388596224","event":"SKIP_REACTION_ALREADY_REACTED","msg":"SKIP_REACTION_ALREADY_REACTED"}
{"level":"INFO","levelValue":30,"time":"2026-05-25T16:03:37.604+07:00","logger":"LoginService","row":1,"phone":"trongphuong@proton.me","postId":"299476987997728768","event":"SKIP_REACTION_ALREADY_REACTED","msg":"SKIP_REACTION_ALREADY_REACTED"}
{"level":"INFO","levelValue":30,"time":"2026-05-25T16:03:37.604+07:00","logger":"LoginService","row":1,"phone":"trongphuong@proton.me","postId":"316301464886718464","event":"SKIP_REACTION_ALREADY_REACTED","msg":"SKIP_REACTION_ALREADY_REACTED"}
{"level":"INFO","levelValue":30,"time":"2026-05-25T16:03:37.604+07:00","logger":"LoginService","row":1,"phone":"trongphuong@proton.me","postId":"316085004012761088","event":"SKIP_REACTION_ALREADY_REACTED","msg":"SKIP_REACTION_ALREADY_REACTED"}
{"level":"INFO","levelValue":30,"time":"2026-05-25T16:03:37.604+07:00","logger":"LoginService","row":1,"phone":"trongphuong@proton.me","postId":"296941747752284160","event":"SKIP_REACTION_ALREADY_REACTED","msg":"SKIP_REACTION_ALREADY_REACTED"}
{"level":"INFO","levelValue":30,"time":"2026-05-25T16:03:37.604+07:00","logger":"LoginService","row":1,"phone":"trongphuong@proton.me","postId":"316034722981621760","event":"SKIP_REACTION_ALREADY_REACTED","msg":"SKIP_REACTION_ALREADY_REACTED"}
{"level":"INFO","levelValue":30,"time":"2026-05-25T16:03:37.604+07:00","logger":"LoginService","row":1,"phone":"trongphuong@proton.me","postId":"316027131614343168","event":"SKIP_REACTION_ALREADY_REACTED","msg":"SKIP_REACTION_ALREADY_REACTED"}
{"level":"INFO","levelValue":30,"time":"2026-05-25T16:03:37.604+07:00","logger":"LoginService","row":1,"phone":"trongphuong@proton.me","postId":"316027025053855744","event":"SKIP_REACTION_ALREADY_REACTED","msg":"SKIP_REACTION_ALREADY_REACTED"}
{"level":"INFO","levelValue":30,"time":"2026-05-25T16:03:37.604+07:00","logger":"LoginService","row":1,"phone":"trongphuong@proton.me","postId":"316026879553449984","event":"SKIP_REACTION_ALREADY_REACTED","msg":"SKIP_REACTION_ALREADY_REACTED"}
{"level":"INFO","levelValue":30,"time":"2026-05-25T16:03:37.604+07:00","logger":"LoginService","row":1,"phone":"trongphuong@proton.me","postId":"315816538127085568","event":"SKIP_REACTION_ALREADY_REACTED","msg":"SKIP_REACTION_ALREADY_REACTED"}
{"level":"INFO","levelValue":30,"time":"2026-05-25T16:03:37.604+07:00","logger":"LoginService","row":1,"phone":"trongphuong@proton.me","postId":"315816321302540288","event":"SKIP_REACTION_ALREADY_REACTED","msg":"SKIP_REACTION_ALREADY_REACTED"}
{"level":"INFO","levelValue":30,"time":"2026-05-25T16:03:37.604+07:00","logger":"LoginService","row":1,"phone":"trongphuong@proton.me","postId":"296870484551806976","event":"SKIP_REACTION_ALREADY_REACTED","msg":"SKIP_REACTION_ALREADY_REACTED"}
{"level":"INFO","levelValue":30,"time":"2026-05-25T16:03:37.604+07:00","logger":"LoginService","row":1,"phone":"trongphuong@proton.me","postId":"315816150162354176","event":"SKIP_REACTION_ALREADY_REACTED","msg":"SKIP_REACTION_ALREADY_REACTED"}
{"level":"INFO","levelValue":30,"time":"2026-05-25T16:03:37.604+07:00","logger":"LoginService","row":1,"phone":"trongphuong@proton.me","postId":"315815907983241216","event":"SKIP_REACTION_ALREADY_REACTED","msg":"SKIP_REACTION_ALREADY_REACTED"}
{"level":"INFO","levelValue":30,"time":"2026-05-25T16:03:37.604+07:00","logger":"LoginService","row":1,"phone":"trongphuong@proton.me","postId":"296868752128094208","event":"SKIP_REACTION_ALREADY_REACTED","msg":"SKIP_REACTION_ALREADY_REACTED"}
{"level":"INFO","levelValue":30,"time":"2026-05-25T16:03:37.604+07:00","logger":"LoginService","row":1,"phone":"trongphuong@proton.me","postId":"315815771055992832","event":"SKIP_REACTION_ALREADY_REACTED","msg":"SKIP_REACTION_ALREADY_REACTED"}
{"level":"INFO","levelValue":30,"time":"2026-05-25T16:03:37.604+07:00","logger":"LoginService","row":1,"phone":"trongphuong@proton.me","postId":"315815705494827008","event":"SKIP_REACTION_ALREADY_REACTED","msg":"SKIP_REACTION_ALREADY_REACTED"}
{"level":"INFO","levelValue":30,"time":"2026-05-25T16:03:37.604+07:00","logger":"LoginService","row":1,"phone":"trongphuong@proton.me","postId":"315815588448579584","event":"SKIP_REACTION_ALREADY_REACTED","msg":"SKIP_REACTION_ALREADY_REACTED"}
{"level":"INFO","levelValue":30,"time":"2026-05-25T16:03:37.604+07:00","logger":"LoginService","row":1,"phone":"trongphuong@proton.me","postId":"315815438741286912","event":"SKIP_REACTION_ALREADY_REACTED","msg":"SKIP_REACTION_ALREADY_REACTED"}
{"level":"INFO","levelValue":30,"time":"2026-05-25T16:03:37.604+07:00","logger":"LoginService","row":1,"phone":"trongphuong@proton.me","postId":"315815289726054400","event":"SKIP_REACTION_ALREADY_REACTED","msg":"SKIP_REACTION_ALREADY_REACTED"}
{"level":"INFO","levelValue":30,"time":"2026-05-25T16:03:37.604+07:00","logger":"LoginService","row":1,"phone":"trongphuong@proton.me","postId":"315815098780364800","event":"SKIP_REACTION_ALREADY_REACTED","msg":"SKIP_REACTION_ALREADY_REACTED"}
{"level":"INFO","levelValue":30,"time":"2026-05-25T16:03:37.604+07:00","logger":"LoginService","row":1,"phone":"trongphuong@proton.me","postId":"296867561893670912","event":"SKIP_REACTION_ALREADY_REACTED","msg":"SKIP_REACTION_ALREADY_REACTED"}
{"level":"INFO","levelValue":30,"time":"2026-05-25T16:03:37.604+07:00","logger":"LoginService","row":1,"phone":"trongphuong@proton.me","postId":"315815009802399744","event":"SKIP_REACTION_ALREADY_REACTED","msg":"SKIP_REACTION_ALREADY_REACTED"}
{"level":"INFO","levelValue":30,"time":"2026-05-25T16:03:37.604+07:00","logger":"LoginService","row":1,"phone":"trongphuong@proton.me","postId":"315814827249512448","event":"SKIP_REACTION_ALREADY_REACTED","msg":"SKIP_REACTION_ALREADY_REACTED"}
{"level":"INFO","levelValue":30,"time":"2026-05-25T16:03:37.604+07:00","logger":"LoginService","row":1,"phone":"trongphuong@proton.me","postId":"296866919867363328","event":"SKIP_REACTION_ALREADY_REACTED","msg":"SKIP_REACTION_ALREADY_REACTED"}
{"level":"INFO","levelValue":30,"time":"2026-05-25T16:03:37.604+07:00","logger":"LoginService","row":1,"phone":"trongphuong@proton.me","postId":"315814659875811328","event":"SKIP_REACTION_ALREADY_REACTED","msg":"SKIP_REACTION_ALREADY_REACTED"}
{"level":"INFO","levelValue":30,"time":"2026-05-25T16:03:37.605+07:00","logger":"LoginService","row":1,"phone":"trongphuong@proton.me","postId":"315783300092407808","event":"SKIP_REACTION_ALREADY_REACTED","msg":"SKIP_REACTION_ALREADY_REACTED"}
{"level":"INFO","levelValue":30,"time":"2026-05-25T16:03:37.605+07:00","logger":"LoginService","row":1,"phone":"trongphuong@proton.me","postId":"296865382369734656","event":"SKIP_REACTION_ALREADY_REACTED","msg":"SKIP_REACTION_ALREADY_REACTED"}
{"level":"INFO","levelValue":30,"time":"2026-05-25T16:03:37.605+07:00","logger":"LoginService","row":1,"phone":"trongphuong@proton.me","postId":"296247426774347776","event":"SKIP_REACTION_ALREADY_REACTED","msg":"SKIP_REACTION_ALREADY_REACTED"}
{"level":"INFO","levelValue":30,"time":"2026-05-25T16:03:37.605+07:00","logger":"LoginService","row":1,"phone":"trongphuong@proton.me","postId":"296239488928198656","event":"SKIP_REACTION_ALREADY_REACTED","msg":"SKIP_REACTION_ALREADY_REACTED"}
{"level":"INFO","levelValue":30,"time":"2026-05-25T16:03:37.605+07:00","logger":"LoginService","row":1,"phone":"trongphuong@proton.me","postId":"296239129715421184","event":"SKIP_REACTION_ALREADY_REACTED","msg":"SKIP_REACTION_ALREADY_REACTED"}
{"level":"INFO","levelValue":30,"time":"2026-05-25T16:03:37.605+07:00","logger":"LoginService","row":1,"phone":"trongphuong@proton.me","postId":"295517009897205760","event":"SKIP_REACTION_ALREADY_REACTED","msg":"SKIP_REACTION_ALREADY_REACTED"}
{"level":"INFO","levelValue":30,"time":"2026-05-25T16:03:37.605+07:00","logger":"LoginService","row":1,"phone":"trongphuong@proton.me","postId":"295516704518320128","event":"SKIP_REACTION_ALREADY_REACTED","msg":"SKIP_REACTION_ALREADY_REACTED"}
{"level":"INFO","levelValue":30,"time":"2026-05-25T16:03:37.605+07:00","logger":"LoginService","row":1,"phone":"trongphuong@proton.me","postId":"295516616253386752","event":"SKIP_REACTION_ALREADY_REACTED","msg":"SKIP_REACTION_ALREADY_REACTED"}
{"level":"INFO","levelValue":30,"time":"2026-05-25T16:03:37.605+07:00","logger":"LoginService","row":1,"phone":"trongphuong@proton.me","postId":"295516482757079040","event":"SKIP_REACTION_ALREADY_REACTED","msg":"SKIP_REACTION_ALREADY_REACTED"}
{"level":"INFO","levelValue":30,"time":"2026-05-25T16:03:37.605+07:00","logger":"LoginService","row":1,"phone":"trongphuong@proton.me","postId":"295516313231699968","event":"SKIP_REACTION_ALREADY_REACTED","msg":"SKIP_REACTION_ALREADY_REACTED"}
{"level":"INFO","levelValue":30,"time":"2026-05-25T16:03:37.879+07:00","logger":"LoginService","phone":"trongphuong@proton.me","backend":"redis","keyPrefix":"ae1","storeKey":"interactedPosts:trongphuong@proton.me","storeType":"interactedPosts","count":89,"event":"INTERACTION_REDIS_SAVE","msg":"INTERACTION_REDIS_SAVE"}
{"level":"INFO","levelValue":30,"time":"2026-05-25T16:03:38.151+07:00","logger":"LoginService","phone":"trongphuong@proton.me","backend":"redis","keyPrefix":"ae1","storeKey":"reactedPosts:trongphuong@proton.me","storeType":"reactedPosts","count":82,"event":"INTERACTION_REDIS_SAVE","msg":"INTERACTION_REDIS_SAVE"}
{"level":"INFO","levelValue":30,"time":"2026-05-25T16:03:38.151+07:00","logger":"LoginService","row":1,"phone":"trongphuong@proton.me","stage":"FEED_AND_INTERACT","event":"MISSION_STAGE_DONE","msg":"MISSION_STAGE_DONE"}
{"level":"INFO","levelValue":30,"time":"2026-05-25T16:03:40.281+07:00","logger":"LoginService","row":1,"phone":"trongphuong@proton.me","stage":"CREATE_VIDEO_POST","event":"MISSION_STAGE_START","msg":"MISSION_STAGE_START"}
{"level":"INFO","levelValue":30,"time":"2026-05-25T16:03:40.528+07:00","logger":"LoginService","row":1,"phone":"trongphuong@proton.me","videoId":3076,"source":"https://www.tiktok.com/@anhem.news/video/7642304912344370452","attempt":1,"event":"VIDEO_POST_START","msg":"VIDEO_POST_START"}
{"level":"INFO","levelValue":30,"time":"2026-05-25T16:03:41.294+07:00","logger":"LoginService","row":1,"phone":"trongphuong@proton.me","videoId":3076,"thumbnail":{"exists":true,"path":"D:\\React_Native\\Demo\\TikTokeCrawler1\\AutoCrwaler\\data\\videos\\raw\\23052613-a872-4848-b74f-1c74e081ec9d.jpg","fileName":"23052613-a872-4848-b74f-1c74e081ec9d.jpg","sizeBytes":237506,"headHex":"ffd8ffe000104a46494600010200000100010000ffdb00430008060607060708","tailHex":"a965545aaaaa595516aaaa965545aaaaa595516aaaa965545aaaaa59551fffd9","jpegStart":true,"jpegEnd":true},"event":"VIDEO_THUMBNAIL_CREATED_DEBUG","msg":"VIDEO_THUMBNAIL_CREATED_DEBUG"}
{"level":"INFO","levelValue":30,"time":"2026-05-25T16:03:41.504+07:00","logger":"LoginService","row":1,"phone":"trongphuong@proton.me","postId":"317226206313459712","event":"VIDEO_POST_ID_GENERATED","msg":"VIDEO_POST_ID_GENERATED"}
{"level":"INFO","levelValue":30,"time":"2026-05-25T16:03:41.505+07:00","logger":"LoginService","row":1,"phone":"trongphuong@proton.me","postId":"317226206313459712","fileName":"23052613-a872-4848-b74f-1c74e081ec9d.mp4","fileSizeBytes":3329409,"thumbnailFileName":"23052613-a872-4848-b74f-1c74e081ec9d.jpg","uploadMode":"thumb-presigned-or-direct+presigned+complete","width":1080,"height":1920,"duration":58.366667,"event":"VIDEO_UPLOAD_REQUEST_PREPARED","msg":"VIDEO_UPLOAD_REQUEST_PREPARED"}
{"level":"INFO","levelValue":30,"time":"2026-05-25T16:03:42.385+07:00","logger":"LoginService","row":1,"phone":"trongphuong@proton.me","filePath":"23052613-a872-4848-b74f-1c74e081ec9d.jpg","objectRef":"eric/20260525/317226206313459712/thumb/23052613-a872-4848-b74f-1c74e081ec9d.jpg","uploadAttempt":"form-data","event":"VIDEO_THUMBNAIL_S3_UPLOAD_SUCCESS","msg":"VIDEO_THUMBNAIL_S3_UPLOAD_SUCCESS"}
{"level":"INFO","levelValue":30,"time":"2026-05-25T16:03:43.526+07:00","logger":"LoginService","row":1,"phone":"trongphuong@proton.me","filePath":"tt_raw_7642304912344370452.mp4","objectRef":"eric/20260525/317226206313459712/origin/23052613-a872-4848-b74f-1c74e081ec9d.mp4","uploadAttempt":"form-data","event":"VIDEO_FILE_S3_UPLOAD_SUCCESS","msg":"VIDEO_FILE_S3_UPLOAD_SUCCESS"}
{"level":"INFO","levelValue":30,"time":"2026-05-25T16:03:43.528+07:00","logger":"LoginService","row":1,"phone":"trongphuong@proton.me","postId":"317226206313459712","thumbnailUploadSkipped":false,"payload":{"id":"317226206313459712","type":"POST","content":"!{\"layout\": {\"grid\":\"2-2\",\"slots\":[{\"pos\":\"1-1-2-2\",\"media\":\"23052613-a872-4848-b74f-1c74e081ec9d.mp4/1080/1920/0058\",\"type\":\"VIDEO\",\"thumb\":\"23052613-a872-4848-b74f-1c74e081ec9d.jpg/1080/1920\"}]}}","privacy":"PUBLIC","hashtags":null,"mentions":null,"tags":null,"checkinLocation":"{\"lat\":0,\"lon\":0,\"source\":\"GPS\",\"name\":\"\"}","backgroundColor":1,"listImage":"[]","listVideo":"[\"23052613-a872-4848-b74f-1c74e081ec9d.mp4\"]"},"event":"VIDEO_POST_COMPLETE_REQUEST","msg":"VIDEO_POST_COMPLETE_REQUEST"}
{"level":"INFO","levelValue":30,"time":"2026-05-25T16:03:43.765+07:00","logger":"LoginService","row":1,"phone":"trongphuong@proton.me","postId":"317226206313459712","status":201,"event":"VIDEO_POST_COMPLETE_RESPONSE","msg":"VIDEO_POST_COMPLETE_RESPONSE"}
{"level":"INFO","levelValue":30,"time":"2026-05-25T16:03:43.766+07:00","logger":"LoginService","row":1,"phone":"trongphuong@proton.me","postId":"317226206313459712","videoFileName":"23052613-a872-4848-b74f-1c74e081ec9d.mp4","event":"VIDEO_POST_SUCCESS","msg":"VIDEO_POST_SUCCESS"}
{"level":"INFO","levelValue":30,"time":"2026-05-25T16:03:44.085+07:00","logger":"LoginService","row":1,"phone":"trongphuong@proton.me","videoId":3076,"fullyPosted":true,"localPath":"D:\\React_Native\\Demo\\TikTokeCrawler1\\AutoCrwaler\\data\\videos\\raw\\tt_raw_7642304912344370452.mp4","localExists":true,"event":"MARK_VIDEO_POSTED_RESULT","msg":"MARK_VIDEO_POSTED_RESULT"}
{"level":"INFO","levelValue":30,"time":"2026-05-25T16:03:44.087+07:00","logger":"LoginService","row":1,"phone":"trongphuong@proton.me","videoId":3076,"localPath":"D:\\React_Native\\Demo\\TikTokeCrawler1\\AutoCrwaler\\data\\videos\\raw\\tt_raw_7642304912344370452.mp4","existsAfterDelete":false,"event":"SOURCE_VIDEO_DELETED_AFTER_POST","msg":"SOURCE_VIDEO_DELETED_AFTER_POST"}
{"level":"INFO","levelValue":30,"time":"2026-05-25T16:03:45.070+07:00","logger":"LoginService","row":1,"phone":"trongphuong@proton.me","category":"POST","scope":"DAILY","missionId":8,"status":"NEW","currentValue":0,"targetValue":3,"event":"AUTO_MISSION_REWARD_CANDIDATE","msg":"AUTO_MISSION_REWARD_CANDIDATE"}
{"level":"INFO","levelValue":30,"time":"2026-05-25T16:03:45.540+07:00","logger":"LoginService","row":1,"phone":"trongphuong@proton.me","category":"POST","scope":"DAILY","missionId":8,"status":"NEW","currentValue":0,"targetValue":3,"localProgress":8,"serverClaimable":false,"dailyRemainingPoint":3,"event":"AUTO_MISSION_REWARD_ATTEMPT_CLAIM","msg":"AUTO_MISSION_REWARD_ATTEMPT_CLAIM"}
{"level":"INFO","levelValue":30,"time":"2026-05-25T16:03:45.540+07:00","logger":"LoginService","row":1,"phone":"trongphuong@proton.me","claimType":"REGULAR","category":"POST","scope":"DAILY","missionId":8,"name":"Đăng bài","type":"DAILY","actionType":"POST","cv":0,"tv":3,"status":"NEW","event":"MISSION_REWARD_CLAIM_REQUEST","msg":"MISSION_REWARD_CLAIM_REQUEST"}
{"level":"ERROR","levelValue":50,"time":"2026-05-25T16:03:45.745+07:00","logger":"LoginService","row":1,"phone":"trongphuong@proton.me","detail":"[object]","backendMessage":"Không thể nhận thưởng nhiệm vụ","backendRaw":"{\"isSucceed\":false,\"message\":\"Không thể nhận thưởng nhiệm vụ\",\"data\":{\"balance\":\"4\"},\"serverTime\":1779699825604}","failedUrl":"https://social.eric.pro.vn/api/point/claim-mission-reward","event":"MISSION_FAILED (500): ClaimMission_DAILY_POST_8","msg":"MISSION_FAILED (500): ClaimMission_DAILY_POST_8"}
{"level":"ERROR","levelValue":50,"time":"2026-05-25T16:03:45.745+07:00","logger":"LoginService","row":1,"phone":"trongphuong@proton.me","category":"POST","err":"Request failed with status code 500","event":"HANDLE_ACTION_REWARD_CLAIM_ERROR","msg":"HANDLE_ACTION_REWARD_CLAIM_ERROR"}
{"level":"INFO","levelValue":30,"time":"2026-05-25T16:03:45.745+07:00","logger":"LoginService","row":1,"phone":"trongphuong@proton.me","event":"OK: CreateVideoPost","msg":"OK: CreateVideoPost"}
{"level":"INFO","levelValue":30,"time":"2026-05-25T16:03:45.745+07:00","logger":"LoginService","row":1,"phone":"trongphuong@proton.me","stage":"CREATE_VIDEO_POST","event":"MISSION_STAGE_DONE","msg":"MISSION_STAGE_DONE"}
{"level":"INFO","levelValue":30,"time":"2026-05-25T16:03:46.332+07:00","logger":"LoginService","row":1,"phone":"trongphuong@proton.me","runIndex":36,"postsDone":1,"surfsDone":1,"postLimit":3,"event":"ACCOUNT_DAILY_POST_PUBLISH_RECORDED","msg":"ACCOUNT_DAILY_POST_PUBLISH_RECORDED"}
{"level":"INFO","levelValue":30,"time":"2026-05-25T16:03:46.332+07:00","logger":"LoginService","row":1,"phone":"trongphuong@proton.me","runIndex":36,"event":"ACCOUNT_DAILY_POST_ATTEMPT_SUCCEEDED","msg":"ACCOUNT_DAILY_POST_ATTEMPT_SUCCEEDED"}
{"level":"INFO","levelValue":30,"time":"2026-05-25T16:03:46.332+07:00","logger":"LoginService","row":1,"phone":"trongphuong@proton.me","runIndex":36,"dailyRunLimit":40,"event":"CREATE_SURF_SKIPPED_BY_RUN_PLAN","msg":"CREATE_SURF_SKIPPED_BY_RUN_PLAN"}
{"level":"INFO","levelValue":30,"time":"2026-05-25T16:03:46.332+07:00","logger":"LoginService","row":1,"phone":"trongphuong@proton.me","stage":"ACTIVITY_GENERATION","event":"MISSION_STAGE_START","msg":"MISSION_STAGE_START"}
{"level":"INFO","levelValue":30,"time":"2026-05-25T16:03:46.539+07:00","logger":"LoginService","row":1,"phone":"trongphuong@proton.me","event":"OK: BackgroundColor","msg":"OK: BackgroundColor"}
{"level":"INFO","levelValue":30,"time":"2026-05-25T16:03:46.734+07:00","logger":"LoginService","row":1,"phone":"trongphuong@proton.me","event":"OK: ReactionList","msg":"OK: ReactionList"}
{"level":"INFO","levelValue":30,"time":"2026-05-25T16:03:46.734+07:00","logger":"LoginService","row":1,"phone":"trongphuong@proton.me","stage":"ACTIVITY_GENERATION","event":"MISSION_STAGE_DONE","msg":"MISSION_STAGE_DONE"}
{"level":"INFO","levelValue":30,"time":"2026-05-25T16:03:46.734+07:00","logger":"LoginService","row":1,"phone":"trongphuong@proton.me","stage":"FRIEND_MANAGEMENT","event":"MISSION_STAGE_START","msg":"MISSION_STAGE_START"}
{"level":"INFO","levelValue":30,"time":"2026-05-25T16:03:46.964+07:00","logger":"LoginService","row":1,"phone":"trongphuong@proton.me","event":"OK: GetReceivedFriendRequests","msg":"OK: GetReceivedFriendRequests"}
{"level":"INFO","levelValue":30,"time":"2026-05-25T16:03:47.216+07:00","logger":"LoginService","row":1,"phone":"trongphuong@proton.me","event":"NO_INTERNAL_FRIEND_TARGETS","msg":"NO_INTERNAL_FRIEND_TARGETS"}
{"level":"INFO","levelValue":30,"time":"2026-05-25T16:03:47.216+07:00","logger":"LoginService","row":1,"phone":"trongphuong@proton.me","stage":"FRIEND_MANAGEMENT","event":"MISSION_STAGE_DONE","msg":"MISSION_STAGE_DONE"}
{"level":"INFO","levelValue":30,"time":"2026-05-25T16:03:47.216+07:00","logger":"LoginService","row":1,"phone":"trongphuong@proton.me","stage":"REWARD_CLAIMING","event":"MISSION_STAGE_START","msg":"MISSION_STAGE_START"}
{"level":"INFO","levelValue":30,"time":"2026-05-25T16:03:47.942+07:00","logger":"LoginService","row":1,"phone":"trongphuong@proton.me","event":"OK: Missions","msg":"OK: Missions"}
{"level":"INFO","levelValue":30,"time":"2026-05-25T16:03:47.942+07:00","logger":"LoginService","row":1,"phone":"trongphuong@proton.me","phase":"INITIAL","missionCount":9,"event":"MISSION_LIST_FETCHED","msg":"MISSION_LIST_FETCHED"}
{"level":"INFO","levelValue":30,"time":"2026-05-25T16:03:48.632+07:00","logger":"LoginService","row":1,"phone":"trongphuong@proton.me","event":"OK: Missions","msg":"OK: Missions"}
{"level":"INFO","levelValue":30,"time":"2026-05-25T16:03:48.632+07:00","logger":"LoginService","row":1,"phone":"trongphuong@proton.me","phase":"RECHECK","missionCount":9,"event":"MISSION_LIST_FETCHED","msg":"MISSION_LIST_FETCHED"}
{"level":"DEBUG","levelValue":20,"time":"2026-05-25T16:03:48.633+07:00","logger":"LoginService","row":1,"phone":"trongphuong@proton.me","phase":"RECHECK","missions":[{"missionId":18,"name":"Chuỗi đăng nhập 7 ngày","type":"STREAK_LOGIN","actionType":"LOGIN","status":"NEW","currentValue":0,"targetValue":7,"category":null,"claimable":false},{"missionId":13,"name":"Chiến thần cảm xúc","type":"WEEKLY","actionType":"LIKE","status":"NEW","currentValue":0,"targetValue":50,"category":"REACTION","claimable":false},{"missionId":12,"name":"Kết bạn mới","type":"DAILY","actionType":"ADD_FRIEND","status":"NEW","currentValue":0,"targetValue":2,"category":"FRIEND","claimable":false},{"missionId":16,"name":"Thánh bình luận","type":"WEEKLY","actionType":"COMMENT","status":"NEW","currentValue":0,"targetValue":50,"category":"COMMENT","claimable":false},{"missionId":14,"name":"Siêu nhân đăng bài","type":"WEEKLY","actionType":"POST","status":"NEW","currentValue":0,"targetValue":15,"category":"POST","claimable":false},{"missionId":10,"name":"Bình luận","type":"DAILY","actionType":"COMMENT","status":"NEW","currentValue":0,"targetValue":10,"category":"COMMENT","claimable":false},{"missionId":9,"name":"Thả cảm xúc","type":"DAILY","actionType":"LIKE","status":"NEW","currentValue":0,"targetValue":10,"category":"REACTION","claimable":false},{"missionId":15,"name":"Chúa tể kết bạn","type":"WEEKLY","actionType":"ADD_FRIEND","status":"NEW","currentValue":0,"targetValue":20,"category":"FRIEND","claimable":false},{"missionId":8,"name":"Đăng bài","type":"DAILY","actionType":"POST","status":"NEW","currentValue":0,"targetValue":3,"category":"POST","claimable":false}],"event":"MISSION_LIST_DETAIL","msg":"MISSION_LIST_DETAIL"}
{"level":"DEBUG","levelValue":20,"time":"2026-05-25T16:03:48.633+07:00","logger":"LoginService","row":1,"phone":"trongphuong@proton.me","phase":"RECHECK","mission":{"missionId":18,"name":"Chuỗi đăng nhập 7 ngày","type":"STREAK_LOGIN","actionType":"LOGIN","status":"NEW","currentValue":0,"targetValue":7,"lastStreakDate":1779321600000},"event":"MISSION_18_RAW","msg":"MISSION_18_RAW"}
{"level":"DEBUG","levelValue":20,"time":"2026-05-25T16:03:48.633+07:00","logger":"LoginService","row":1,"phone":"trongphuong@proton.me","missionId":13,"category":"REACTION","type":"WEEKLY","actionType":"LIKE","status":"NEW","event":"SKIP_NON_STREAK_MISSION_IN_REWARD_STAGE_13","msg":"SKIP_NON_STREAK_MISSION_IN_REWARD_STAGE_13"}
{"level":"DEBUG","levelValue":20,"time":"2026-05-25T16:03:48.633+07:00","logger":"LoginService","row":1,"phone":"trongphuong@proton.me","missionId":12,"category":"FRIEND","type":"DAILY","actionType":"ADD_FRIEND","status":"NEW","event":"SKIP_NON_STREAK_MISSION_IN_REWARD_STAGE_12","msg":"SKIP_NON_STREAK_MISSION_IN_REWARD_STAGE_12"}
{"level":"DEBUG","levelValue":20,"time":"2026-05-25T16:03:48.633+07:00","logger":"LoginService","row":1,"phone":"trongphuong@proton.me","missionId":16,"category":"COMMENT","type":"WEEKLY","actionType":"COMMENT","status":"NEW","event":"SKIP_NON_STREAK_MISSION_IN_REWARD_STAGE_16","msg":"SKIP_NON_STREAK_MISSION_IN_REWARD_STAGE_16"}
{"level":"DEBUG","levelValue":20,"time":"2026-05-25T16:03:48.633+07:00","logger":"LoginService","row":1,"phone":"trongphuong@proton.me","missionId":14,"category":"POST","type":"WEEKLY","actionType":"POST","status":"NEW","event":"SKIP_NON_STREAK_MISSION_IN_REWARD_STAGE_14","msg":"SKIP_NON_STREAK_MISSION_IN_REWARD_STAGE_14"}
{"level":"DEBUG","levelValue":20,"time":"2026-05-25T16:03:48.633+07:00","logger":"LoginService","row":1,"phone":"trongphuong@proton.me","missionId":10,"category":"COMMENT","type":"DAILY","actionType":"COMMENT","status":"NEW","event":"SKIP_NON_STREAK_MISSION_IN_REWARD_STAGE_10","msg":"SKIP_NON_STREAK_MISSION_IN_REWARD_STAGE_10"}
{"level":"DEBUG","levelValue":20,"time":"2026-05-25T16:03:48.633+07:00","logger":"LoginService","row":1,"phone":"trongphuong@proton.me","missionId":9,"category":"REACTION","type":"DAILY","actionType":"LIKE","status":"NEW","event":"SKIP_NON_STREAK_MISSION_IN_REWARD_STAGE_9","msg":"SKIP_NON_STREAK_MISSION_IN_REWARD_STAGE_9"}
{"level":"DEBUG","levelValue":20,"time":"2026-05-25T16:03:48.633+07:00","logger":"LoginService","row":1,"phone":"trongphuong@proton.me","missionId":15,"category":"FRIEND","type":"WEEKLY","actionType":"ADD_FRIEND","status":"NEW","event":"SKIP_NON_STREAK_MISSION_IN_REWARD_STAGE_15","msg":"SKIP_NON_STREAK_MISSION_IN_REWARD_STAGE_15"}
{"level":"DEBUG","levelValue":20,"time":"2026-05-25T16:03:48.633+07:00","logger":"LoginService","row":1,"phone":"trongphuong@proton.me","missionId":8,"category":"POST","type":"DAILY","actionType":"POST","status":"NEW","event":"SKIP_NON_STREAK_MISSION_IN_REWARD_STAGE_8","msg":"SKIP_NON_STREAK_MISSION_IN_REWARD_STAGE_8"}
{"level":"INFO","levelValue":30,"time":"2026-05-25T16:04:05.718+07:00","logger":"LoginService","row":1,"phone":"trongphuong@proton.me","stage":"REWARD_CLAIMING","event":"MISSION_STAGE_DONE","msg":"MISSION_STAGE_DONE"}
{"level":"INFO","levelValue":30,"time":"2026-05-25T16:04:05.718+07:00","logger":"LoginService","row":1,"phone":"trongphuong@proton.me","event":"BOT_MISSIONS_COMPLETE","msg":"BOT_MISSIONS_COMPLETE"}
{"level":"INFO","levelValue":30,"time":"2026-05-25T16:04:05.747+07:00","logger":"LoginService","batchNo":1,"processedAccounts":1,"totalAccounts":1,"event":"ACCOUNT_BATCH_DONE","msg":"ACCOUNT_BATCH_DONE"}
{"level":"DEBUG","levelValue":20,"time":"2026-05-25T16:04:05.747+07:00","logger":"LoginService","summary":{"success":1,"alreadyOk":1,"relogin":0,"fail":0,"accounts":1},"event":"JOB_SUMMARY","msg":"JOB_SUMMARY"}
{"level":"DEBUG","levelValue":20,"time":"2026-05-25T16:04:05.747+07:00","logger":"LoginService","event":"Loaded 1 accounts from database.","msg":"Loaded 1 accounts from database."}
{"level":"DEBUG","levelValue":20,"time":"2026-05-25T16:04:05.747+07:00","logger":"LoginService","summary":{"success":1,"alreadyOk":1,"relogin":0,"fail":0,"accounts":1},"event":"JOB_DONE","msg":"JOB_DONE"}
{"level":"INFO","levelValue":30,"time":"2026-05-25T16:04:05.748+07:00","logger":"LoginService","event":"LOGIN summary: success=1 alreadyOk=1 relogin=0 fail=0","msg":"LOGIN summary: success=1 alreadyOk=1 relogin=0 fail=0"}
{"level":"DEBUG","levelValue":20,"time":"2026-05-25T16:42:48.979+07:00","logger":"LoginService","config":{"KONG_URL":"https://social.eric.pro.vn","MEDIA_API_URL":"https://social.eric.pro.vn","MEDIA_UPLOAD_API_URLS":"","UPLOAD_PUBLIC_BASE_URL":"https://social.eric.pro.vn","INTERVAL_MS":600000,"RUN_ONCE":false,"PROXY_REQUIRED":false,"LOGIN_CONCURRENCY":5,"ACCOUNT_FETCH_BATCH_SIZE":200,"ACCOUNT_BATCH_SIZE":50,"ACCOUNT_BATCH_DELAY_MS":0,"ACCOUNT_START_STAGGER_MS":0,"ACCOUNT_DAILY_RUN_LIMIT":40,"ACCOUNT_DAILY_POST_LIMIT":3,"ACCOUNT_DAILY_SURF_LIMIT":2,"ACCOUNT_ACTIVITY_PLANNER_ENABLED":true,"POST_MIN_GAP_RUNS":4,"SURF_MIN_GAP_RUNS":3,"ALLOW_POST_AND_SURF_SAME_RUN":false,"POST_START_JITTER_MS":15000,"SURF_START_JITTER_MS":10000,"REDIS_KEY_PREFIX":"ae1","VIDEO_CLAIM_TTL_MS":300000,"API_RETRY_BACKOFF_MS":1500,"AUTO_FETCH_OTP":true,"AUTO_RESEND":true,"OTP_TIMEOUT_MS":30000,"OTP_POLL_MS":300,"OTP_VERIFY_RETRY":5,"VERIFY_WINDOW_MS":10000,"RESEND_WINDOW_MS":10000,"MAX_RESEND":2,"OTP_DEBUG_PATH_REDIS":"/auth/debug/redis-otp","LOG_LEVEL":"debug","LOG_VERBOSE":false,"UPSTASH_REDIS_REST_URL":"[configured]","UPSTASH_REDIS_REST_TOKEN":"[configured]"},"event":"Service_CONFIG","msg":"Service_CONFIG"}
{"level":"DEBUG","levelValue":20,"time":"2026-05-25T16:42:48.979+07:00","logger":"LoginService","reason":"startup","event":"JOB_START","msg":"JOB_START"}
{"level":"DEBUG","levelValue":20,"time":"2026-05-25T16:42:49.961+07:00","logger":"LoginService","pageSize":1,"loadedAccounts":1,"lastSeenId":1003,"event":"ACCOUNTS_PAGE_LOADED","msg":"ACCOUNTS_PAGE_LOADED"}
{"level":"INFO","levelValue":30,"time":"2026-05-25T16:42:51.119+07:00","logger":"LoginService","dayKey":"2026-05-25","accounts":1,"runIndexMin":40,"runIndexMax":40,"candidatePosts":0,"candidateSurfs":0,"totalPostWeight":0,"totalSurfWeight":0,"desiredPostSlots":0,"desiredSurfSlots":0,"selectedPosts":0,"selectedSurfs":0,"postCarryBefore":0.250456,"surfCarryBefore":0.431141,"postCarryAfter":0.250456,"surfCarryAfter":0.431141,"event":"ACCOUNT_ACTIVITY_RUN_PLAN","msg":"ACCOUNT_ACTIVITY_RUN_PLAN"}
{"level":"INFO","levelValue":30,"time":"2026-05-25T16:42:51.120+07:00","logger":"LoginService","event":"Starting login flow for accounts...","msg":"Starting login flow for accounts..."}
{"level":"DEBUG","levelValue":20,"time":"2026-05-25T16:42:51.120+07:00","logger":"LoginService","accounts":1,"event":"ACCOUNTS_LOADED","msg":"ACCOUNTS_LOADED"}
{"level":"INFO","levelValue":30,"time":"2026-05-25T16:42:51.120+07:00","logger":"LoginService","accounts":1,"concurrency":5,"batchSize":50,"batchDelayMs":0,"staggerMs":0,"event":"ACCOUNT_EXECUTION_PLAN","msg":"ACCOUNT_EXECUTION_PLAN"}
{"level":"INFO","levelValue":30,"time":"2026-05-25T16:42:51.120+07:00","logger":"LoginService","batchNo":1,"batchAccounts":1,"batchOffset":0,"event":"ACCOUNT_BATCH_START","msg":"ACCOUNT_BATCH_START"}
{"level":"INFO","levelValue":30,"time":"2026-05-25T16:42:51.122+07:00","logger":"LoginService","row":1,"phone":"trongphuong@protontechnologies.uk","password":"***len=9","event":"ACCOUNT_START","msg":"ACCOUNT_START"}
{"level":"INFO","levelValue":30,"time":"2026-05-25T16:42:51.122+07:00","logger":"LoginService","row":1,"phone":"trongphuong@protontechnologies.uk","dayKey":"2026-05-25","dailyRunLimit":40,"currentDailyRunCount":39,"currentDailyPostCount":3,"currentDailySurfCount":2,"runIndex":40,"remainingRuns":1,"runProgressPercent":100,"postChancePercent":0,"surfChancePercent":0,"shouldPost":false,"shouldSurf":false,"postWeight":0,"surfWeight":0,"eligibleForPost":false,"eligibleForSurf":false,"postGapRunsRemaining":0,"surfGapRunsRemaining":0,"decisionSource":"planner","postJitterMs":0,"surfJitterMs":0,"postsDone":3,"surfsDone":2,"remainingPostQuota":0,"remainingSurfQuota":0,"event":"ACCOUNT_ACTIVITY_DECISION","msg":"ACCOUNT_ACTIVITY_DECISION"}
{"level":"INFO","levelValue":30,"time":"2026-05-25T16:42:51.774+07:00","logger":"LoginService","phone":"trongphuong@protontechnologies.uk","deviceId":"3A8F2E4D-7C1B-45A9-82F3-6D1A9B4C5E7F","userAgent":"ERIC/1.0.0 (Android; 14; Samsung Galaxy S24 Ultra)","access":{"present":true,"validJwt":true,"sub":"nguyentrongphuong.1779695187592473758","id":317206770869211140,"clientType":"mobile","deviceId":"3A8F2E4D-7C1B-45A9-82F3-6D1A9B4C5E7F","iat":1779702171,"exp":1779703131},"refresh":{"present":true,"validJwt":true,"sub":"nguyentrongphuong.1779695187592473758","id":317206770869211140,"clientType":"mobile","deviceId":"3A8F2E4D-7C1B-45A9-82F3-6D1A9B4C5E7F","iat":1779702171,"exp":1780308771},"event":"LOGIN_PASS_TOKEN_SUMMARY","msg":"LOGIN_PASS_TOKEN_SUMMARY"}
{"level":"DEBUG","levelValue":20,"time":"2026-05-25T16:42:51.774+07:00","logger":"LoginService","event":"LOGIN_PASS_SUCCESS","msg":"LOGIN_PASS_SUCCESS"}
{"level":"INFO","levelValue":30,"time":"2026-05-25T16:42:51.831+07:00","logger":"LoginService","phone":"trongphuong@protontechnologies.uk","deviceId":"3A8F2E4D-7C1B-45A9-82F3-6D1A9B4C5E7F","userAgent":"ERIC/1.0.0 (Android; 14; Samsung Galaxy S24 Ultra)","access":{"present":true,"validJwt":true,"sub":"nguyentrongphuong.1779695187592473758","id":317206770869211140,"clientType":"mobile","deviceId":"3A8F2E4D-7C1B-45A9-82F3-6D1A9B4C5E7F","iat":1779702171,"exp":1779703131},"event":"GET_ME_TOKEN_SUMMARY","msg":"GET_ME_TOKEN_SUMMARY"}
{"level":"INFO","levelValue":30,"time":"2026-05-25T16:42:52.264+07:00","logger":"LoginService","row":1,"phone":"trongphuong@protontechnologies.uk","runIndex":40,"dailyRunLimit":40,"shouldPost":false,"shouldSurf":false,"event":"BOT_MISSIONS_START","msg":"BOT_MISSIONS_START"}
{"level":"INFO","levelValue":30,"time":"2026-05-25T16:42:52.264+07:00","logger":"LoginService","row":1,"phone":"trongphuong@protontechnologies.uk","stage":"PROFILE_AND_SOCIAL","event":"MISSION_STAGE_START","msg":"MISSION_STAGE_START"}
{"level":"INFO","levelValue":30,"time":"2026-05-25T16:42:52.453+07:00","logger":"LoginService","row":1,"phone":"trongphuong@protontechnologies.uk","event":"OK: ProfileMe","msg":"OK: ProfileMe"}
{"level":"INFO","levelValue":30,"time":"2026-05-25T16:42:52.697+07:00","logger":"LoginService","row":1,"phone":"trongphuong@protontechnologies.uk","event":"OK: MyFriends","msg":"OK: MyFriends"}
{"level":"INFO","levelValue":30,"time":"2026-05-25T16:42:52.939+07:00","logger":"LoginService","row":1,"phone":"trongphuong@protontechnologies.uk","event":"OK: Notifications","msg":"OK: Notifications"}
{"level":"INFO","levelValue":30,"time":"2026-05-25T16:42:52.939+07:00","logger":"LoginService","row":1,"phone":"trongphuong@protontechnologies.uk","stage":"PROFILE_AND_SOCIAL","event":"MISSION_STAGE_DONE","msg":"MISSION_STAGE_DONE"}
{"level":"INFO","levelValue":30,"time":"2026-05-25T16:42:52.939+07:00","logger":"LoginService","row":1,"phone":"trongphuong@protontechnologies.uk","stage":"STREAK_CLAIMING","event":"MISSION_STAGE_START","msg":"MISSION_STAGE_START"}
{"level":"INFO","levelValue":30,"time":"2026-05-25T16:42:53.134+07:00","logger":"LoginService","row":1,"phone":"trongphuong@protontechnologies.uk","balance":{"balance":1,"dailyRemainingPoint":3,"dailyEarnedPoint":0},"dailyRemainingPoint":3,"dailyEarnedPoint":0,"dailyPointLimit":3,"event":"OK: PointBalance","msg":"OK: PointBalance"}
{"level":"INFO","levelValue":30,"time":"2026-05-25T16:42:53.933+07:00","logger":"LoginService","row":1,"phone":"trongphuong@protontechnologies.uk","event":"OK: Missions","msg":"OK: Missions"}
{"level":"INFO","levelValue":30,"time":"2026-05-25T16:42:53.934+07:00","logger":"LoginService","row":1,"phone":"trongphuong@protontechnologies.uk","phase":"STREAK","missionCount":9,"event":"MISSION_LIST_FETCHED","msg":"MISSION_LIST_FETCHED"}
{"level":"DEBUG","levelValue":20,"time":"2026-05-25T16:42:53.935+07:00","logger":"LoginService","row":1,"phone":"trongphuong@protontechnologies.uk","phase":"STREAK","missions":[{"missionId":9,"name":"Thả cảm xúc","type":"DAILY","actionType":"LIKE","status":"NEW","currentValue":0,"targetValue":10,"category":"REACTION","claimable":false},{"missionId":12,"name":"Kết bạn mới","type":"DAILY","actionType":"ADD_FRIEND","status":"NEW","currentValue":0,"targetValue":2,"category":"FRIEND","claimable":false},{"missionId":8,"name":"Đăng bài","type":"DAILY","actionType":"POST","status":"NEW","currentValue":0,"targetValue":3,"category":"POST","claimable":false},{"missionId":14,"name":"Siêu nhân đăng bài","type":"WEEKLY","actionType":"POST","status":"NEW","currentValue":0,"targetValue":15,"category":"POST","claimable":false},{"missionId":13,"name":"Chiến thần cảm xúc","type":"WEEKLY","actionType":"LIKE","status":"NEW","currentValue":0,"targetValue":50,"category":"REACTION","claimable":false},{"missionId":18,"name":"Chuỗi đăng nhập 7 ngày","type":"STREAK_LOGIN","actionType":"LOGIN","status":"NEW","currentValue":0,"targetValue":7,"category":null,"claimable":false},{"missionId":15,"name":"Chúa tể kết bạn","type":"WEEKLY","actionType":"ADD_FRIEND","status":"NEW","currentValue":0,"targetValue":20,"category":"FRIEND","claimable":false},{"missionId":16,"name":"Thánh bình luận","type":"WEEKLY","actionType":"COMMENT","status":"NEW","currentValue":0,"targetValue":50,"category":"COMMENT","claimable":false},{"missionId":10,"name":"Bình luận","type":"DAILY","actionType":"COMMENT","status":"NEW","currentValue":0,"targetValue":10,"category":"COMMENT","claimable":false}],"event":"MISSION_LIST_DETAIL","msg":"MISSION_LIST_DETAIL"}
{"level":"DEBUG","levelValue":20,"time":"2026-05-25T16:42:53.935+07:00","logger":"LoginService","row":1,"phone":"trongphuong@protontechnologies.uk","phase":"STREAK","mission":{"missionId":18,"name":"Chuỗi đăng nhập 7 ngày","type":"STREAK_LOGIN","actionType":"LOGIN","status":"NEW","currentValue":0,"targetValue":7,"lastStreakDate":0},"event":"MISSION_18_RAW","msg":"MISSION_18_RAW"}
{"level":"INFO","levelValue":30,"time":"2026-05-25T16:42:54.200+07:00","logger":"LoginService","row":1,"phone":"trongphuong@protontechnologies.uk","claimType":"STREAK","missionId":18,"name":"Chuỗi đăng nhập 7 ngày","cv":0,"nextMilestone":1,"tv":7,"todayKey":"2026-05-25","lastClaimDateKey":null,"timeZone":"Asia/Ho_Chi_Minh","event":"STREAK_MISSION_REWARD_CLAIM_REQUEST","msg":"STREAK_MISSION_REWARD_CLAIM_REQUEST"}
{"level":"ERROR","levelValue":50,"time":"2026-05-25T16:42:54.408+07:00","logger":"LoginService","row":1,"phone":"trongphuong@protontechnologies.uk","detail":"[object]","backendMessage":"Không thể nhận thưởng nhiệm vụ","backendRaw":"{\"isSucceed\":false,\"message\":\"Không thể nhận thưởng nhiệm vụ\",\"data\":{\"balance\":\"1\"},\"serverTime\":1779702174242}","failedUrl":"https://social.eric.pro.vn/api/point/claim-streak-mission-reward","event":"MISSION_FAILED (500): ClaimStreak_18","msg":"MISSION_FAILED (500): ClaimStreak_18"}
{"level":"ERROR","levelValue":50,"time":"2026-05-25T16:42:54.408+07:00","logger":"LoginService","row":1,"phone":"trongphuong@protontechnologies.uk","err":"Request failed with status code 500","event":"CLAIM_ALL_MISSIONS_ERROR","msg":"CLAIM_ALL_MISSIONS_ERROR"}
{"level":"ERROR","levelValue":50,"time":"2026-05-25T16:42:54.408+07:00","logger":"LoginService","row":1,"phone":"trongphuong@protontechnologies.uk","err":"Request failed with status code 500","event":"MISSION_PROCESSING_ERROR","msg":"MISSION_PROCESSING_ERROR"}
{"level":"INFO","levelValue":30,"time":"2026-05-25T16:42:54.408+07:00","logger":"LoginService","row":1,"phone":"trongphuong@protontechnologies.uk","stage":"STREAK_CLAIMING","event":"MISSION_STAGE_DONE","msg":"MISSION_STAGE_DONE"}
{"level":"INFO","levelValue":30,"time":"2026-05-25T16:42:54.408+07:00","logger":"LoginService","row":1,"phone":"trongphuong@protontechnologies.uk","stage":"FEED_AND_INTERACT","event":"MISSION_STAGE_START","msg":"MISSION_STAGE_START"}
{"level":"INFO","levelValue":30,"time":"2026-05-25T16:42:54.410+07:00","logger":"LoginService","row":1,"phone":"trongphuong@protontechnologies.uk","backend":"redis","keyPrefix":"ae1","redisConfigured":true,"lightFeedMode":false,"event":"INTERACTION_STORE_STATUS","msg":"INTERACTION_STORE_STATUS"}
{"level":"INFO","levelValue":30,"time":"2026-05-25T16:42:54.639+07:00","logger":"LoginService","row":1,"phone":"trongphuong@protontechnologies.uk","reactionCodes":["FUNNY","BORED","WOW","ANGRY","SMILE","SAD","LIKE","EMPATHETIC"],"event":"REACTION_CODES_READY","msg":"REACTION_CODES_READY"}
{"level":"INFO","levelValue":30,"time":"2026-05-25T16:42:54.982+07:00","logger":"LoginService","row":1,"phone":"trongphuong@protontechnologies.uk","event":"OK: FeedHome_Page_1","msg":"OK: FeedHome_Page_1"}
{"level":"INFO","levelValue":30,"time":"2026-05-25T16:42:57.044+07:00","logger":"LoginService","row":1,"phone":"trongphuong@protontechnologies.uk","event":"OK: FeedHome_Page_2","msg":"OK: FeedHome_Page_2"}
{"level":"INFO","levelValue":30,"time":"2026-05-25T16:42:59.370+07:00","logger":"LoginService","row":1,"phone":"trongphuong@protontechnologies.uk","event":"OK: FeedHome_Page_3","msg":"OK: FeedHome_Page_3"}
{"level":"INFO","levelValue":30,"time":"2026-05-25T16:43:00.706+07:00","logger":"LoginService","row":1,"phone":"trongphuong@protontechnologies.uk","event":"OK: FeedHome_Page_4","msg":"OK: FeedHome_Page_4"}
{"level":"INFO","levelValue":30,"time":"2026-05-25T16:43:02.012+07:00","logger":"LoginService","row":1,"phone":"trongphuong@protontechnologies.uk","event":"OK: FeedHome_Page_5","msg":"OK: FeedHome_Page_5"}
{"level":"INFO","levelValue":30,"time":"2026-05-25T16:43:03.560+07:00","logger":"LoginService","row":1,"phone":"trongphuong@protontechnologies.uk","event":"OK: FeedHome_Page_6","msg":"OK: FeedHome_Page_6"}
{"level":"INFO","levelValue":30,"time":"2026-05-25T16:43:05.678+07:00","logger":"LoginService","row":1,"phone":"trongphuong@protontechnologies.uk","event":"OK: FeedHome_Page_7","msg":"OK: FeedHome_Page_7"}
{"level":"INFO","levelValue":30,"time":"2026-05-25T16:43:08.097+07:00","logger":"LoginService","row":1,"phone":"trongphuong@protontechnologies.uk","event":"OK: FeedHome_Page_8","msg":"OK: FeedHome_Page_8"}
{"level":"INFO","levelValue":30,"time":"2026-05-25T16:43:09.239+07:00","logger":"LoginService","row":1,"phone":"trongphuong@protontechnologies.uk","event":"OK: FeedHome_Page_9","msg":"OK: FeedHome_Page_9"}
{"level":"INFO","levelValue":30,"time":"2026-05-25T16:43:10.386+07:00","logger":"LoginService","row":1,"phone":"trongphuong@protontechnologies.uk","event":"OK: FeedHome_Page_10","msg":"OK: FeedHome_Page_10"}
{"level":"INFO","levelValue":30,"time":"2026-05-25T16:43:10.588+07:00","logger":"LoginService","row":1,"phone":"trongphuong@protontechnologies.uk","event":"OK: SurfHome","msg":"OK: SurfHome"}
{"level":"INFO","levelValue":30,"time":"2026-05-25T16:43:10.588+07:00","logger":"LoginService","itemsLength":25,"pagesScrolled":10,"event":"DEBUG_FEEDHOME","msg":"DEBUG_FEEDHOME"}
{"level":"INFO","levelValue":30,"time":"2026-05-25T16:43:11.172+07:00","logger":"LoginService","phone":"trongphuong@protontechnologies.uk","backend":"redis","keyPrefix":"ae1","storeKey":"interactedPosts:trongphuong@protontechnologies.uk","storeType":"interactedPosts","count":0,"event":"INTERACTION_REDIS_LOAD","msg":"INTERACTION_REDIS_LOAD"}
{"level":"INFO","levelValue":30,"time":"2026-05-25T16:43:11.448+07:00","logger":"LoginService","phone":"trongphuong@protontechnologies.uk","backend":"redis","keyPrefix":"ae1","storeKey":"reactedPosts:trongphuong@protontechnologies.uk","storeType":"reactedPosts","count":0,"event":"INTERACTION_REDIS_LOAD","msg":"INTERACTION_REDIS_LOAD"}
{"level":"INFO","levelValue":30,"time":"2026-05-25T16:43:12.480+07:00","logger":"LoginService","row":1,"phone":"trongphuong@protontechnologies.uk","parsedItemCount":25,"uniqueItemCount":25,"unseenItemCount":25,"seenItemCount":0,"reactedPostCount":0,"maxReactionsPerRun":2,"event":"MISSION_ACTION_DEPENDENT_START","msg":"MISSION_ACTION_DEPENDENT_START"}
{"level":"INFO","levelValue":30,"time":"2026-05-25T16:43:12.481+07:00","logger":"LoginService","row":1,"phone":"trongphuong@protontechnologies.uk","postId":"300437194391302144","reactionType":"SAD","event":"REACTION_SELECTED","msg":"REACTION_SELECTED"}
{"level":"INFO","levelValue":30,"time":"2026-05-25T16:43:12.673+07:00","logger":"LoginService","row":1,"phone":"trongphuong@protontechnologies.uk","postId":"300437194391302144","reactionType":"SAD","event":"OK: PostReaction_300437194391302144","msg":"OK: PostReaction_300437194391302144"}
{"level":"INFO","levelValue":30,"time":"2026-05-25T16:43:13.499+07:00","logger":"LoginService","row":1,"phone":"trongphuong@protontechnologies.uk","category":"REACTION","scope":"DAILY","missionId":9,"status":"NEW","currentValue":0,"targetValue":10,"event":"AUTO_MISSION_REWARD_CANDIDATE","msg":"AUTO_MISSION_REWARD_CANDIDATE"}
{"level":"INFO","levelValue":30,"time":"2026-05-25T16:43:13.499+07:00","logger":"LoginService","row":1,"phone":"trongphuong@protontechnologies.uk","category":"REACTION","scope":"DAILY","missionId":9,"status":"NEW","currentValue":0,"targetValue":10,"localProgress":1,"serverClaimable":false,"event":"AUTO_MISSION_REWARD_NOT_READY","msg":"AUTO_MISSION_REWARD_NOT_READY"}
{"level":"INFO","levelValue":30,"time":"2026-05-25T16:43:13.499+07:00","logger":"LoginService","row":1,"phone":"trongphuong@protontechnologies.uk","category":"REACTION","scope":"WEEKLY","missionId":13,"status":"NEW","currentValue":0,"targetValue":50,"event":"AUTO_MISSION_REWARD_CANDIDATE","msg":"AUTO_MISSION_REWARD_CANDIDATE"}
{"level":"INFO","levelValue":30,"time":"2026-05-25T16:43:13.500+07:00","logger":"LoginService","row":1,"phone":"trongphuong@protontechnologies.uk","category":"REACTION","scope":"WEEKLY","missionId":13,"status":"NEW","currentValue":0,"targetValue":50,"localProgress":1,"serverClaimable":false,"event":"AUTO_MISSION_REWARD_NOT_READY","msg":"AUTO_MISSION_REWARD_NOT_READY"}
{"level":"INFO","levelValue":30,"time":"2026-05-25T16:43:14.033+07:00","logger":"LoginService","phone":"trongphuong@protontechnologies.uk","backend":"redis","keyPrefix":"ae1","storeKey":"reactedPosts:trongphuong@protontechnologies.uk","storeType":"reactedPosts","count":1,"event":"INTERACTION_REDIS_SAVE","msg":"INTERACTION_REDIS_SAVE"}
{"level":"INFO","levelValue":30,"time":"2026-05-25T16:43:14.033+07:00","logger":"LoginService","row":1,"phone":"trongphuong@protontechnologies.uk","postId":"300436969991843840","reactionType":"ANGRY","event":"REACTION_SELECTED","msg":"REACTION_SELECTED"}
{"level":"INFO","levelValue":30,"time":"2026-05-25T16:43:14.211+07:00","logger":"LoginService","row":1,"phone":"trongphuong@protontechnologies.uk","postId":"300436969991843840","reactionType":"ANGRY","event":"OK: PostReaction_300436969991843840","msg":"OK: PostReaction_300436969991843840"}
{"level":"INFO","levelValue":30,"time":"2026-05-25T16:43:14.693+07:00","logger":"LoginService","row":1,"phone":"trongphuong@protontechnologies.uk","category":"REACTION","scope":"DAILY","missionId":9,"status":"NEW","currentValue":0,"targetValue":10,"event":"AUTO_MISSION_REWARD_CANDIDATE","msg":"AUTO_MISSION_REWARD_CANDIDATE"}
{"level":"INFO","levelValue":30,"time":"2026-05-25T16:43:14.693+07:00","logger":"LoginService","row":1,"phone":"trongphuong@protontechnologies.uk","category":"REACTION","scope":"DAILY","missionId":9,"status":"NEW","currentValue":0,"targetValue":10,"localProgress":2,"serverClaimable":false,"event":"AUTO_MISSION_REWARD_NOT_READY","msg":"AUTO_MISSION_REWARD_NOT_READY"}
{"level":"INFO","levelValue":30,"time":"2026-05-25T16:43:14.693+07:00","logger":"LoginService","row":1,"phone":"trongphuong@protontechnologies.uk","category":"REACTION","scope":"WEEKLY","missionId":13,"status":"NEW","currentValue":0,"targetValue":50,"event":"AUTO_MISSION_REWARD_CANDIDATE","msg":"AUTO_MISSION_REWARD_CANDIDATE"}
{"level":"INFO","levelValue":30,"time":"2026-05-25T16:43:14.694+07:00","logger":"LoginService","row":1,"phone":"trongphuong@protontechnologies.uk","category":"REACTION","scope":"WEEKLY","missionId":13,"status":"NEW","currentValue":0,"targetValue":50,"localProgress":2,"serverClaimable":false,"event":"AUTO_MISSION_REWARD_NOT_READY","msg":"AUTO_MISSION_REWARD_NOT_READY"}
{"level":"INFO","levelValue":30,"time":"2026-05-25T16:43:15.245+07:00","logger":"LoginService","phone":"trongphuong@protontechnologies.uk","backend":"redis","keyPrefix":"ae1","storeKey":"reactedPosts:trongphuong@protontechnologies.uk","storeType":"reactedPosts","count":2,"event":"INTERACTION_REDIS_SAVE","msg":"INTERACTION_REDIS_SAVE"}
{"level":"INFO","levelValue":30,"time":"2026-05-25T16:43:15.799+07:00","logger":"LoginService","phone":"trongphuong@protontechnologies.uk","backend":"redis","keyPrefix":"ae1","storeKey":"interactedPosts:trongphuong@protontechnologies.uk","storeType":"interactedPosts","count":2,"event":"INTERACTION_REDIS_SAVE","msg":"INTERACTION_REDIS_SAVE"}
{"level":"INFO","levelValue":30,"time":"2026-05-25T16:43:16.081+07:00","logger":"LoginService","phone":"trongphuong@protontechnologies.uk","backend":"redis","keyPrefix":"ae1","storeKey":"reactedPosts:trongphuong@protontechnologies.uk","storeType":"reactedPosts","count":2,"event":"INTERACTION_REDIS_SAVE","msg":"INTERACTION_REDIS_SAVE"}
{"level":"INFO","levelValue":30,"time":"2026-05-25T16:43:16.081+07:00","logger":"LoginService","row":1,"phone":"trongphuong@protontechnologies.uk","stage":"FEED_AND_INTERACT","event":"MISSION_STAGE_DONE","msg":"MISSION_STAGE_DONE"}
{"level":"INFO","levelValue":30,"time":"2026-05-25T16:43:16.081+07:00","logger":"LoginService","row":1,"phone":"trongphuong@protontechnologies.uk","runIndex":40,"dailyRunLimit":40,"event":"CREATE_VIDEO_POST_SKIPPED_BY_RUN_PLAN","msg":"CREATE_VIDEO_POST_SKIPPED_BY_RUN_PLAN"}
{"level":"INFO","levelValue":30,"time":"2026-05-25T16:43:16.081+07:00","logger":"LoginService","row":1,"phone":"trongphuong@protontechnologies.uk","runIndex":40,"dailyRunLimit":40,"event":"CREATE_SURF_SKIPPED_BY_RUN_PLAN","msg":"CREATE_SURF_SKIPPED_BY_RUN_PLAN"}
{"level":"INFO","levelValue":30,"time":"2026-05-25T16:43:16.081+07:00","logger":"LoginService","row":1,"phone":"trongphuong@protontechnologies.uk","stage":"ACTIVITY_GENERATION","event":"MISSION_STAGE_START","msg":"MISSION_STAGE_START"}
{"level":"INFO","levelValue":30,"time":"2026-05-25T16:43:16.262+07:00","logger":"LoginService","row":1,"phone":"trongphuong@protontechnologies.uk","event":"OK: BackgroundColor","msg":"OK: BackgroundColor"}
{"level":"INFO","levelValue":30,"time":"2026-05-25T16:43:16.440+07:00","logger":"LoginService","row":1,"phone":"trongphuong@protontechnologies.uk","event":"OK: ReactionList","msg":"OK: ReactionList"}
{"level":"INFO","levelValue":30,"time":"2026-05-25T16:43:16.440+07:00","logger":"LoginService","row":1,"phone":"trongphuong@protontechnologies.uk","stage":"ACTIVITY_GENERATION","event":"MISSION_STAGE_DONE","msg":"MISSION_STAGE_DONE"}
{"level":"INFO","levelValue":30,"time":"2026-05-25T16:43:16.440+07:00","logger":"LoginService","row":1,"phone":"trongphuong@protontechnologies.uk","stage":"FRIEND_MANAGEMENT","event":"MISSION_STAGE_START","msg":"MISSION_STAGE_START"}
{"level":"INFO","levelValue":30,"time":"2026-05-25T16:43:16.670+07:00","logger":"LoginService","row":1,"phone":"trongphuong@protontechnologies.uk","event":"OK: GetReceivedFriendRequests","msg":"OK: GetReceivedFriendRequests"}
{"level":"INFO","levelValue":30,"time":"2026-05-25T16:43:16.902+07:00","logger":"LoginService","row":1,"phone":"trongphuong@protontechnologies.uk","total":1,"users":[{"phone":"trongphuong@proton.me","app_user_id":"315069343723556864"}],"event":"INTERNAL_FRIEND_TARGETS_FOUND","msg":"INTERNAL_FRIEND_TARGETS_FOUND"}
{"level":"INFO","levelValue":30,"time":"2026-05-25T16:43:17.215+07:00","logger":"LoginService","row":1,"phone":"trongphuong@protontechnologies.uk","event":"OK: SendInternalFriendRequest_trongphuong@proton.me","msg":"OK: SendInternalFriendRequest_trongphuong@proton.me"}
{"level":"INFO","levelValue":30,"time":"2026-05-25T16:43:17.712+07:00","logger":"LoginService","row":1,"phone":"trongphuong@protontechnologies.uk","category":"FRIEND","scope":"DAILY","missionId":12,"status":"NEW","currentValue":0,"targetValue":2,"event":"AUTO_MISSION_REWARD_CANDIDATE","msg":"AUTO_MISSION_REWARD_CANDIDATE"}
{"level":"INFO","levelValue":30,"time":"2026-05-25T16:43:17.712+07:00","logger":"LoginService","row":1,"phone":"trongphuong@protontechnologies.uk","category":"FRIEND","scope":"DAILY","missionId":12,"status":"NEW","currentValue":0,"targetValue":2,"localProgress":1,"serverClaimable":false,"event":"AUTO_MISSION_REWARD_NOT_READY","msg":"AUTO_MISSION_REWARD_NOT_READY"}
{"level":"INFO","levelValue":30,"time":"2026-05-25T16:43:17.712+07:00","logger":"LoginService","row":1,"phone":"trongphuong@protontechnologies.uk","category":"FRIEND","scope":"WEEKLY","missionId":15,"status":"NEW","currentValue":0,"targetValue":20,"event":"AUTO_MISSION_REWARD_CANDIDATE","msg":"AUTO_MISSION_REWARD_CANDIDATE"}
{"level":"INFO","levelValue":30,"time":"2026-05-25T16:43:17.712+07:00","logger":"LoginService","row":1,"phone":"trongphuong@protontechnologies.uk","category":"FRIEND","scope":"WEEKLY","missionId":15,"status":"NEW","currentValue":0,"targetValue":20,"localProgress":1,"serverClaimable":false,"event":"AUTO_MISSION_REWARD_NOT_READY","msg":"AUTO_MISSION_REWARD_NOT_READY"}
{"level":"INFO","levelValue":30,"time":"2026-05-25T16:43:17.712+07:00","logger":"LoginService","row":1,"phone":"trongphuong@protontechnologies.uk","stage":"FRIEND_MANAGEMENT","event":"MISSION_STAGE_DONE","msg":"MISSION_STAGE_DONE"}
{"level":"INFO","levelValue":30,"time":"2026-05-25T16:43:17.712+07:00","logger":"LoginService","row":1,"phone":"trongphuong@protontechnologies.uk","stage":"REWARD_CLAIMING","event":"MISSION_STAGE_START","msg":"MISSION_STAGE_START"}
{"level":"INFO","levelValue":30,"time":"2026-05-25T16:43:18.381+07:00","logger":"LoginService","row":1,"phone":"trongphuong@protontechnologies.uk","event":"OK: Missions","msg":"OK: Missions"}
{"level":"INFO","levelValue":30,"time":"2026-05-25T16:43:18.381+07:00","logger":"LoginService","row":1,"phone":"trongphuong@protontechnologies.uk","phase":"INITIAL","missionCount":9,"event":"MISSION_LIST_FETCHED","msg":"MISSION_LIST_FETCHED"}
{"level":"INFO","levelValue":30,"time":"2026-05-25T16:43:19.031+07:00","logger":"LoginService","row":1,"phone":"trongphuong@protontechnologies.uk","event":"OK: Missions","msg":"OK: Missions"}
{"level":"INFO","levelValue":30,"time":"2026-05-25T16:43:19.031+07:00","logger":"LoginService","row":1,"phone":"trongphuong@protontechnologies.uk","phase":"RECHECK","missionCount":9,"event":"MISSION_LIST_FETCHED","msg":"MISSION_LIST_FETCHED"}
{"level":"DEBUG","levelValue":20,"time":"2026-05-25T16:43:19.032+07:00","logger":"LoginService","row":1,"phone":"trongphuong@protontechnologies.uk","phase":"RECHECK","missions":[{"missionId":12,"name":"Kết bạn mới","type":"DAILY","actionType":"ADD_FRIEND","status":"NEW","currentValue":0,"targetValue":2,"category":"FRIEND","claimable":false},{"missionId":9,"name":"Thả cảm xúc","type":"DAILY","actionType":"LIKE","status":"NEW","currentValue":0,"targetValue":10,"category":"REACTION","claimable":false},{"missionId":18,"name":"Chuỗi đăng nhập 7 ngày","type":"STREAK_LOGIN","actionType":"LOGIN","status":"NEW","currentValue":0,"targetValue":7,"category":null,"claimable":false},{"missionId":15,"name":"Chúa tể kết bạn","type":"WEEKLY","actionType":"ADD_FRIEND","status":"NEW","currentValue":0,"targetValue":20,"category":"FRIEND","claimable":false},{"missionId":8,"name":"Đăng bài","type":"DAILY","actionType":"POST","status":"NEW","currentValue":0,"targetValue":3,"category":"POST","claimable":false},{"missionId":16,"name":"Thánh bình luận","type":"WEEKLY","actionType":"COMMENT","status":"NEW","currentValue":0,"targetValue":50,"category":"COMMENT","claimable":false},{"missionId":14,"name":"Siêu nhân đăng bài","type":"WEEKLY","actionType":"POST","status":"NEW","currentValue":0,"targetValue":15,"category":"POST","claimable":false},{"missionId":13,"name":"Chiến thần cảm xúc","type":"WEEKLY","actionType":"LIKE","status":"NEW","currentValue":0,"targetValue":50,"category":"REACTION","claimable":false},{"missionId":10,"name":"Bình luận","type":"DAILY","actionType":"COMMENT","status":"NEW","currentValue":0,"targetValue":10,"category":"COMMENT","claimable":false}],"event":"MISSION_LIST_DETAIL","msg":"MISSION_LIST_DETAIL"}
{"level":"DEBUG","levelValue":20,"time":"2026-05-25T16:43:19.032+07:00","logger":"LoginService","row":1,"phone":"trongphuong@protontechnologies.uk","phase":"RECHECK","mission":{"missionId":18,"name":"Chuỗi đăng nhập 7 ngày","type":"STREAK_LOGIN","actionType":"LOGIN","status":"NEW","currentValue":0,"targetValue":7,"lastStreakDate":0},"event":"MISSION_18_RAW","msg":"MISSION_18_RAW"}
{"level":"DEBUG","levelValue":20,"time":"2026-05-25T16:43:19.032+07:00","logger":"LoginService","row":1,"phone":"trongphuong@protontechnologies.uk","missionId":12,"category":"FRIEND","type":"DAILY","actionType":"ADD_FRIEND","status":"NEW","event":"SKIP_NON_STREAK_MISSION_IN_REWARD_STAGE_12","msg":"SKIP_NON_STREAK_MISSION_IN_REWARD_STAGE_12"}
{"level":"DEBUG","levelValue":20,"time":"2026-05-25T16:43:19.032+07:00","logger":"LoginService","row":1,"phone":"trongphuong@protontechnologies.uk","missionId":9,"category":"REACTION","type":"DAILY","actionType":"LIKE","status":"NEW","event":"SKIP_NON_STREAK_MISSION_IN_REWARD_STAGE_9","msg":"SKIP_NON_STREAK_MISSION_IN_REWARD_STAGE_9"}
{"level":"DEBUG","levelValue":20,"time":"2026-05-25T16:43:19.032+07:00","logger":"LoginService","row":1,"phone":"trongphuong@protontechnologies.uk","missionId":15,"category":"FRIEND","type":"WEEKLY","actionType":"ADD_FRIEND","status":"NEW","event":"SKIP_NON_STREAK_MISSION_IN_REWARD_STAGE_15","msg":"SKIP_NON_STREAK_MISSION_IN_REWARD_STAGE_15"}
{"level":"DEBUG","levelValue":20,"time":"2026-05-25T16:43:19.032+07:00","logger":"LoginService","row":1,"phone":"trongphuong@protontechnologies.uk","missionId":8,"category":"POST","type":"DAILY","actionType":"POST","status":"NEW","event":"SKIP_NON_STREAK_MISSION_IN_REWARD_STAGE_8","msg":"SKIP_NON_STREAK_MISSION_IN_REWARD_STAGE_8"}
{"level":"DEBUG","levelValue":20,"time":"2026-05-25T16:43:19.032+07:00","logger":"LoginService","row":1,"phone":"trongphuong@protontechnologies.uk","missionId":16,"category":"COMMENT","type":"WEEKLY","actionType":"COMMENT","status":"NEW","event":"SKIP_NON_STREAK_MISSION_IN_REWARD_STAGE_16","msg":"SKIP_NON_STREAK_MISSION_IN_REWARD_STAGE_16"}
{"level":"DEBUG","levelValue":20,"time":"2026-05-25T16:43:19.033+07:00","logger":"LoginService","row":1,"phone":"trongphuong@protontechnologies.uk","missionId":14,"category":"POST","type":"WEEKLY","actionType":"POST","status":"NEW","event":"SKIP_NON_STREAK_MISSION_IN_REWARD_STAGE_14","msg":"SKIP_NON_STREAK_MISSION_IN_REWARD_STAGE_14"}
{"level":"DEBUG","levelValue":20,"time":"2026-05-25T16:43:19.033+07:00","logger":"LoginService","row":1,"phone":"trongphuong@protontechnologies.uk","missionId":13,"category":"REACTION","type":"WEEKLY","actionType":"LIKE","status":"NEW","event":"SKIP_NON_STREAK_MISSION_IN_REWARD_STAGE_13","msg":"SKIP_NON_STREAK_MISSION_IN_REWARD_STAGE_13"}
{"level":"DEBUG","levelValue":20,"time":"2026-05-25T16:43:19.033+07:00","logger":"LoginService","row":1,"phone":"trongphuong@protontechnologies.uk","missionId":10,"category":"COMMENT","type":"DAILY","actionType":"COMMENT","status":"NEW","event":"SKIP_NON_STREAK_MISSION_IN_REWARD_STAGE_10","msg":"SKIP_NON_STREAK_MISSION_IN_REWARD_STAGE_10"}
{"level":"INFO","levelValue":30,"time":"2026-05-25T16:43:36.114+07:00","logger":"LoginService","row":1,"phone":"trongphuong@protontechnologies.uk","stage":"REWARD_CLAIMING","event":"MISSION_STAGE_DONE","msg":"MISSION_STAGE_DONE"}
{"level":"INFO","levelValue":30,"time":"2026-05-25T16:43:36.114+07:00","logger":"LoginService","row":1,"phone":"trongphuong@protontechnologies.uk","event":"BOT_MISSIONS_COMPLETE","msg":"BOT_MISSIONS_COMPLETE"}
{"level":"INFO","levelValue":30,"time":"2026-05-25T16:43:36.142+07:00","logger":"LoginService","batchNo":1,"processedAccounts":1,"totalAccounts":1,"event":"ACCOUNT_BATCH_DONE","msg":"ACCOUNT_BATCH_DONE"}
{"level":"DEBUG","levelValue":20,"time":"2026-05-25T16:43:36.142+07:00","logger":"LoginService","summary":{"success":1,"alreadyOk":0,"relogin":0,"fail":0,"accounts":1},"event":"JOB_SUMMARY","msg":"JOB_SUMMARY"}
{"level":"DEBUG","levelValue":20,"time":"2026-05-25T16:43:36.142+07:00","logger":"LoginService","event":"Loaded 1 accounts from database.","msg":"Loaded 1 accounts from database."}
{"level":"DEBUG","levelValue":20,"time":"2026-05-25T16:43:36.142+07:00","logger":"LoginService","summary":{"success":1,"alreadyOk":0,"relogin":0,"fail":0,"accounts":1},"event":"JOB_DONE","msg":"JOB_DONE"}
{"level":"INFO","levelValue":30,"time":"2026-05-25T16:43:36.142+07:00","logger":"LoginService","event":"LOGIN summary: success=1 alreadyOk=0 relogin=0 fail=0","msg":"LOGIN summary: success=1 alreadyOk=0 relogin=0 fail=0"}
