{"level":30,"time":"2026-03-04T09:31:45.129Z","logId":1772616705126,"logger":"LoginService","msg":"Initializing background workers..."}
{"level":30,"time":"2026-03-04T09:31:45.129Z","logId":1772616705126,"logger":"FriendWorker","msg":"FriendWorker starting..."}
{"level":30,"time":"2026-03-04T09:31:45.129Z","logId":1772616705126,"logger":"NotificationWorker","msg":"NotificationWorker starting..."}
{"level":30,"time":"2026-03-04T09:31:45.130Z","logId":1772616705126,"logger":"FeedWorker","msg":"FeedWorker starting..."}
{"level":30,"time":"2026-03-04T09:31:45.130Z","logId":1772616705126,"logger":"SurfWorker","msg":"SurfWorker starting..."}
{"level":50,"time":"2026-03-04T09:32:06.187Z","logId":1772616705126,"logger":"LoginService","row":1,"phone":"longh1248@gmail.com","proxy":"http://116.99.49.187:10002","err":"connect ETIMEDOUT 116.99.49.187:10002","msg":"ACCOUNT_PROCESS_ERROR"}
{"level":30,"time":"2026-03-04T09:32:06.188Z","logId":1772616705126,"logger":"LoginService","msg":"LOGIN summary: success=0 alreadyOk=0 relogin=0 fail=1"}
{"level":30,"time":"2026-03-04T09:33:06.192Z","logId":1772616705126,"logger":"LoginService","msg":"Initializing background workers..."}
{"level":30,"time":"2026-03-04T09:33:06.193Z","logId":1772616705126,"logger":"FriendWorker","msg":"FriendWorker starting..."}
{"level":30,"time":"2026-03-04T09:33:06.193Z","logId":1772616705126,"logger":"NotificationWorker","msg":"NotificationWorker starting..."}
{"level":30,"time":"2026-03-04T09:33:06.193Z","logId":1772616705126,"logger":"FeedWorker","msg":"FeedWorker starting..."}
{"level":30,"time":"2026-03-04T09:33:06.193Z","logId":1772616705126,"logger":"SurfWorker","msg":"SurfWorker starting..."}
{"level":50,"time":"2026-03-04T09:33:27.251Z","logId":1772616705126,"logger":"LoginService","row":1,"phone":"longh1248@gmail.com","proxy":"http://116.99.49.187:10002","err":"connect ETIMEDOUT 116.99.49.187:10002","msg":"ACCOUNT_PROCESS_ERROR"}
{"level":30,"time":"2026-03-04T09:33:27.251Z","logId":1772616705126,"logger":"LoginService","msg":"LOGIN summary: success=0 alreadyOk=0 relogin=0 fail=1"}
{"level":30,"time":"2026-03-04T09:34:06.197Z","logId":1772616705126,"logger":"LoginService","msg":"Initializing background workers..."}
{"level":30,"time":"2026-03-04T09:34:06.197Z","logId":1772616705126,"logger":"FriendWorker","msg":"FriendWorker starting..."}
{"level":30,"time":"2026-03-04T09:34:06.197Z","logId":1772616705126,"logger":"NotificationWorker","msg":"NotificationWorker starting..."}
{"level":30,"time":"2026-03-04T09:34:06.197Z","logId":1772616705126,"logger":"FeedWorker","msg":"FeedWorker starting..."}
{"level":30,"time":"2026-03-04T09:34:06.197Z","logId":1772616705126,"logger":"SurfWorker","msg":"SurfWorker starting..."}
{"level":30,"time":"2026-03-04T09:34:23.010Z","logId":1772616705126,"logger":"LoginService","msg":"LOGIN summary: success=1 alreadyOk=0 relogin=0 fail=0"}
{"level":30,"time":"2026-03-04T09:35:06.201Z","logId":1772616705126,"logger":"LoginService","msg":"Initializing background workers..."}
{"level":30,"time":"2026-03-04T09:35:06.201Z","logId":1772616705126,"logger":"FriendWorker","msg":"FriendWorker starting..."}
{"level":30,"time":"2026-03-04T09:35:06.201Z","logId":1772616705126,"logger":"NotificationWorker","msg":"NotificationWorker starting..."}
{"level":30,"time":"2026-03-04T09:35:06.201Z","logId":1772616705126,"logger":"FeedWorker","msg":"FeedWorker starting..."}
{"level":30,"time":"2026-03-04T09:35:06.201Z","logId":1772616705126,"logger":"SurfWorker","msg":"SurfWorker starting..."}
{"level":50,"time":"2026-03-04T09:35:27.241Z","logId":1772616705126,"logger":"LoginService","row":1,"phone":"longh1248@gmail.com","proxy":"http://116.99.49.187:10002","err":"connect ETIMEDOUT 116.99.49.187:10002","msg":"ACCOUNT_PROCESS_ERROR"}
{"level":30,"time":"2026-03-04T09:35:27.241Z","logId":1772616705126,"logger":"LoginService","msg":"LOGIN summary: success=0 alreadyOk=0 relogin=0 fail=1"}
{"level":30,"time":"2026-03-04T09:36:06.207Z","logId":1772616705126,"logger":"LoginService","msg":"Initializing background workers..."}
{"level":30,"time":"2026-03-04T09:36:06.207Z","logId":1772616705126,"logger":"FriendWorker","msg":"FriendWorker starting..."}
{"level":30,"time":"2026-03-04T09:36:06.207Z","logId":1772616705126,"logger":"NotificationWorker","msg":"NotificationWorker starting..."}
{"level":30,"time":"2026-03-04T09:36:06.207Z","logId":1772616705126,"logger":"FeedWorker","msg":"FeedWorker starting..."}
{"level":30,"time":"2026-03-04T09:36:06.207Z","logId":1772616705126,"logger":"SurfWorker","msg":"SurfWorker starting..."}
{"level":50,"time":"2026-03-04T09:36:27.255Z","logId":1772616705126,"logger":"LoginService","row":1,"phone":"longh1248@gmail.com","proxy":"http://116.99.49.187:10002","err":"connect ETIMEDOUT 116.99.49.187:10002","msg":"ACCOUNT_PROCESS_ERROR"}
{"level":30,"time":"2026-03-04T09:36:27.255Z","logId":1772616705126,"logger":"LoginService","msg":"LOGIN summary: success=0 alreadyOk=0 relogin=0 fail=1"}
{"level":30,"time":"2026-03-04T09:37:06.217Z","logId":1772616705126,"logger":"LoginService","msg":"Initializing background workers..."}
{"level":30,"time":"2026-03-04T09:37:06.217Z","logId":1772616705126,"logger":"FriendWorker","msg":"FriendWorker starting..."}
{"level":30,"time":"2026-03-04T09:37:06.217Z","logId":1772616705126,"logger":"NotificationWorker","msg":"NotificationWorker starting..."}
{"level":30,"time":"2026-03-04T09:37:06.218Z","logId":1772616705126,"logger":"FeedWorker","msg":"FeedWorker starting..."}
{"level":30,"time":"2026-03-04T09:37:06.218Z","logId":1772616705126,"logger":"SurfWorker","msg":"SurfWorker starting..."}
{"level":30,"time":"2026-03-04T09:38:27.678Z","logId":1772617107675,"logger":"LoginService","msg":"Initializing background workers..."}
{"level":30,"time":"2026-03-04T09:38:27.679Z","logId":1772617107675,"logger":"FriendWorker","msg":"FriendWorker starting..."}
{"level":30,"time":"2026-03-04T09:38:27.679Z","logId":1772617107675,"logger":"NotificationWorker","msg":"NotificationWorker starting..."}
{"level":30,"time":"2026-03-04T09:38:27.679Z","logId":1772617107675,"logger":"FeedWorker","msg":"FeedWorker starting..."}
{"level":30,"time":"2026-03-04T09:38:27.679Z","logId":1772617107675,"logger":"SurfWorker","msg":"SurfWorker starting..."}
{"level":50,"time":"2026-03-04T09:38:48.746Z","logId":1772617107675,"logger":"LoginService","row":1,"phone":"longh1248@gmail.com","proxy":"http://171.234.62.116:10007","err":"connect ETIMEDOUT 171.234.62.116:10007","msg":"ACCOUNT_PROCESS_ERROR"}
{"level":30,"time":"2026-03-04T09:38:48.746Z","logId":1772617107675,"logger":"LoginService","msg":"LOGIN summary: success=0 alreadyOk=0 relogin=0 fail=1"}
{"level":30,"time":"2026-03-04T09:39:18.757Z","logId":1772617107675,"logger":"LoginService","msg":"Initializing background workers..."}
{"level":30,"time":"2026-03-04T09:39:18.757Z","logId":1772617107675,"logger":"FriendWorker","msg":"FriendWorker starting..."}
{"level":30,"time":"2026-03-04T09:39:18.758Z","logId":1772617107675,"logger":"NotificationWorker","msg":"NotificationWorker starting..."}
{"level":30,"time":"2026-03-04T09:39:18.758Z","logId":1772617107675,"logger":"FeedWorker","msg":"FeedWorker starting..."}
{"level":30,"time":"2026-03-04T09:39:18.758Z","logId":1772617107675,"logger":"SurfWorker","msg":"SurfWorker starting..."}
{"level":50,"time":"2026-03-04T09:39:39.793Z","logId":1772617107675,"logger":"LoginService","row":1,"phone":"longh1248@gmail.com","proxy":"http://171.234.62.116:10007","err":"connect ETIMEDOUT 171.234.62.116:10007","msg":"ACCOUNT_PROCESS_ERROR"}
{"level":30,"time":"2026-03-04T09:39:39.793Z","logId":1772617107675,"logger":"LoginService","msg":"LOGIN summary: success=0 alreadyOk=0 relogin=0 fail=1"}
{"level":30,"time":"2026-03-04T09:39:54.312Z","logId":1772617194309,"logger":"LoginService","msg":"Initializing background workers..."}
{"level":30,"time":"2026-03-04T09:39:54.312Z","logId":1772617194309,"logger":"FriendWorker","msg":"FriendWorker starting..."}
{"level":30,"time":"2026-03-04T09:39:54.313Z","logId":1772617194309,"logger":"NotificationWorker","msg":"NotificationWorker starting..."}
{"level":30,"time":"2026-03-04T09:39:54.313Z","logId":1772617194309,"logger":"FeedWorker","msg":"FeedWorker starting..."}
{"level":30,"time":"2026-03-04T09:39:54.313Z","logId":1772617194309,"logger":"SurfWorker","msg":"SurfWorker starting..."}
{"level":50,"time":"2026-03-04T09:40:15.386Z","logId":1772617194309,"logger":"LoginService","row":1,"phone":"longh1248@gmail.com","proxy":"http://171.234.62.116:10007","err":"connect ETIMEDOUT 171.234.62.116:10007","msg":"ACCOUNT_PROCESS_ERROR"}
{"level":30,"time":"2026-03-04T09:40:15.386Z","logId":1772617194309,"logger":"LoginService","msg":"LOGIN summary: success=0 alreadyOk=0 relogin=0 fail=1"}
{"level":30,"time":"2026-03-04T09:40:15.692Z","logId":1772617194309,"logger":"LoginService","msg":"Initializing background workers..."}
{"level":30,"time":"2026-03-04T09:40:15.692Z","logId":1772617194309,"logger":"FriendWorker","msg":"FriendWorker starting..."}
{"level":30,"time":"2026-03-04T09:40:15.692Z","logId":1772617194309,"logger":"NotificationWorker","msg":"NotificationWorker starting..."}
{"level":30,"time":"2026-03-04T09:40:15.692Z","logId":1772617194309,"logger":"FeedWorker","msg":"FeedWorker starting..."}
{"level":30,"time":"2026-03-04T09:40:15.693Z","logId":1772617194309,"logger":"SurfWorker","msg":"SurfWorker starting..."}
{"level":50,"time":"2026-03-04T09:40:36.725Z","logId":1772617194309,"logger":"LoginService","row":1,"phone":"longh1248@gmail.com","proxy":"http://171.234.62.116:10007","err":"connect ETIMEDOUT 171.234.62.116:10007","msg":"ACCOUNT_PROCESS_ERROR"}
{"level":30,"time":"2026-03-04T09:40:36.725Z","logId":1772617194309,"logger":"LoginService","msg":"LOGIN summary: success=0 alreadyOk=0 relogin=0 fail=1"}
{"level":30,"time":"2026-03-04T09:40:36.727Z","logId":1772617194309,"logger":"LoginService","msg":"Initializing background workers..."}
{"level":30,"time":"2026-03-04T09:40:36.727Z","logId":1772617194309,"logger":"FriendWorker","msg":"FriendWorker starting..."}
{"level":30,"time":"2026-03-04T09:40:36.728Z","logId":1772617194309,"logger":"NotificationWorker","msg":"NotificationWorker starting..."}
{"level":30,"time":"2026-03-04T09:40:36.728Z","logId":1772617194309,"logger":"FeedWorker","msg":"FeedWorker starting..."}
{"level":30,"time":"2026-03-04T09:40:36.728Z","logId":1772617194309,"logger":"SurfWorker","msg":"SurfWorker starting..."}
{"level":50,"time":"2026-03-04T09:40:57.758Z","logId":1772617194309,"logger":"LoginService","row":1,"phone":"longh1248@gmail.com","proxy":"http://171.234.62.116:10007","err":"connect ETIMEDOUT 171.234.62.116:10007","msg":"ACCOUNT_PROCESS_ERROR"}
{"level":30,"time":"2026-03-04T09:40:57.758Z","logId":1772617194309,"logger":"LoginService","msg":"LOGIN summary: success=0 alreadyOk=0 relogin=0 fail=1"}
{"level":30,"time":"2026-03-04T09:40:57.888Z","logId":1772617194309,"logger":"LoginService","msg":"Initializing background workers..."}
{"level":30,"time":"2026-03-04T09:40:57.888Z","logId":1772617194309,"logger":"FriendWorker","msg":"FriendWorker starting..."}
{"level":30,"time":"2026-03-04T09:40:57.888Z","logId":1772617194309,"logger":"NotificationWorker","msg":"NotificationWorker starting..."}
{"level":30,"time":"2026-03-04T09:40:57.888Z","logId":1772617194309,"logger":"FeedWorker","msg":"FeedWorker starting..."}
{"level":30,"time":"2026-03-04T09:40:57.888Z","logId":1772617194309,"logger":"SurfWorker","msg":"SurfWorker starting..."}
{"level":30,"time":"2026-03-04T09:41:41.963Z","logId":1772617301959,"logger":"LoginService","msg":"Initializing background workers..."}
{"level":30,"time":"2026-03-04T09:41:41.963Z","logId":1772617301959,"logger":"FriendWorker","msg":"FriendWorker starting..."}
{"level":30,"time":"2026-03-04T09:41:41.963Z","logId":1772617301959,"logger":"NotificationWorker","msg":"NotificationWorker starting..."}
{"level":30,"time":"2026-03-04T09:41:41.963Z","logId":1772617301959,"logger":"FeedWorker","msg":"FeedWorker starting..."}
{"level":30,"time":"2026-03-04T09:41:41.964Z","logId":1772617301959,"logger":"SurfWorker","msg":"SurfWorker starting..."}
{"level":50,"time":"2026-03-04T09:42:03.004Z","logId":1772617301959,"logger":"LoginService","row":1,"phone":"longh1248@gmail.com","proxy":"http://116.99.49.187:10002","err":"connect ETIMEDOUT 116.99.49.187:10002","msg":"ACCOUNT_PROCESS_ERROR"}
{"level":30,"time":"2026-03-04T09:42:03.005Z","logId":1772617301959,"logger":"LoginService","msg":"LOGIN summary: success=0 alreadyOk=0 relogin=0 fail=1"}
{"level":30,"time":"2026-03-04T09:42:03.310Z","logId":1772617301959,"logger":"LoginService","msg":"Initializing background workers..."}
{"level":30,"time":"2026-03-04T09:42:03.310Z","logId":1772617301959,"logger":"FriendWorker","msg":"FriendWorker starting..."}
{"level":30,"time":"2026-03-04T09:42:03.311Z","logId":1772617301959,"logger":"NotificationWorker","msg":"NotificationWorker starting..."}
{"level":30,"time":"2026-03-04T09:42:03.311Z","logId":1772617301959,"logger":"FeedWorker","msg":"FeedWorker starting..."}
{"level":30,"time":"2026-03-04T09:42:03.311Z","logId":1772617301959,"logger":"SurfWorker","msg":"SurfWorker starting..."}
{"level":30,"time":"2026-03-04T09:42:34.210Z","logId":1772617301959,"logger":"LoginService","msg":"LOGIN summary: success=1 alreadyOk=0 relogin=0 fail=0"}
{"level":30,"time":"2026-03-04T09:42:34.412Z","logId":1772617301959,"logger":"LoginService","msg":"Initializing background workers..."}
{"level":30,"time":"2026-03-04T09:42:34.412Z","logId":1772617301959,"logger":"FriendWorker","msg":"FriendWorker starting..."}
{"level":30,"time":"2026-03-04T09:42:34.412Z","logId":1772617301959,"logger":"NotificationWorker","msg":"NotificationWorker starting..."}
{"level":30,"time":"2026-03-04T09:42:34.412Z","logId":1772617301959,"logger":"FeedWorker","msg":"FeedWorker starting..."}
{"level":30,"time":"2026-03-04T09:42:34.412Z","logId":1772617301959,"logger":"SurfWorker","msg":"SurfWorker starting..."}
{"level":30,"time":"2026-03-04T09:47:15.756Z","logId":1772617635753,"logger":"LoginService","msg":"Initializing background workers..."}
{"level":30,"time":"2026-03-04T09:47:15.757Z","logId":1772617635753,"logger":"FriendWorker","msg":"FriendWorker starting..."}
{"level":30,"time":"2026-03-04T09:47:15.757Z","logId":1772617635753,"logger":"NotificationWorker","msg":"NotificationWorker starting..."}
{"level":30,"time":"2026-03-04T09:47:15.757Z","logId":1772617635753,"logger":"FeedWorker","msg":"FeedWorker starting..."}
{"level":30,"time":"2026-03-04T09:47:15.757Z","logId":1772617635753,"logger":"SurfWorker","msg":"SurfWorker starting..."}
{"level":50,"time":"2026-03-04T09:47:36.830Z","logId":1772617635753,"logger":"LoginService","row":1,"phone":"longh1248@gmail.com","proxy":"http://116.99.49.187:10002","err":"connect ETIMEDOUT 116.99.49.187:10002","msg":"ACCOUNT_PROCESS_ERROR"}
{"level":30,"time":"2026-03-04T09:47:36.830Z","logId":1772617635753,"logger":"LoginService","msg":"LOGIN summary: success=0 alreadyOk=0 relogin=0 fail=1"}
{"level":30,"time":"2026-03-04T09:47:37.133Z","logId":1772617635753,"logger":"LoginService","msg":"Initializing background workers..."}
{"level":30,"time":"2026-03-04T09:47:37.133Z","logId":1772617635753,"logger":"FriendWorker","msg":"FriendWorker starting..."}
{"level":30,"time":"2026-03-04T09:47:37.133Z","logId":1772617635753,"logger":"NotificationWorker","msg":"NotificationWorker starting..."}
{"level":30,"time":"2026-03-04T09:47:37.133Z","logId":1772617635753,"logger":"FeedWorker","msg":"FeedWorker starting..."}
{"level":30,"time":"2026-03-04T09:47:37.133Z","logId":1772617635753,"logger":"SurfWorker","msg":"SurfWorker starting..."}
{"level":50,"time":"2026-03-04T09:47:58.176Z","logId":1772617635753,"logger":"LoginService","row":1,"phone":"longh1248@gmail.com","proxy":"http://116.99.49.187:10002","err":"connect ETIMEDOUT 116.99.49.187:10002","msg":"ACCOUNT_PROCESS_ERROR"}
{"level":30,"time":"2026-03-04T09:47:58.177Z","logId":1772617635753,"logger":"LoginService","msg":"LOGIN summary: success=0 alreadyOk=0 relogin=0 fail=1"}
{"level":30,"time":"2026-03-04T09:47:58.411Z","logId":1772617635753,"logger":"LoginService","msg":"Initializing background workers..."}
{"level":30,"time":"2026-03-04T09:47:58.411Z","logId":1772617635753,"logger":"FriendWorker","msg":"FriendWorker starting..."}
{"level":30,"time":"2026-03-04T09:47:58.411Z","logId":1772617635753,"logger":"NotificationWorker","msg":"NotificationWorker starting..."}
{"level":30,"time":"2026-03-04T09:47:58.411Z","logId":1772617635753,"logger":"FeedWorker","msg":"FeedWorker starting..."}
{"level":30,"time":"2026-03-04T09:47:58.411Z","logId":1772617635753,"logger":"SurfWorker","msg":"SurfWorker starting..."}
{"level":50,"time":"2026-03-04T09:48:19.458Z","logId":1772617635753,"logger":"LoginService","row":1,"phone":"longh1248@gmail.com","proxy":"http://116.99.49.187:10002","err":"connect ETIMEDOUT 116.99.49.187:10002","msg":"ACCOUNT_PROCESS_ERROR"}
{"level":30,"time":"2026-03-04T09:48:19.458Z","logId":1772617635753,"logger":"LoginService","msg":"LOGIN summary: success=0 alreadyOk=0 relogin=0 fail=1"}
{"level":30,"time":"2026-03-04T09:48:19.615Z","logId":1772617635753,"logger":"LoginService","msg":"Initializing background workers..."}
{"level":30,"time":"2026-03-04T09:48:19.615Z","logId":1772617635753,"logger":"FriendWorker","msg":"FriendWorker starting..."}
{"level":30,"time":"2026-03-04T09:48:19.615Z","logId":1772617635753,"logger":"NotificationWorker","msg":"NotificationWorker starting..."}
{"level":30,"time":"2026-03-04T09:48:19.615Z","logId":1772617635753,"logger":"FeedWorker","msg":"FeedWorker starting..."}
{"level":30,"time":"2026-03-04T09:48:19.615Z","logId":1772617635753,"logger":"SurfWorker","msg":"SurfWorker starting..."}
{"level":30,"time":"2026-03-04T09:48:21.790Z","logId":1772617635753,"logger":"LoginService","msg":"LOGIN summary: success=1 alreadyOk=0 relogin=0 fail=0"}
{"level":30,"time":"2026-03-04T09:48:22.071Z","logId":1772617635753,"logger":"LoginService","msg":"Initializing background workers..."}
{"level":30,"time":"2026-03-04T09:48:22.071Z","logId":1772617635753,"logger":"FriendWorker","msg":"FriendWorker starting..."}
{"level":30,"time":"2026-03-04T09:48:22.071Z","logId":1772617635753,"logger":"NotificationWorker","msg":"NotificationWorker starting..."}
{"level":30,"time":"2026-03-04T09:48:22.071Z","logId":1772617635753,"logger":"FeedWorker","msg":"FeedWorker starting..."}
{"level":30,"time":"2026-03-04T09:48:22.071Z","logId":1772617635753,"logger":"SurfWorker","msg":"SurfWorker starting..."}
{"level":30,"time":"2026-03-04T09:52:15.458Z","logId":1772617935454,"logger":"LoginService","msg":"Initializing background workers..."}
{"level":30,"time":"2026-03-04T09:52:15.459Z","logId":1772617935454,"logger":"FriendWorker","msg":"FriendWorker starting..."}
{"level":30,"time":"2026-03-04T09:52:15.459Z","logId":1772617935454,"logger":"NotificationWorker","msg":"NotificationWorker starting..."}
{"level":30,"time":"2026-03-04T09:52:15.459Z","logId":1772617935454,"logger":"FeedWorker","msg":"FeedWorker starting..."}
{"level":30,"time":"2026-03-04T09:52:15.459Z","logId":1772617935454,"logger":"SurfWorker","msg":"SurfWorker starting..."}
{"level":50,"time":"2026-03-04T09:55:06.711Z","logId":1772617935454,"logger":"LoginService","row":1,"phone":"longh1248@gmail.com","proxy":"http://116.99.49.187:10002","err":"read ECONNRESET","msg":"ACCOUNT_PROCESS_ERROR"}
{"level":30,"time":"2026-03-04T09:55:06.711Z","logId":1772617935454,"logger":"LoginService","msg":"LOGIN summary: success=0 alreadyOk=0 relogin=0 fail=1"}
{"level":30,"time":"2026-03-04T10:00:06.713Z","logId":1772617935454,"logger":"LoginService","msg":"Initializing background workers..."}
{"level":30,"time":"2026-03-04T10:00:06.714Z","logId":1772617935454,"logger":"FriendWorker","msg":"FriendWorker starting..."}
{"level":30,"time":"2026-03-04T10:00:06.714Z","logId":1772617935454,"logger":"NotificationWorker","msg":"NotificationWorker starting..."}
{"level":30,"time":"2026-03-04T10:00:06.714Z","logId":1772617935454,"logger":"FeedWorker","msg":"FeedWorker starting..."}
{"level":30,"time":"2026-03-04T10:00:06.714Z","logId":1772617935454,"logger":"SurfWorker","msg":"SurfWorker starting..."}
{"level":50,"time":"2026-03-04T10:00:25.899Z","logId":1772617935454,"logger":"LoginService","row":1,"phone":"longh1248@gmail.com","proxy":"http://116.99.49.187:10002","err":"read ECONNRESET","msg":"ACCOUNT_PROCESS_ERROR"}
{"level":30,"time":"2026-03-04T10:00:25.899Z","logId":1772617935454,"logger":"LoginService","msg":"LOGIN summary: success=0 alreadyOk=0 relogin=0 fail=1"}
{"level":30,"time":"2026-03-04T10:01:34.307Z","logId":1772618494304,"logger":"LoginService","msg":"Initializing background workers..."}
{"level":30,"time":"2026-03-04T10:01:34.307Z","logId":1772618494304,"logger":"FriendWorker","msg":"FriendWorker starting..."}
{"level":30,"time":"2026-03-04T10:01:34.308Z","logId":1772618494304,"logger":"NotificationWorker","msg":"NotificationWorker starting..."}
{"level":30,"time":"2026-03-04T10:01:34.308Z","logId":1772618494304,"logger":"FeedWorker","msg":"FeedWorker starting..."}
{"level":30,"time":"2026-03-04T10:01:34.308Z","logId":1772618494304,"logger":"SurfWorker","msg":"SurfWorker starting..."}
{"level":30,"time":"2026-03-04T10:01:34.968Z","logId":1772618494304,"logger":"LoginService","msg":"LOGIN summary: success=1 alreadyOk=0 relogin=0 fail=0"}
{"level":30,"time":"2026-03-04T10:06:18.903Z","logId":1772618778899,"logger":"LoginService","msg":"Initializing background workers..."}
{"level":30,"time":"2026-03-04T10:06:18.903Z","logId":1772618778899,"logger":"FriendWorker","msg":"FriendWorker starting..."}
{"level":30,"time":"2026-03-04T10:06:18.903Z","logId":1772618778899,"logger":"NotificationWorker","msg":"NotificationWorker starting..."}
{"level":30,"time":"2026-03-04T10:06:18.903Z","logId":1772618778899,"logger":"FeedWorker","msg":"FeedWorker starting..."}
{"level":30,"time":"2026-03-04T10:06:18.904Z","logId":1772618778899,"logger":"SurfWorker","msg":"SurfWorker starting..."}
{"level":50,"time":"2026-03-04T10:06:19.123Z","logId":1772618778899,"logger":"LoginService","row":1,"phone":"longh1248@gmail.com","proxy":"http://103.84.95.54:7890","err":"read ECONNRESET","msg":"ACCOUNT_PROCESS_ERROR"}
{"level":30,"time":"2026-03-04T10:06:19.123Z","logId":1772618778899,"logger":"LoginService","msg":"LOGIN summary: success=0 alreadyOk=0 relogin=0 fail=1"}
{"level":30,"time":"2026-03-04T10:07:19.138Z","logId":1772618778899,"logger":"LoginService","msg":"Initializing background workers..."}
{"level":30,"time":"2026-03-04T10:07:19.139Z","logId":1772618778899,"logger":"FriendWorker","msg":"FriendWorker starting..."}
{"level":30,"time":"2026-03-04T10:07:19.139Z","logId":1772618778899,"logger":"NotificationWorker","msg":"NotificationWorker starting..."}
{"level":30,"time":"2026-03-04T10:07:19.139Z","logId":1772618778899,"logger":"FeedWorker","msg":"FeedWorker starting..."}
{"level":30,"time":"2026-03-04T10:07:19.139Z","logId":1772618778899,"logger":"SurfWorker","msg":"SurfWorker starting..."}
{"level":50,"time":"2026-03-04T10:07:19.458Z","logId":1772618778899,"logger":"LoginService","row":1,"phone":"longh1248@gmail.com","proxy":"http://103.84.95.54:7890","err":"Client network socket disconnected before secure TLS connection was established","msg":"ACCOUNT_PROCESS_ERROR"}
{"level":30,"time":"2026-03-04T10:07:19.458Z","logId":1772618778899,"logger":"LoginService","msg":"LOGIN summary: success=0 alreadyOk=0 relogin=0 fail=1"}
{"level":30,"time":"2026-03-04T10:08:19.141Z","logId":1772618778899,"logger":"LoginService","msg":"Initializing background workers..."}
{"level":30,"time":"2026-03-04T10:08:19.141Z","logId":1772618778899,"logger":"FriendWorker","msg":"FriendWorker starting..."}
{"level":30,"time":"2026-03-04T10:08:19.141Z","logId":1772618778899,"logger":"NotificationWorker","msg":"NotificationWorker starting..."}
{"level":30,"time":"2026-03-04T10:08:19.141Z","logId":1772618778899,"logger":"FeedWorker","msg":"FeedWorker starting..."}
{"level":30,"time":"2026-03-04T10:08:19.141Z","logId":1772618778899,"logger":"SurfWorker","msg":"SurfWorker starting..."}
{"level":50,"time":"2026-03-04T10:08:19.342Z","logId":1772618778899,"logger":"LoginService","row":1,"phone":"longh1248@gmail.com","proxy":"http://103.84.95.54:7890","err":"read ECONNRESET","msg":"ACCOUNT_PROCESS_ERROR"}
{"level":30,"time":"2026-03-04T10:08:19.342Z","logId":1772618778899,"logger":"LoginService","msg":"LOGIN summary: success=0 alreadyOk=0 relogin=0 fail=1"}
{"level":30,"time":"2026-03-04T10:09:19.142Z","logId":1772618778899,"logger":"LoginService","msg":"Initializing background workers..."}
{"level":30,"time":"2026-03-04T10:09:19.142Z","logId":1772618778899,"logger":"FriendWorker","msg":"FriendWorker starting..."}
{"level":30,"time":"2026-03-04T10:09:19.142Z","logId":1772618778899,"logger":"NotificationWorker","msg":"NotificationWorker starting..."}
{"level":30,"time":"2026-03-04T10:09:19.142Z","logId":1772618778899,"logger":"FeedWorker","msg":"FeedWorker starting..."}
{"level":30,"time":"2026-03-04T10:09:19.142Z","logId":1772618778899,"logger":"SurfWorker","msg":"SurfWorker starting..."}
{"level":30,"time":"2026-03-04T10:09:20.158Z","logId":1772618778899,"logger":"LoginService","msg":"LOGIN summary: success=1 alreadyOk=0 relogin=0 fail=0"}
{"level":30,"time":"2026-03-04T10:14:46.847Z","logId":1772619286844,"logger":"LoginService","msg":"Initializing background workers..."}
{"level":30,"time":"2026-03-04T10:14:46.847Z","logId":1772619286844,"logger":"FriendWorker","msg":"FriendWorker starting..."}
{"level":30,"time":"2026-03-04T10:14:46.848Z","logId":1772619286844,"logger":"NotificationWorker","msg":"NotificationWorker starting..."}
{"level":30,"time":"2026-03-04T10:14:46.848Z","logId":1772619286844,"logger":"FeedWorker","msg":"FeedWorker starting..."}
{"level":30,"time":"2026-03-04T10:14:46.848Z","logId":1772619286844,"logger":"SurfWorker","msg":"SurfWorker starting..."}
{"level":50,"time":"2026-03-04T10:14:47.057Z","logId":1772619286844,"logger":"LoginService","row":1,"phone":"longh1248@gmail.com","proxy":"http://103.84.95.54:7890","err":"read ECONNRESET","msg":"ACCOUNT_PROCESS_ERROR"}
{"level":30,"time":"2026-03-04T10:14:47.057Z","logId":1772619286844,"logger":"LoginService","msg":"LOGIN summary: success=0 alreadyOk=0 relogin=0 fail=1"}
{"level":30,"time":"2026-03-04T10:15:47.062Z","logId":1772619286844,"logger":"LoginService","msg":"Initializing background workers..."}
{"level":30,"time":"2026-03-04T10:15:47.062Z","logId":1772619286844,"logger":"FriendWorker","msg":"FriendWorker starting..."}
{"level":30,"time":"2026-03-04T10:15:47.062Z","logId":1772619286844,"logger":"NotificationWorker","msg":"NotificationWorker starting..."}
{"level":30,"time":"2026-03-04T10:15:47.062Z","logId":1772619286844,"logger":"FeedWorker","msg":"FeedWorker starting..."}
{"level":30,"time":"2026-03-04T10:15:47.062Z","logId":1772619286844,"logger":"SurfWorker","msg":"SurfWorker starting..."}
{"level":50,"time":"2026-03-04T10:15:48.233Z","logId":1772619286844,"logger":"LoginService","row":1,"phone":"longh1248@gmail.com","proxy":"http://103.84.95.54:7890","err":"read ECONNRESET","msg":"ACCOUNT_PROCESS_ERROR"}
{"level":30,"time":"2026-03-04T10:15:48.233Z","logId":1772619286844,"logger":"LoginService","msg":"LOGIN summary: success=0 alreadyOk=0 relogin=0 fail=1"}
{"level":30,"time":"2026-03-04T10:16:04.396Z","logId":1772619364392,"logger":"LoginService","msg":"Initializing background workers..."}
{"level":30,"time":"2026-03-04T10:16:04.396Z","logId":1772619364392,"logger":"FriendWorker","msg":"FriendWorker starting..."}
{"level":30,"time":"2026-03-04T10:16:04.397Z","logId":1772619364392,"logger":"NotificationWorker","msg":"NotificationWorker starting..."}
{"level":30,"time":"2026-03-04T10:16:04.397Z","logId":1772619364392,"logger":"FeedWorker","msg":"FeedWorker starting..."}
{"level":30,"time":"2026-03-04T10:16:04.397Z","logId":1772619364392,"logger":"SurfWorker","msg":"SurfWorker starting..."}
{"level":50,"time":"2026-03-04T10:16:05.167Z","logId":1772619364392,"logger":"LoginService","row":1,"phone":"longh1248@gmail.com","proxy":"http://103.84.95.54:7890","err":"Client network socket disconnected before secure TLS connection was established","msg":"ACCOUNT_PROCESS_ERROR"}
{"level":30,"time":"2026-03-04T10:16:05.167Z","logId":1772619364392,"logger":"LoginService","msg":"LOGIN summary: success=0 alreadyOk=0 relogin=0 fail=1"}
{"level":30,"time":"2026-03-04T10:16:47.078Z","logId":1772619286844,"logger":"LoginService","msg":"Initializing background workers..."}
{"level":30,"time":"2026-03-04T10:16:47.078Z","logId":1772619286844,"logger":"FriendWorker","msg":"FriendWorker starting..."}
{"level":30,"time":"2026-03-04T10:16:47.079Z","logId":1772619286844,"logger":"NotificationWorker","msg":"NotificationWorker starting..."}
{"level":30,"time":"2026-03-04T10:16:47.079Z","logId":1772619286844,"logger":"FeedWorker","msg":"FeedWorker starting..."}
{"level":30,"time":"2026-03-04T10:16:47.079Z","logId":1772619286844,"logger":"SurfWorker","msg":"SurfWorker starting..."}
{"level":30,"time":"2026-03-04T10:16:47.886Z","logId":1772619286844,"logger":"LoginService","msg":"LOGIN summary: success=1 alreadyOk=0 relogin=0 fail=0"}
{"level":30,"time":"2026-03-04T10:17:47.083Z","logId":1772619286844,"logger":"LoginService","msg":"Initializing background workers..."}
{"level":30,"time":"2026-03-04T10:17:47.083Z","logId":1772619286844,"logger":"FriendWorker","msg":"FriendWorker starting..."}
{"level":30,"time":"2026-03-04T10:17:47.083Z","logId":1772619286844,"logger":"NotificationWorker","msg":"NotificationWorker starting..."}
{"level":30,"time":"2026-03-04T10:17:47.083Z","logId":1772619286844,"logger":"FeedWorker","msg":"FeedWorker starting..."}
{"level":30,"time":"2026-03-04T10:17:47.083Z","logId":1772619286844,"logger":"SurfWorker","msg":"SurfWorker starting..."}
{"level":30,"time":"2026-03-04T10:17:47.763Z","logId":1772619286844,"logger":"LoginService","msg":"LOGIN summary: success=1 alreadyOk=0 relogin=0 fail=0"}
{"level":30,"time":"2026-03-04T10:17:53.826Z","logId":1772619473822,"logger":"LoginService","msg":"Initializing background workers..."}
{"level":30,"time":"2026-03-04T10:17:53.826Z","logId":1772619473822,"logger":"FriendWorker","msg":"FriendWorker starting..."}
{"level":30,"time":"2026-03-04T10:17:53.826Z","logId":1772619473822,"logger":"NotificationWorker","msg":"NotificationWorker starting..."}
{"level":30,"time":"2026-03-04T10:17:53.826Z","logId":1772619473822,"logger":"FeedWorker","msg":"FeedWorker starting..."}
{"level":30,"time":"2026-03-04T10:17:53.826Z","logId":1772619473822,"logger":"SurfWorker","msg":"SurfWorker starting..."}
{"level":30,"time":"2026-03-04T10:17:54.555Z","logId":1772619473822,"logger":"LoginService","msg":"LOGIN summary: success=1 alreadyOk=0 relogin=0 fail=0"}
{"level":30,"time":"2026-03-04T10:18:47.090Z","logId":1772619286844,"logger":"LoginService","msg":"Initializing background workers..."}
{"level":30,"time":"2026-03-04T10:18:47.091Z","logId":1772619286844,"logger":"FriendWorker","msg":"FriendWorker starting..."}
{"level":30,"time":"2026-03-04T10:18:47.091Z","logId":1772619286844,"logger":"NotificationWorker","msg":"NotificationWorker starting..."}
{"level":30,"time":"2026-03-04T10:18:47.091Z","logId":1772619286844,"logger":"FeedWorker","msg":"FeedWorker starting..."}
{"level":30,"time":"2026-03-04T10:18:47.091Z","logId":1772619286844,"logger":"SurfWorker","msg":"SurfWorker starting..."}
{"level":50,"time":"2026-03-04T10:18:47.716Z","logId":1772619286844,"logger":"LoginService","row":1,"phone":"longh1248@gmail.com","proxy":"http://103.84.95.54:7890","err":"Client network socket disconnected before secure TLS connection was established","msg":"ACCOUNT_PROCESS_ERROR"}
{"level":30,"time":"2026-03-04T10:18:47.717Z","logId":1772619286844,"logger":"LoginService","msg":"LOGIN summary: success=0 alreadyOk=0 relogin=0 fail=1"}
{"level":30,"time":"2026-03-04T10:19:47.103Z","logId":1772619286844,"logger":"LoginService","msg":"Initializing background workers..."}
{"level":30,"time":"2026-03-04T10:19:47.103Z","logId":1772619286844,"logger":"FriendWorker","msg":"FriendWorker starting..."}
{"level":30,"time":"2026-03-04T10:19:47.103Z","logId":1772619286844,"logger":"NotificationWorker","msg":"NotificationWorker starting..."}
{"level":30,"time":"2026-03-04T10:19:47.103Z","logId":1772619286844,"logger":"FeedWorker","msg":"FeedWorker starting..."}
{"level":30,"time":"2026-03-04T10:19:47.103Z","logId":1772619286844,"logger":"SurfWorker","msg":"SurfWorker starting..."}
{"level":30,"time":"2026-03-04T10:19:47.747Z","logId":1772619286844,"logger":"LoginService","msg":"LOGIN summary: success=1 alreadyOk=0 relogin=0 fail=0"}
{"level":30,"time":"2026-03-04T10:20:47.107Z","logId":1772619286844,"logger":"LoginService","msg":"Initializing background workers..."}
{"level":30,"time":"2026-03-04T10:20:47.108Z","logId":1772619286844,"logger":"FriendWorker","msg":"FriendWorker starting..."}
{"level":30,"time":"2026-03-04T10:20:47.108Z","logId":1772619286844,"logger":"NotificationWorker","msg":"NotificationWorker starting..."}
{"level":30,"time":"2026-03-04T10:20:47.108Z","logId":1772619286844,"logger":"FeedWorker","msg":"FeedWorker starting..."}
{"level":30,"time":"2026-03-04T10:20:47.108Z","logId":1772619286844,"logger":"SurfWorker","msg":"SurfWorker starting..."}
{"level":30,"time":"2026-03-04T10:20:47.754Z","logId":1772619286844,"logger":"LoginService","msg":"LOGIN summary: success=1 alreadyOk=0 relogin=0 fail=0"}
{"level":30,"time":"2026-03-04T10:21:47.110Z","logId":1772619286844,"logger":"LoginService","msg":"Initializing background workers..."}
{"level":30,"time":"2026-03-04T10:21:47.110Z","logId":1772619286844,"logger":"FriendWorker","msg":"FriendWorker starting..."}
{"level":30,"time":"2026-03-04T10:21:47.110Z","logId":1772619286844,"logger":"NotificationWorker","msg":"NotificationWorker starting..."}
{"level":30,"time":"2026-03-04T10:21:47.110Z","logId":1772619286844,"logger":"FeedWorker","msg":"FeedWorker starting..."}
{"level":30,"time":"2026-03-04T10:21:47.110Z","logId":1772619286844,"logger":"SurfWorker","msg":"SurfWorker starting..."}
{"level":50,"time":"2026-03-04T10:21:47.314Z","logId":1772619286844,"logger":"LoginService","row":1,"phone":"longh1248@gmail.com","proxy":"http://103.84.95.54:7890","err":"read ECONNRESET","msg":"ACCOUNT_PROCESS_ERROR"}
{"level":30,"time":"2026-03-04T10:21:47.314Z","logId":1772619286844,"logger":"LoginService","msg":"LOGIN summary: success=0 alreadyOk=0 relogin=0 fail=1"}
{"level":30,"time":"2026-03-04T10:25:26.744Z","logId":1772619286844,"logger":"LoginService","msg":"Initializing background workers..."}
{"level":30,"time":"2026-03-04T10:25:26.747Z","logId":1772619286844,"logger":"FriendWorker","msg":"FriendWorker starting..."}
{"level":30,"time":"2026-03-04T10:25:26.749Z","logId":1772619286844,"logger":"NotificationWorker","msg":"NotificationWorker starting..."}
{"level":30,"time":"2026-03-04T10:25:26.754Z","logId":1772619286844,"logger":"FeedWorker","msg":"FeedWorker starting..."}
{"level":30,"time":"2026-03-04T10:25:26.755Z","logId":1772619286844,"logger":"SurfWorker","msg":"SurfWorker starting..."}
{"level":50,"time":"2026-03-04T10:25:26.973Z","logId":1772619286844,"logger":"LoginService","row":1,"phone":"longh1248@gmail.com","proxy":"http://103.84.95.54:7890","err":"connect ENETUNREACH 103.84.95.54:7890","msg":"ACCOUNT_PROCESS_ERROR"}
{"level":30,"time":"2026-03-04T10:25:26.973Z","logId":1772619286844,"logger":"LoginService","msg":"LOGIN summary: success=0 alreadyOk=0 relogin=0 fail=1"}
{"level":30,"time":"2026-03-04T11:35:51.369Z","logId":1772619286844,"logger":"LoginService","msg":"Initializing background workers..."}
{"level":30,"time":"2026-03-04T11:35:51.369Z","logId":1772619286844,"logger":"FriendWorker","msg":"FriendWorker starting..."}
{"level":30,"time":"2026-03-04T11:35:51.369Z","logId":1772619286844,"logger":"NotificationWorker","msg":"NotificationWorker starting..."}
{"level":30,"time":"2026-03-04T11:35:51.370Z","logId":1772619286844,"logger":"FeedWorker","msg":"FeedWorker starting..."}
{"level":30,"time":"2026-03-04T11:35:51.370Z","logId":1772619286844,"logger":"SurfWorker","msg":"SurfWorker starting..."}
{"level":50,"time":"2026-03-04T11:35:51.455Z","logId":1772619286844,"logger":"LoginService","row":1,"phone":"longh1248@gmail.com","proxy":"http://103.84.95.54:7890","err":"connect ENETUNREACH 103.84.95.54:7890","msg":"ACCOUNT_PROCESS_ERROR"}
{"level":30,"time":"2026-03-04T11:35:51.455Z","logId":1772619286844,"logger":"LoginService","msg":"LOGIN summary: success=0 alreadyOk=0 relogin=0 fail=1"}
{"level":30,"time":"2026-03-05T01:14:02.675Z","logId":1772619286844,"logger":"LoginService","msg":"Initializing background workers..."}
{"level":30,"time":"2026-03-05T01:14:02.675Z","logId":1772619286844,"logger":"FriendWorker","msg":"FriendWorker starting..."}
{"level":30,"time":"2026-03-05T01:14:02.675Z","logId":1772619286844,"logger":"NotificationWorker","msg":"NotificationWorker starting..."}
{"level":30,"time":"2026-03-05T01:14:02.675Z","logId":1772619286844,"logger":"FeedWorker","msg":"FeedWorker starting..."}
{"level":30,"time":"2026-03-05T01:14:02.675Z","logId":1772619286844,"logger":"SurfWorker","msg":"SurfWorker starting..."}
{"level":50,"time":"2026-03-05T01:14:02.682Z","logId":1772619286844,"logger":"LoginService","row":1,"phone":"longh1248@gmail.com","proxy":"http://103.84.95.54:7890","err":"connect ENETUNREACH 103.84.95.54:7890","msg":"ACCOUNT_PROCESS_ERROR"}
{"level":30,"time":"2026-03-05T01:14:02.682Z","logId":1772619286844,"logger":"LoginService","msg":"LOGIN summary: success=0 alreadyOk=0 relogin=0 fail=1"}
{"level":30,"time":"2026-03-05T01:15:02.689Z","logId":1772619286844,"logger":"LoginService","msg":"Initializing background workers..."}
{"level":30,"time":"2026-03-05T01:15:02.689Z","logId":1772619286844,"logger":"FriendWorker","msg":"FriendWorker starting..."}
{"level":30,"time":"2026-03-05T01:15:02.689Z","logId":1772619286844,"logger":"NotificationWorker","msg":"NotificationWorker starting..."}
{"level":30,"time":"2026-03-05T01:15:02.689Z","logId":1772619286844,"logger":"FeedWorker","msg":"FeedWorker starting..."}
{"level":30,"time":"2026-03-05T01:15:02.689Z","logId":1772619286844,"logger":"SurfWorker","msg":"SurfWorker starting..."}
{"level":50,"time":"2026-03-05T01:15:04.935Z","logId":1772619286844,"logger":"LoginService","row":1,"phone":"longh1248@gmail.com","proxy":"http://103.84.95.54:7890","err":"read ECONNRESET","msg":"ACCOUNT_PROCESS_ERROR"}
{"level":30,"time":"2026-03-05T01:15:04.935Z","logId":1772619286844,"logger":"LoginService","msg":"LOGIN summary: success=0 alreadyOk=0 relogin=0 fail=1"}
{"level":30,"time":"2026-03-05T01:16:02.690Z","logId":1772619286844,"logger":"LoginService","msg":"Initializing background workers..."}
{"level":30,"time":"2026-03-05T01:16:02.690Z","logId":1772619286844,"logger":"FriendWorker","msg":"FriendWorker starting..."}
{"level":30,"time":"2026-03-05T01:16:02.690Z","logId":1772619286844,"logger":"NotificationWorker","msg":"NotificationWorker starting..."}
{"level":30,"time":"2026-03-05T01:16:02.690Z","logId":1772619286844,"logger":"FeedWorker","msg":"FeedWorker starting..."}
{"level":30,"time":"2026-03-05T01:16:02.690Z","logId":1772619286844,"logger":"SurfWorker","msg":"SurfWorker starting..."}
{"level":50,"time":"2026-03-05T01:16:02.907Z","logId":1772619286844,"logger":"LoginService","row":1,"phone":"longh1248@gmail.com","proxy":"http://103.84.95.54:7890","err":"read ECONNRESET","msg":"ACCOUNT_PROCESS_ERROR"}
{"level":30,"time":"2026-03-05T01:16:02.908Z","logId":1772619286844,"logger":"LoginService","msg":"LOGIN summary: success=0 alreadyOk=0 relogin=0 fail=1"}
{"level":30,"time":"2026-03-05T01:17:02.706Z","logId":1772619286844,"logger":"LoginService","msg":"Initializing background workers..."}
{"level":30,"time":"2026-03-05T01:17:02.706Z","logId":1772619286844,"logger":"FriendWorker","msg":"FriendWorker starting..."}
{"level":30,"time":"2026-03-05T01:17:02.706Z","logId":1772619286844,"logger":"NotificationWorker","msg":"NotificationWorker starting..."}
{"level":30,"time":"2026-03-05T01:17:02.706Z","logId":1772619286844,"logger":"FeedWorker","msg":"FeedWorker starting..."}
{"level":30,"time":"2026-03-05T01:17:02.706Z","logId":1772619286844,"logger":"SurfWorker","msg":"SurfWorker starting..."}
{"level":30,"time":"2026-03-05T01:17:03.787Z","logId":1772619286844,"logger":"LoginService","msg":"LOGIN summary: success=1 alreadyOk=0 relogin=0 fail=0"}
{"level":30,"time":"2026-03-05T01:18:02.718Z","logId":1772619286844,"logger":"LoginService","msg":"Initializing background workers..."}
{"level":30,"time":"2026-03-05T01:18:02.718Z","logId":1772619286844,"logger":"FriendWorker","msg":"FriendWorker starting..."}
{"level":30,"time":"2026-03-05T01:18:02.718Z","logId":1772619286844,"logger":"NotificationWorker","msg":"NotificationWorker starting..."}
{"level":30,"time":"2026-03-05T01:18:02.718Z","logId":1772619286844,"logger":"FeedWorker","msg":"FeedWorker starting..."}
{"level":30,"time":"2026-03-05T01:18:02.718Z","logId":1772619286844,"logger":"SurfWorker","msg":"SurfWorker starting..."}
{"level":50,"time":"2026-03-05T01:18:02.949Z","logId":1772619286844,"logger":"LoginService","row":1,"phone":"longh1248@gmail.com","proxy":"http://103.84.95.54:7890","err":"read ECONNRESET","msg":"ACCOUNT_PROCESS_ERROR"}
{"level":30,"time":"2026-03-05T01:18:02.949Z","logId":1772619286844,"logger":"LoginService","msg":"LOGIN summary: success=0 alreadyOk=0 relogin=0 fail=1"}
{"level":30,"time":"2026-03-05T01:19:02.730Z","logId":1772619286844,"logger":"LoginService","msg":"Initializing background workers..."}
{"level":30,"time":"2026-03-05T01:19:02.730Z","logId":1772619286844,"logger":"FriendWorker","msg":"FriendWorker starting..."}
{"level":30,"time":"2026-03-05T01:19:02.730Z","logId":1772619286844,"logger":"NotificationWorker","msg":"NotificationWorker starting..."}
{"level":30,"time":"2026-03-05T01:19:02.730Z","logId":1772619286844,"logger":"FeedWorker","msg":"FeedWorker starting..."}
{"level":30,"time":"2026-03-05T01:19:02.730Z","logId":1772619286844,"logger":"SurfWorker","msg":"SurfWorker starting..."}
{"level":30,"time":"2026-03-05T01:19:04.255Z","logId":1772619286844,"logger":"LoginService","msg":"LOGIN summary: success=1 alreadyOk=0 relogin=0 fail=0"}
{"level":30,"time":"2026-03-05T01:20:02.744Z","logId":1772619286844,"logger":"LoginService","msg":"Initializing background workers..."}
{"level":30,"time":"2026-03-05T01:20:02.744Z","logId":1772619286844,"logger":"FriendWorker","msg":"FriendWorker starting..."}
{"level":30,"time":"2026-03-05T01:20:02.744Z","logId":1772619286844,"logger":"NotificationWorker","msg":"NotificationWorker starting..."}
{"level":30,"time":"2026-03-05T01:20:02.744Z","logId":1772619286844,"logger":"FeedWorker","msg":"FeedWorker starting..."}
{"level":30,"time":"2026-03-05T01:20:02.744Z","logId":1772619286844,"logger":"SurfWorker","msg":"SurfWorker starting..."}
{"level":30,"time":"2026-03-05T01:20:03.774Z","logId":1772619286844,"logger":"LoginService","msg":"LOGIN summary: success=1 alreadyOk=0 relogin=0 fail=0"}
{"level":30,"time":"2026-03-05T01:21:02.747Z","logId":1772619286844,"logger":"LoginService","msg":"Initializing background workers..."}
{"level":30,"time":"2026-03-05T01:21:02.747Z","logId":1772619286844,"logger":"FriendWorker","msg":"FriendWorker starting..."}
{"level":30,"time":"2026-03-05T01:21:02.747Z","logId":1772619286844,"logger":"NotificationWorker","msg":"NotificationWorker starting..."}
{"level":30,"time":"2026-03-05T01:21:02.747Z","logId":1772619286844,"logger":"FeedWorker","msg":"FeedWorker starting..."}
{"level":30,"time":"2026-03-05T01:21:02.747Z","logId":1772619286844,"logger":"SurfWorker","msg":"SurfWorker starting..."}
{"level":50,"time":"2026-03-05T01:21:05.159Z","logId":1772619286844,"logger":"LoginService","row":1,"phone":"longh1248@gmail.com","proxy":"http://103.84.95.54:7890","err":"Client network socket disconnected before secure TLS connection was established","msg":"ACCOUNT_PROCESS_ERROR"}
{"level":30,"time":"2026-03-05T01:21:05.159Z","logId":1772619286844,"logger":"LoginService","msg":"LOGIN summary: success=0 alreadyOk=0 relogin=0 fail=1"}
{"level":30,"time":"2026-03-05T01:22:02.750Z","logId":1772619286844,"logger":"LoginService","msg":"Initializing background workers..."}
{"level":30,"time":"2026-03-05T01:22:02.750Z","logId":1772619286844,"logger":"FriendWorker","msg":"FriendWorker starting..."}
{"level":30,"time":"2026-03-05T01:22:02.750Z","logId":1772619286844,"logger":"NotificationWorker","msg":"NotificationWorker starting..."}
{"level":30,"time":"2026-03-05T01:22:02.750Z","logId":1772619286844,"logger":"FeedWorker","msg":"FeedWorker starting..."}
{"level":30,"time":"2026-03-05T01:22:02.750Z","logId":1772619286844,"logger":"SurfWorker","msg":"SurfWorker starting..."}
{"level":50,"time":"2026-03-05T01:22:03.004Z","logId":1772619286844,"logger":"LoginService","row":1,"phone":"longh1248@gmail.com","proxy":"http://103.84.95.54:7890","err":"Client network socket disconnected before secure TLS connection was established","msg":"ACCOUNT_PROCESS_ERROR"}
{"level":30,"time":"2026-03-05T01:22:03.004Z","logId":1772619286844,"logger":"LoginService","msg":"LOGIN summary: success=0 alreadyOk=0 relogin=0 fail=1"}
{"level":30,"time":"2026-03-05T01:23:02.763Z","logId":1772619286844,"logger":"LoginService","msg":"Initializing background workers..."}
{"level":30,"time":"2026-03-05T01:23:02.764Z","logId":1772619286844,"logger":"FriendWorker","msg":"FriendWorker starting..."}
{"level":30,"time":"2026-03-05T01:23:02.764Z","logId":1772619286844,"logger":"NotificationWorker","msg":"NotificationWorker starting..."}
{"level":30,"time":"2026-03-05T01:23:02.764Z","logId":1772619286844,"logger":"FeedWorker","msg":"FeedWorker starting..."}
{"level":30,"time":"2026-03-05T01:23:02.764Z","logId":1772619286844,"logger":"SurfWorker","msg":"SurfWorker starting..."}
{"level":30,"time":"2026-03-05T01:23:03.349Z","logId":1772619286844,"logger":"LoginService","msg":"LOGIN summary: success=1 alreadyOk=0 relogin=0 fail=0"}
{"level":30,"time":"2026-03-05T01:24:02.767Z","logId":1772619286844,"logger":"LoginService","msg":"Initializing background workers..."}
{"level":30,"time":"2026-03-05T01:24:02.767Z","logId":1772619286844,"logger":"FriendWorker","msg":"FriendWorker starting..."}
{"level":30,"time":"2026-03-05T01:24:02.767Z","logId":1772619286844,"logger":"NotificationWorker","msg":"NotificationWorker starting..."}
{"level":30,"time":"2026-03-05T01:24:02.767Z","logId":1772619286844,"logger":"FeedWorker","msg":"FeedWorker starting..."}
{"level":30,"time":"2026-03-05T01:24:02.767Z","logId":1772619286844,"logger":"SurfWorker","msg":"SurfWorker starting..."}
{"level":50,"time":"2026-03-05T01:24:03.005Z","logId":1772619286844,"logger":"LoginService","row":1,"phone":"longh1248@gmail.com","proxy":"http://103.84.95.54:7890","err":"read ECONNRESET","msg":"ACCOUNT_PROCESS_ERROR"}
{"level":30,"time":"2026-03-05T01:24:03.005Z","logId":1772619286844,"logger":"LoginService","msg":"LOGIN summary: success=0 alreadyOk=0 relogin=0 fail=1"}
{"level":30,"time":"2026-03-05T01:25:02.768Z","logId":1772619286844,"logger":"LoginService","msg":"Initializing background workers..."}
{"level":30,"time":"2026-03-05T01:25:02.768Z","logId":1772619286844,"logger":"FriendWorker","msg":"FriendWorker starting..."}
{"level":30,"time":"2026-03-05T01:25:02.768Z","logId":1772619286844,"logger":"NotificationWorker","msg":"NotificationWorker starting..."}
{"level":30,"time":"2026-03-05T01:25:02.768Z","logId":1772619286844,"logger":"FeedWorker","msg":"FeedWorker starting..."}
{"level":30,"time":"2026-03-05T01:25:02.768Z","logId":1772619286844,"logger":"SurfWorker","msg":"SurfWorker starting..."}
{"level":30,"time":"2026-03-05T01:25:03.325Z","logId":1772619286844,"logger":"LoginService","msg":"LOGIN summary: success=1 alreadyOk=0 relogin=0 fail=0"}
{"level":30,"time":"2026-03-05T01:26:02.793Z","logId":1772619286844,"logger":"LoginService","msg":"Initializing background workers..."}
{"level":30,"time":"2026-03-05T01:26:02.794Z","logId":1772619286844,"logger":"FriendWorker","msg":"FriendWorker starting..."}
{"level":30,"time":"2026-03-05T01:26:02.794Z","logId":1772619286844,"logger":"NotificationWorker","msg":"NotificationWorker starting..."}
{"level":30,"time":"2026-03-05T01:26:02.794Z","logId":1772619286844,"logger":"FeedWorker","msg":"FeedWorker starting..."}
{"level":30,"time":"2026-03-05T01:26:02.794Z","logId":1772619286844,"logger":"SurfWorker","msg":"SurfWorker starting..."}
{"level":50,"time":"2026-03-05T01:26:02.986Z","logId":1772619286844,"logger":"LoginService","row":1,"phone":"longh1248@gmail.com","proxy":"http://103.84.95.54:7890","err":"read ECONNRESET","msg":"ACCOUNT_PROCESS_ERROR"}
{"level":30,"time":"2026-03-05T01:26:02.986Z","logId":1772619286844,"logger":"LoginService","msg":"LOGIN summary: success=0 alreadyOk=0 relogin=0 fail=1"}
{"level":30,"time":"2026-03-05T01:27:02.794Z","logId":1772619286844,"logger":"LoginService","msg":"Initializing background workers..."}
{"level":30,"time":"2026-03-05T01:27:02.794Z","logId":1772619286844,"logger":"FriendWorker","msg":"FriendWorker starting..."}
{"level":30,"time":"2026-03-05T01:27:02.794Z","logId":1772619286844,"logger":"NotificationWorker","msg":"NotificationWorker starting..."}
{"level":30,"time":"2026-03-05T01:27:02.794Z","logId":1772619286844,"logger":"FeedWorker","msg":"FeedWorker starting..."}
{"level":30,"time":"2026-03-05T01:27:02.794Z","logId":1772619286844,"logger":"SurfWorker","msg":"SurfWorker starting..."}
{"level":30,"time":"2026-03-05T01:27:03.884Z","logId":1772619286844,"logger":"LoginService","msg":"LOGIN summary: success=1 alreadyOk=0 relogin=0 fail=0"}
{"level":30,"time":"2026-03-05T01:28:02.807Z","logId":1772619286844,"logger":"LoginService","msg":"Initializing background workers..."}
{"level":30,"time":"2026-03-05T01:28:02.807Z","logId":1772619286844,"logger":"FriendWorker","msg":"FriendWorker starting..."}
{"level":30,"time":"2026-03-05T01:28:02.807Z","logId":1772619286844,"logger":"NotificationWorker","msg":"NotificationWorker starting..."}
{"level":30,"time":"2026-03-05T01:28:02.807Z","logId":1772619286844,"logger":"FeedWorker","msg":"FeedWorker starting..."}
{"level":30,"time":"2026-03-05T01:28:02.807Z","logId":1772619286844,"logger":"SurfWorker","msg":"SurfWorker starting..."}
{"level":30,"time":"2026-03-05T01:28:03.397Z","logId":1772619286844,"logger":"LoginService","msg":"LOGIN summary: success=1 alreadyOk=0 relogin=0 fail=0"}
{"level":30,"time":"2026-03-05T01:29:02.821Z","logId":1772619286844,"logger":"LoginService","msg":"Initializing background workers..."}
{"level":30,"time":"2026-03-05T01:29:02.822Z","logId":1772619286844,"logger":"FriendWorker","msg":"FriendWorker starting..."}
{"level":30,"time":"2026-03-05T01:29:02.822Z","logId":1772619286844,"logger":"NotificationWorker","msg":"NotificationWorker starting..."}
{"level":30,"time":"2026-03-05T01:29:02.822Z","logId":1772619286844,"logger":"FeedWorker","msg":"FeedWorker starting..."}
{"level":30,"time":"2026-03-05T01:29:02.822Z","logId":1772619286844,"logger":"SurfWorker","msg":"SurfWorker starting..."}
{"level":50,"time":"2026-03-05T01:29:03.166Z","logId":1772619286844,"logger":"LoginService","row":1,"phone":"longh1248@gmail.com","proxy":"http://103.84.95.54:7890","err":"Client network socket disconnected before secure TLS connection was established","msg":"ACCOUNT_PROCESS_ERROR"}
{"level":30,"time":"2026-03-05T01:29:03.166Z","logId":1772619286844,"logger":"LoginService","msg":"LOGIN summary: success=0 alreadyOk=0 relogin=0 fail=1"}
{"level":30,"time":"2026-03-05T01:30:02.827Z","logId":1772619286844,"logger":"LoginService","msg":"Initializing background workers..."}
{"level":30,"time":"2026-03-05T01:30:02.828Z","logId":1772619286844,"logger":"FriendWorker","msg":"FriendWorker starting..."}
{"level":30,"time":"2026-03-05T01:30:02.828Z","logId":1772619286844,"logger":"NotificationWorker","msg":"NotificationWorker starting..."}
{"level":30,"time":"2026-03-05T01:30:02.828Z","logId":1772619286844,"logger":"FeedWorker","msg":"FeedWorker starting..."}
{"level":30,"time":"2026-03-05T01:30:02.828Z","logId":1772619286844,"logger":"SurfWorker","msg":"SurfWorker starting..."}
{"level":30,"time":"2026-03-05T01:30:03.409Z","logId":1772619286844,"logger":"LoginService","msg":"LOGIN summary: success=1 alreadyOk=0 relogin=0 fail=0"}
{"level":30,"time":"2026-03-05T01:31:02.830Z","logId":1772619286844,"logger":"LoginService","msg":"Initializing background workers..."}
{"level":30,"time":"2026-03-05T01:31:02.830Z","logId":1772619286844,"logger":"FriendWorker","msg":"FriendWorker starting..."}
{"level":30,"time":"2026-03-05T01:31:02.830Z","logId":1772619286844,"logger":"NotificationWorker","msg":"NotificationWorker starting..."}
{"level":30,"time":"2026-03-05T01:31:02.830Z","logId":1772619286844,"logger":"FeedWorker","msg":"FeedWorker starting..."}
{"level":30,"time":"2026-03-05T01:31:02.830Z","logId":1772619286844,"logger":"SurfWorker","msg":"SurfWorker starting..."}
{"level":50,"time":"2026-03-05T01:31:03.035Z","logId":1772619286844,"logger":"LoginService","row":1,"phone":"longh1248@gmail.com","proxy":"http://103.84.95.54:7890","err":"read ECONNRESET","msg":"ACCOUNT_PROCESS_ERROR"}
{"level":30,"time":"2026-03-05T01:31:03.035Z","logId":1772619286844,"logger":"LoginService","msg":"LOGIN summary: success=0 alreadyOk=0 relogin=0 fail=1"}
{"level":30,"time":"2026-03-05T01:32:02.838Z","logId":1772619286844,"logger":"LoginService","msg":"Initializing background workers..."}
{"level":30,"time":"2026-03-05T01:32:02.838Z","logId":1772619286844,"logger":"FriendWorker","msg":"FriendWorker starting..."}
{"level":30,"time":"2026-03-05T01:32:02.838Z","logId":1772619286844,"logger":"NotificationWorker","msg":"NotificationWorker starting..."}
{"level":30,"time":"2026-03-05T01:32:02.838Z","logId":1772619286844,"logger":"FeedWorker","msg":"FeedWorker starting..."}
{"level":30,"time":"2026-03-05T01:32:02.838Z","logId":1772619286844,"logger":"SurfWorker","msg":"SurfWorker starting..."}
{"level":50,"time":"2026-03-05T01:32:03.532Z","logId":1772619286844,"logger":"LoginService","row":1,"phone":"longh1248@gmail.com","proxy":"http://103.84.95.54:7890","err":"Client network socket disconnected before secure TLS connection was established","msg":"ACCOUNT_PROCESS_ERROR"}
{"level":30,"time":"2026-03-05T01:32:03.532Z","logId":1772619286844,"logger":"LoginService","msg":"LOGIN summary: success=0 alreadyOk=0 relogin=0 fail=1"}
{"level":30,"time":"2026-03-05T01:33:02.840Z","logId":1772619286844,"logger":"LoginService","msg":"Initializing background workers..."}
{"level":30,"time":"2026-03-05T01:33:02.840Z","logId":1772619286844,"logger":"FriendWorker","msg":"FriendWorker starting..."}
{"level":30,"time":"2026-03-05T01:33:02.840Z","logId":1772619286844,"logger":"NotificationWorker","msg":"NotificationWorker starting..."}
{"level":30,"time":"2026-03-05T01:33:02.840Z","logId":1772619286844,"logger":"FeedWorker","msg":"FeedWorker starting..."}
{"level":30,"time":"2026-03-05T01:33:02.840Z","logId":1772619286844,"logger":"SurfWorker","msg":"SurfWorker starting..."}
{"level":30,"time":"2026-03-05T01:33:03.397Z","logId":1772619286844,"logger":"LoginService","msg":"LOGIN summary: success=1 alreadyOk=0 relogin=0 fail=0"}
{"level":30,"time":"2026-03-05T01:34:02.845Z","logId":1772619286844,"logger":"LoginService","msg":"Initializing background workers..."}
{"level":30,"time":"2026-03-05T01:34:02.845Z","logId":1772619286844,"logger":"FriendWorker","msg":"FriendWorker starting..."}
{"level":30,"time":"2026-03-05T01:34:02.845Z","logId":1772619286844,"logger":"NotificationWorker","msg":"NotificationWorker starting..."}
{"level":30,"time":"2026-03-05T01:34:02.845Z","logId":1772619286844,"logger":"FeedWorker","msg":"FeedWorker starting..."}
{"level":30,"time":"2026-03-05T01:34:02.845Z","logId":1772619286844,"logger":"SurfWorker","msg":"SurfWorker starting..."}
{"level":50,"time":"2026-03-05T01:34:23.880Z","logId":1772619286844,"logger":"LoginService","row":1,"phone":"longh1248@gmail.com","proxy":"http://103.84.95.54:7890","err":"connect ETIMEDOUT 103.84.95.54:7890","msg":"ACCOUNT_PROCESS_ERROR"}
{"level":30,"time":"2026-03-05T01:34:23.880Z","logId":1772619286844,"logger":"LoginService","msg":"LOGIN summary: success=0 alreadyOk=0 relogin=0 fail=1"}
{"level":30,"time":"2026-03-05T01:35:02.849Z","logId":1772619286844,"logger":"LoginService","msg":"Initializing background workers..."}
{"level":30,"time":"2026-03-05T01:35:02.849Z","logId":1772619286844,"logger":"FriendWorker","msg":"FriendWorker starting..."}
{"level":30,"time":"2026-03-05T01:35:02.849Z","logId":1772619286844,"logger":"NotificationWorker","msg":"NotificationWorker starting..."}
{"level":30,"time":"2026-03-05T01:35:02.849Z","logId":1772619286844,"logger":"FeedWorker","msg":"FeedWorker starting..."}
{"level":30,"time":"2026-03-05T01:35:02.849Z","logId":1772619286844,"logger":"SurfWorker","msg":"SurfWorker starting..."}
{"level":50,"time":"2026-03-05T01:35:02.856Z","logId":1772619286844,"logger":"LoginService","row":1,"phone":"longh1248@gmail.com","proxy":"http://103.84.95.54:7890","err":"connect EHOSTUNREACH 103.84.95.54:7890","msg":"ACCOUNT_PROCESS_ERROR"}
{"level":30,"time":"2026-03-05T01:35:02.856Z","logId":1772619286844,"logger":"LoginService","msg":"LOGIN summary: success=0 alreadyOk=0 relogin=0 fail=1"}
{"level":30,"time":"2026-03-05T01:36:02.850Z","logId":1772619286844,"logger":"LoginService","msg":"Initializing background workers..."}
{"level":30,"time":"2026-03-05T01:36:02.850Z","logId":1772619286844,"logger":"FriendWorker","msg":"FriendWorker starting..."}
{"level":30,"time":"2026-03-05T01:36:02.850Z","logId":1772619286844,"logger":"NotificationWorker","msg":"NotificationWorker starting..."}
{"level":30,"time":"2026-03-05T01:36:02.850Z","logId":1772619286844,"logger":"FeedWorker","msg":"FeedWorker starting..."}
{"level":30,"time":"2026-03-05T01:36:02.850Z","logId":1772619286844,"logger":"SurfWorker","msg":"SurfWorker starting..."}
{"level":50,"time":"2026-03-05T01:36:02.858Z","logId":1772619286844,"logger":"LoginService","row":1,"phone":"longh1248@gmail.com","proxy":"http://103.84.95.54:7890","err":"connect EHOSTUNREACH 103.84.95.54:7890","msg":"ACCOUNT_PROCESS_ERROR"}
{"level":30,"time":"2026-03-05T01:36:02.858Z","logId":1772619286844,"logger":"LoginService","msg":"LOGIN summary: success=0 alreadyOk=0 relogin=0 fail=1"}
{"level":30,"time":"2026-03-05T01:37:02.853Z","logId":1772619286844,"logger":"LoginService","msg":"Initializing background workers..."}
{"level":30,"time":"2026-03-05T01:37:02.854Z","logId":1772619286844,"logger":"FriendWorker","msg":"FriendWorker starting..."}
{"level":30,"time":"2026-03-05T01:37:02.854Z","logId":1772619286844,"logger":"NotificationWorker","msg":"NotificationWorker starting..."}
{"level":30,"time":"2026-03-05T01:37:02.854Z","logId":1772619286844,"logger":"FeedWorker","msg":"FeedWorker starting..."}
{"level":30,"time":"2026-03-05T01:37:02.854Z","logId":1772619286844,"logger":"SurfWorker","msg":"SurfWorker starting..."}
{"level":50,"time":"2026-03-05T01:37:23.882Z","logId":1772619286844,"logger":"LoginService","row":1,"phone":"longh1248@gmail.com","proxy":"http://103.84.95.54:7890","err":"connect ETIMEDOUT 103.84.95.54:7890","msg":"ACCOUNT_PROCESS_ERROR"}
{"level":30,"time":"2026-03-05T01:37:23.882Z","logId":1772619286844,"logger":"LoginService","msg":"LOGIN summary: success=0 alreadyOk=0 relogin=0 fail=1"}
{"level":30,"time":"2026-03-05T01:38:02.865Z","logId":1772619286844,"logger":"LoginService","msg":"Initializing background workers..."}
{"level":30,"time":"2026-03-05T01:38:02.865Z","logId":1772619286844,"logger":"FriendWorker","msg":"FriendWorker starting..."}
{"level":30,"time":"2026-03-05T01:38:02.865Z","logId":1772619286844,"logger":"NotificationWorker","msg":"NotificationWorker starting..."}
{"level":30,"time":"2026-03-05T01:38:02.865Z","logId":1772619286844,"logger":"FeedWorker","msg":"FeedWorker starting..."}
{"level":30,"time":"2026-03-05T01:38:02.865Z","logId":1772619286844,"logger":"SurfWorker","msg":"SurfWorker starting..."}
{"level":30,"time":"2026-03-05T01:38:03.477Z","logId":1772619286844,"logger":"LoginService","msg":"LOGIN summary: success=1 alreadyOk=0 relogin=0 fail=0"}
{"level":30,"time":"2026-03-05T01:39:02.867Z","logId":1772619286844,"logger":"LoginService","msg":"Initializing background workers..."}
{"level":30,"time":"2026-03-05T01:39:02.867Z","logId":1772619286844,"logger":"FriendWorker","msg":"FriendWorker starting..."}
{"level":30,"time":"2026-03-05T01:39:02.867Z","logId":1772619286844,"logger":"NotificationWorker","msg":"NotificationWorker starting..."}
{"level":30,"time":"2026-03-05T01:39:02.867Z","logId":1772619286844,"logger":"FeedWorker","msg":"FeedWorker starting..."}
{"level":30,"time":"2026-03-05T01:39:02.867Z","logId":1772619286844,"logger":"SurfWorker","msg":"SurfWorker starting..."}
{"level":50,"time":"2026-03-05T01:39:03.052Z","logId":1772619286844,"logger":"LoginService","row":1,"phone":"longh1248@gmail.com","proxy":"http://103.84.95.54:7890","err":"read ECONNRESET","msg":"ACCOUNT_PROCESS_ERROR"}
{"level":30,"time":"2026-03-05T01:39:03.052Z","logId":1772619286844,"logger":"LoginService","msg":"LOGIN summary: success=0 alreadyOk=0 relogin=0 fail=1"}
{"level":30,"time":"2026-03-05T01:40:02.872Z","logId":1772619286844,"logger":"LoginService","msg":"Initializing background workers..."}
{"level":30,"time":"2026-03-05T01:40:02.872Z","logId":1772619286844,"logger":"FriendWorker","msg":"FriendWorker starting..."}
{"level":30,"time":"2026-03-05T01:40:02.872Z","logId":1772619286844,"logger":"NotificationWorker","msg":"NotificationWorker starting..."}
{"level":30,"time":"2026-03-05T01:40:02.872Z","logId":1772619286844,"logger":"FeedWorker","msg":"FeedWorker starting..."}
{"level":30,"time":"2026-03-05T01:40:02.873Z","logId":1772619286844,"logger":"SurfWorker","msg":"SurfWorker starting..."}
{"level":50,"time":"2026-03-05T01:40:03.015Z","logId":1772619286844,"logger":"LoginService","row":1,"phone":"longh1248@gmail.com","proxy":"http://103.84.95.54:7890","err":"Client network socket disconnected before secure TLS connection was established","msg":"ACCOUNT_PROCESS_ERROR"}
{"level":30,"time":"2026-03-05T01:40:03.015Z","logId":1772619286844,"logger":"LoginService","msg":"LOGIN summary: success=0 alreadyOk=0 relogin=0 fail=1"}
{"level":30,"time":"2026-03-05T01:41:02.885Z","logId":1772619286844,"logger":"LoginService","msg":"Initializing background workers..."}
{"level":30,"time":"2026-03-05T01:41:02.885Z","logId":1772619286844,"logger":"FriendWorker","msg":"FriendWorker starting..."}
{"level":30,"time":"2026-03-05T01:41:02.885Z","logId":1772619286844,"logger":"NotificationWorker","msg":"NotificationWorker starting..."}
{"level":30,"time":"2026-03-05T01:41:02.885Z","logId":1772619286844,"logger":"FeedWorker","msg":"FeedWorker starting..."}
{"level":30,"time":"2026-03-05T01:41:02.885Z","logId":1772619286844,"logger":"SurfWorker","msg":"SurfWorker starting..."}
{"level":50,"time":"2026-03-05T01:41:03.073Z","logId":1772619286844,"logger":"LoginService","row":1,"phone":"longh1248@gmail.com","proxy":"http://103.84.95.54:7890","err":"read ECONNRESET","msg":"ACCOUNT_PROCESS_ERROR"}
{"level":30,"time":"2026-03-05T01:41:03.073Z","logId":1772619286844,"logger":"LoginService","msg":"LOGIN summary: success=0 alreadyOk=0 relogin=0 fail=1"}
{"level":30,"time":"2026-03-05T01:42:02.903Z","logId":1772619286844,"logger":"LoginService","msg":"Initializing background workers..."}
{"level":30,"time":"2026-03-05T01:42:02.903Z","logId":1772619286844,"logger":"FriendWorker","msg":"FriendWorker starting..."}
{"level":30,"time":"2026-03-05T01:42:02.903Z","logId":1772619286844,"logger":"NotificationWorker","msg":"NotificationWorker starting..."}
{"level":30,"time":"2026-03-05T01:42:02.903Z","logId":1772619286844,"logger":"FeedWorker","msg":"FeedWorker starting..."}
{"level":30,"time":"2026-03-05T01:42:02.903Z","logId":1772619286844,"logger":"SurfWorker","msg":"SurfWorker starting..."}
{"level":30,"time":"2026-03-05T01:42:03.909Z","logId":1772619286844,"logger":"LoginService","msg":"LOGIN summary: success=1 alreadyOk=0 relogin=0 fail=0"}
{"level":30,"time":"2026-03-05T01:43:02.919Z","logId":1772619286844,"logger":"LoginService","msg":"Initializing background workers..."}
{"level":30,"time":"2026-03-05T01:43:02.920Z","logId":1772619286844,"logger":"FriendWorker","msg":"FriendWorker starting..."}
{"level":30,"time":"2026-03-05T01:43:02.920Z","logId":1772619286844,"logger":"NotificationWorker","msg":"NotificationWorker starting..."}
{"level":30,"time":"2026-03-05T01:43:02.920Z","logId":1772619286844,"logger":"FeedWorker","msg":"FeedWorker starting..."}
{"level":30,"time":"2026-03-05T01:43:02.920Z","logId":1772619286844,"logger":"SurfWorker","msg":"SurfWorker starting..."}
{"level":50,"time":"2026-03-05T01:43:03.160Z","logId":1772619286844,"logger":"LoginService","row":1,"phone":"longh1248@gmail.com","proxy":"http://103.84.95.54:7890","err":"Client network socket disconnected before secure TLS connection was established","msg":"ACCOUNT_PROCESS_ERROR"}
{"level":30,"time":"2026-03-05T01:43:03.161Z","logId":1772619286844,"logger":"LoginService","msg":"LOGIN summary: success=0 alreadyOk=0 relogin=0 fail=1"}
{"level":30,"time":"2026-03-05T01:44:02.920Z","logId":1772619286844,"logger":"LoginService","msg":"Initializing background workers..."}
{"level":30,"time":"2026-03-05T01:44:02.921Z","logId":1772619286844,"logger":"FriendWorker","msg":"FriendWorker starting..."}
{"level":30,"time":"2026-03-05T01:44:02.921Z","logId":1772619286844,"logger":"NotificationWorker","msg":"NotificationWorker starting..."}
{"level":30,"time":"2026-03-05T01:44:02.921Z","logId":1772619286844,"logger":"FeedWorker","msg":"FeedWorker starting..."}
{"level":30,"time":"2026-03-05T01:44:02.921Z","logId":1772619286844,"logger":"SurfWorker","msg":"SurfWorker starting..."}
{"level":30,"time":"2026-03-05T01:44:04.024Z","logId":1772619286844,"logger":"LoginService","msg":"LOGIN summary: success=1 alreadyOk=0 relogin=0 fail=0"}
{"level":30,"time":"2026-03-05T01:45:02.922Z","logId":1772619286844,"logger":"LoginService","msg":"Initializing background workers..."}
{"level":30,"time":"2026-03-05T01:45:02.922Z","logId":1772619286844,"logger":"FriendWorker","msg":"FriendWorker starting..."}
{"level":30,"time":"2026-03-05T01:45:02.922Z","logId":1772619286844,"logger":"NotificationWorker","msg":"NotificationWorker starting..."}
{"level":30,"time":"2026-03-05T01:45:02.922Z","logId":1772619286844,"logger":"FeedWorker","msg":"FeedWorker starting..."}
{"level":30,"time":"2026-03-05T01:45:02.922Z","logId":1772619286844,"logger":"SurfWorker","msg":"SurfWorker starting..."}
{"level":30,"time":"2026-03-05T01:45:03.570Z","logId":1772619286844,"logger":"LoginService","msg":"LOGIN summary: success=1 alreadyOk=0 relogin=0 fail=0"}
{"level":30,"time":"2026-03-05T01:46:02.925Z","logId":1772619286844,"logger":"LoginService","msg":"Initializing background workers..."}
{"level":30,"time":"2026-03-05T01:46:02.925Z","logId":1772619286844,"logger":"FriendWorker","msg":"FriendWorker starting..."}
{"level":30,"time":"2026-03-05T01:46:02.925Z","logId":1772619286844,"logger":"NotificationWorker","msg":"NotificationWorker starting..."}
{"level":30,"time":"2026-03-05T01:46:02.925Z","logId":1772619286844,"logger":"FeedWorker","msg":"FeedWorker starting..."}
{"level":30,"time":"2026-03-05T01:46:02.925Z","logId":1772619286844,"logger":"SurfWorker","msg":"SurfWorker starting..."}
{"level":30,"time":"2026-03-05T01:46:05.793Z","logId":1772619286844,"logger":"LoginService","msg":"LOGIN summary: success=1 alreadyOk=0 relogin=0 fail=0"}
{"level":30,"time":"2026-03-05T01:47:02.928Z","logId":1772619286844,"logger":"LoginService","msg":"Initializing background workers..."}
{"level":30,"time":"2026-03-05T01:47:02.928Z","logId":1772619286844,"logger":"FriendWorker","msg":"FriendWorker starting..."}
{"level":30,"time":"2026-03-05T01:47:02.928Z","logId":1772619286844,"logger":"NotificationWorker","msg":"NotificationWorker starting..."}
{"level":30,"time":"2026-03-05T01:47:02.928Z","logId":1772619286844,"logger":"FeedWorker","msg":"FeedWorker starting..."}
{"level":30,"time":"2026-03-05T01:47:02.928Z","logId":1772619286844,"logger":"SurfWorker","msg":"SurfWorker starting..."}
{"level":50,"time":"2026-03-05T01:47:05.534Z","logId":1772619286844,"logger":"LoginService","row":1,"phone":"longh1248@gmail.com","proxy":"http://103.84.95.54:7890","err":"Client network socket disconnected before secure TLS connection was established","msg":"ACCOUNT_PROCESS_ERROR"}
{"level":30,"time":"2026-03-05T01:47:05.535Z","logId":1772619286844,"logger":"LoginService","msg":"LOGIN summary: success=0 alreadyOk=0 relogin=0 fail=1"}
{"level":30,"time":"2026-03-05T01:48:02.936Z","logId":1772619286844,"logger":"LoginService","msg":"Initializing background workers..."}
{"level":30,"time":"2026-03-05T01:48:02.936Z","logId":1772619286844,"logger":"FriendWorker","msg":"FriendWorker starting..."}
{"level":30,"time":"2026-03-05T01:48:02.936Z","logId":1772619286844,"logger":"NotificationWorker","msg":"NotificationWorker starting..."}
{"level":30,"time":"2026-03-05T01:48:02.936Z","logId":1772619286844,"logger":"FeedWorker","msg":"FeedWorker starting..."}
{"level":30,"time":"2026-03-05T01:48:02.936Z","logId":1772619286844,"logger":"SurfWorker","msg":"SurfWorker starting..."}
{"level":30,"time":"2026-03-05T01:48:03.672Z","logId":1772619286844,"logger":"LoginService","msg":"LOGIN summary: success=1 alreadyOk=0 relogin=0 fail=0"}
{"level":30,"time":"2026-03-05T01:49:02.944Z","logId":1772619286844,"logger":"LoginService","msg":"Initializing background workers..."}
{"level":30,"time":"2026-03-05T01:49:02.944Z","logId":1772619286844,"logger":"FriendWorker","msg":"FriendWorker starting..."}
{"level":30,"time":"2026-03-05T01:49:02.944Z","logId":1772619286844,"logger":"NotificationWorker","msg":"NotificationWorker starting..."}
{"level":30,"time":"2026-03-05T01:49:02.944Z","logId":1772619286844,"logger":"FeedWorker","msg":"FeedWorker starting..."}
{"level":30,"time":"2026-03-05T01:49:02.944Z","logId":1772619286844,"logger":"SurfWorker","msg":"SurfWorker starting..."}
{"level":30,"time":"2026-03-05T01:49:10.110Z","logId":1772619286844,"logger":"LoginService","msg":"LOGIN summary: success=1 alreadyOk=0 relogin=0 fail=0"}
{"level":30,"time":"2026-03-05T01:50:02.960Z","logId":1772619286844,"logger":"LoginService","msg":"Initializing background workers..."}
{"level":30,"time":"2026-03-05T01:50:02.960Z","logId":1772619286844,"logger":"FriendWorker","msg":"FriendWorker starting..."}
{"level":30,"time":"2026-03-05T01:50:02.960Z","logId":1772619286844,"logger":"NotificationWorker","msg":"NotificationWorker starting..."}
{"level":30,"time":"2026-03-05T01:50:02.960Z","logId":1772619286844,"logger":"FeedWorker","msg":"FeedWorker starting..."}
{"level":30,"time":"2026-03-05T01:50:02.960Z","logId":1772619286844,"logger":"SurfWorker","msg":"SurfWorker starting..."}
{"level":30,"time":"2026-03-05T01:50:04.373Z","logId":1772619286844,"logger":"LoginService","msg":"LOGIN summary: success=1 alreadyOk=0 relogin=0 fail=0"}
{"level":30,"time":"2026-03-05T01:51:02.965Z","logId":1772619286844,"logger":"LoginService","msg":"Initializing background workers..."}
{"level":30,"time":"2026-03-05T01:51:02.965Z","logId":1772619286844,"logger":"FriendWorker","msg":"FriendWorker starting..."}
{"level":30,"time":"2026-03-05T01:51:02.965Z","logId":1772619286844,"logger":"NotificationWorker","msg":"NotificationWorker starting..."}
{"level":30,"time":"2026-03-05T01:51:02.965Z","logId":1772619286844,"logger":"FeedWorker","msg":"FeedWorker starting..."}
{"level":30,"time":"2026-03-05T01:51:02.965Z","logId":1772619286844,"logger":"SurfWorker","msg":"SurfWorker starting..."}
{"level":50,"time":"2026-03-05T01:51:04.541Z","logId":1772619286844,"logger":"LoginService","row":1,"phone":"longh1248@gmail.com","proxy":"http://103.84.95.54:7890","err":"Client network socket disconnected before secure TLS connection was established","msg":"ACCOUNT_PROCESS_ERROR"}
{"level":30,"time":"2026-03-05T01:51:04.541Z","logId":1772619286844,"logger":"LoginService","msg":"LOGIN summary: success=0 alreadyOk=0 relogin=0 fail=1"}
{"level":30,"time":"2026-03-05T01:52:02.980Z","logId":1772619286844,"logger":"LoginService","msg":"Initializing background workers..."}
{"level":30,"time":"2026-03-05T01:52:02.980Z","logId":1772619286844,"logger":"FriendWorker","msg":"FriendWorker starting..."}
{"level":30,"time":"2026-03-05T01:52:02.980Z","logId":1772619286844,"logger":"NotificationWorker","msg":"NotificationWorker starting..."}
{"level":30,"time":"2026-03-05T01:52:02.980Z","logId":1772619286844,"logger":"FeedWorker","msg":"FeedWorker starting..."}
{"level":30,"time":"2026-03-05T01:52:02.980Z","logId":1772619286844,"logger":"SurfWorker","msg":"SurfWorker starting..."}
{"level":50,"time":"2026-03-05T01:52:03.171Z","logId":1772619286844,"logger":"LoginService","row":1,"phone":"longh1248@gmail.com","proxy":"http://103.84.95.54:7890","err":"read ECONNRESET","msg":"ACCOUNT_PROCESS_ERROR"}
{"level":30,"time":"2026-03-05T01:52:03.171Z","logId":1772619286844,"logger":"LoginService","msg":"LOGIN summary: success=0 alreadyOk=0 relogin=0 fail=1"}
{"level":30,"time":"2026-03-05T01:53:02.983Z","logId":1772619286844,"logger":"LoginService","msg":"Initializing background workers..."}
{"level":30,"time":"2026-03-05T01:53:02.983Z","logId":1772619286844,"logger":"FriendWorker","msg":"FriendWorker starting..."}
{"level":30,"time":"2026-03-05T01:53:02.983Z","logId":1772619286844,"logger":"NotificationWorker","msg":"NotificationWorker starting..."}
{"level":30,"time":"2026-03-05T01:53:02.983Z","logId":1772619286844,"logger":"FeedWorker","msg":"FeedWorker starting..."}
{"level":30,"time":"2026-03-05T01:53:02.983Z","logId":1772619286844,"logger":"SurfWorker","msg":"SurfWorker starting..."}
{"level":30,"time":"2026-03-05T01:53:04.752Z","logId":1772619286844,"logger":"LoginService","msg":"LOGIN summary: success=1 alreadyOk=0 relogin=0 fail=0"}
{"level":30,"time":"2026-03-05T01:54:02.998Z","logId":1772619286844,"logger":"LoginService","msg":"Initializing background workers..."}
{"level":30,"time":"2026-03-05T01:54:02.998Z","logId":1772619286844,"logger":"FriendWorker","msg":"FriendWorker starting..."}
{"level":30,"time":"2026-03-05T01:54:02.998Z","logId":1772619286844,"logger":"NotificationWorker","msg":"NotificationWorker starting..."}
{"level":30,"time":"2026-03-05T01:54:02.998Z","logId":1772619286844,"logger":"FeedWorker","msg":"FeedWorker starting..."}
{"level":30,"time":"2026-03-05T01:54:02.998Z","logId":1772619286844,"logger":"SurfWorker","msg":"SurfWorker starting..."}
{"level":30,"time":"2026-03-05T01:54:03.643Z","logId":1772619286844,"logger":"LoginService","msg":"LOGIN summary: success=1 alreadyOk=0 relogin=0 fail=0"}
{"level":30,"time":"2026-03-05T01:55:02.999Z","logId":1772619286844,"logger":"LoginService","msg":"Initializing background workers..."}
{"level":30,"time":"2026-03-05T01:55:03.000Z","logId":1772619286844,"logger":"FriendWorker","msg":"FriendWorker starting..."}
{"level":30,"time":"2026-03-05T01:55:03.000Z","logId":1772619286844,"logger":"NotificationWorker","msg":"NotificationWorker starting..."}
{"level":30,"time":"2026-03-05T01:55:03.000Z","logId":1772619286844,"logger":"FeedWorker","msg":"FeedWorker starting..."}
{"level":30,"time":"2026-03-05T01:55:03.000Z","logId":1772619286844,"logger":"SurfWorker","msg":"SurfWorker starting..."}
{"level":50,"time":"2026-03-05T01:55:03.186Z","logId":1772619286844,"logger":"LoginService","row":1,"phone":"longh1248@gmail.com","proxy":"http://103.84.95.54:7890","err":"Client network socket disconnected before secure TLS connection was established","msg":"ACCOUNT_PROCESS_ERROR"}
{"level":30,"time":"2026-03-05T01:55:03.186Z","logId":1772619286844,"logger":"LoginService","msg":"LOGIN summary: success=0 alreadyOk=0 relogin=0 fail=1"}
{"level":30,"time":"2026-03-05T01:56:03.002Z","logId":1772619286844,"logger":"LoginService","msg":"Initializing background workers..."}
{"level":30,"time":"2026-03-05T01:56:03.002Z","logId":1772619286844,"logger":"FriendWorker","msg":"FriendWorker starting..."}
{"level":30,"time":"2026-03-05T01:56:03.002Z","logId":1772619286844,"logger":"NotificationWorker","msg":"NotificationWorker starting..."}
{"level":30,"time":"2026-03-05T01:56:03.002Z","logId":1772619286844,"logger":"FeedWorker","msg":"FeedWorker starting..."}
{"level":30,"time":"2026-03-05T01:56:03.002Z","logId":1772619286844,"logger":"SurfWorker","msg":"SurfWorker starting..."}
{"level":30,"time":"2026-03-05T01:56:04.724Z","logId":1772619286844,"logger":"LoginService","msg":"LOGIN summary: success=1 alreadyOk=0 relogin=0 fail=0"}
{"level":30,"time":"2026-03-05T01:57:03.010Z","logId":1772619286844,"logger":"LoginService","msg":"Initializing background workers..."}
{"level":30,"time":"2026-03-05T01:57:03.010Z","logId":1772619286844,"logger":"FriendWorker","msg":"FriendWorker starting..."}
{"level":30,"time":"2026-03-05T01:57:03.010Z","logId":1772619286844,"logger":"NotificationWorker","msg":"NotificationWorker starting..."}
{"level":30,"time":"2026-03-05T01:57:03.010Z","logId":1772619286844,"logger":"FeedWorker","msg":"FeedWorker starting..."}
{"level":30,"time":"2026-03-05T01:57:03.010Z","logId":1772619286844,"logger":"SurfWorker","msg":"SurfWorker starting..."}
{"level":30,"time":"2026-03-05T01:57:03.579Z","logId":1772619286844,"logger":"LoginService","msg":"LOGIN summary: success=1 alreadyOk=0 relogin=0 fail=0"}
{"level":30,"time":"2026-03-05T01:58:03.019Z","logId":1772619286844,"logger":"LoginService","msg":"Initializing background workers..."}
{"level":30,"time":"2026-03-05T01:58:03.019Z","logId":1772619286844,"logger":"FriendWorker","msg":"FriendWorker starting..."}
{"level":30,"time":"2026-03-05T01:58:03.019Z","logId":1772619286844,"logger":"NotificationWorker","msg":"NotificationWorker starting..."}
{"level":30,"time":"2026-03-05T01:58:03.020Z","logId":1772619286844,"logger":"FeedWorker","msg":"FeedWorker starting..."}
{"level":30,"time":"2026-03-05T01:58:03.020Z","logId":1772619286844,"logger":"SurfWorker","msg":"SurfWorker starting..."}
{"level":30,"time":"2026-03-05T01:58:03.642Z","logId":1772619286844,"logger":"LoginService","msg":"LOGIN summary: success=1 alreadyOk=0 relogin=0 fail=0"}
{"level":30,"time":"2026-03-05T01:59:03.020Z","logId":1772619286844,"logger":"LoginService","msg":"Initializing background workers..."}
{"level":30,"time":"2026-03-05T01:59:03.021Z","logId":1772619286844,"logger":"FriendWorker","msg":"FriendWorker starting..."}
{"level":30,"time":"2026-03-05T01:59:03.021Z","logId":1772619286844,"logger":"NotificationWorker","msg":"NotificationWorker starting..."}
{"level":30,"time":"2026-03-05T01:59:03.021Z","logId":1772619286844,"logger":"FeedWorker","msg":"FeedWorker starting..."}
{"level":30,"time":"2026-03-05T01:59:03.021Z","logId":1772619286844,"logger":"SurfWorker","msg":"SurfWorker starting..."}
{"level":30,"time":"2026-03-05T01:59:03.668Z","logId":1772619286844,"logger":"LoginService","msg":"LOGIN summary: success=1 alreadyOk=0 relogin=0 fail=0"}
{"level":30,"time":"2026-03-05T02:00:03.028Z","logId":1772619286844,"logger":"LoginService","msg":"Initializing background workers..."}
{"level":30,"time":"2026-03-05T02:00:03.028Z","logId":1772619286844,"logger":"FriendWorker","msg":"FriendWorker starting..."}
{"level":30,"time":"2026-03-05T02:00:03.028Z","logId":1772619286844,"logger":"NotificationWorker","msg":"NotificationWorker starting..."}
{"level":30,"time":"2026-03-05T02:00:03.028Z","logId":1772619286844,"logger":"FeedWorker","msg":"FeedWorker starting..."}
{"level":30,"time":"2026-03-05T02:00:03.028Z","logId":1772619286844,"logger":"SurfWorker","msg":"SurfWorker starting..."}
{"level":30,"time":"2026-03-05T02:00:03.575Z","logId":1772619286844,"logger":"LoginService","msg":"LOGIN summary: success=1 alreadyOk=0 relogin=0 fail=0"}
{"level":30,"time":"2026-03-05T02:01:03.039Z","logId":1772619286844,"logger":"LoginService","msg":"Initializing background workers..."}
{"level":30,"time":"2026-03-05T02:01:03.039Z","logId":1772619286844,"logger":"FriendWorker","msg":"FriendWorker starting..."}
{"level":30,"time":"2026-03-05T02:01:03.039Z","logId":1772619286844,"logger":"NotificationWorker","msg":"NotificationWorker starting..."}
{"level":30,"time":"2026-03-05T02:01:03.039Z","logId":1772619286844,"logger":"FeedWorker","msg":"FeedWorker starting..."}
{"level":30,"time":"2026-03-05T02:01:03.039Z","logId":1772619286844,"logger":"SurfWorker","msg":"SurfWorker starting..."}
{"level":30,"time":"2026-03-05T02:01:04.189Z","logId":1772619286844,"logger":"LoginService","msg":"LOGIN summary: success=1 alreadyOk=0 relogin=0 fail=0"}
{"level":30,"time":"2026-03-05T02:02:03.045Z","logId":1772619286844,"logger":"LoginService","msg":"Initializing background workers..."}
{"level":30,"time":"2026-03-05T02:02:03.045Z","logId":1772619286844,"logger":"FriendWorker","msg":"FriendWorker starting..."}
{"level":30,"time":"2026-03-05T02:02:03.045Z","logId":1772619286844,"logger":"NotificationWorker","msg":"NotificationWorker starting..."}
{"level":30,"time":"2026-03-05T02:02:03.045Z","logId":1772619286844,"logger":"FeedWorker","msg":"FeedWorker starting..."}
{"level":30,"time":"2026-03-05T02:02:03.045Z","logId":1772619286844,"logger":"SurfWorker","msg":"SurfWorker starting..."}
{"level":30,"time":"2026-03-05T02:02:05.975Z","logId":1772619286844,"logger":"LoginService","msg":"LOGIN summary: success=1 alreadyOk=0 relogin=0 fail=0"}
{"level":30,"time":"2026-03-05T02:03:03.059Z","logId":1772619286844,"logger":"LoginService","msg":"Initializing background workers..."}
{"level":30,"time":"2026-03-05T02:03:03.059Z","logId":1772619286844,"logger":"FriendWorker","msg":"FriendWorker starting..."}
{"level":30,"time":"2026-03-05T02:03:03.059Z","logId":1772619286844,"logger":"NotificationWorker","msg":"NotificationWorker starting..."}
{"level":30,"time":"2026-03-05T02:03:03.059Z","logId":1772619286844,"logger":"FeedWorker","msg":"FeedWorker starting..."}
{"level":30,"time":"2026-03-05T02:03:03.059Z","logId":1772619286844,"logger":"SurfWorker","msg":"SurfWorker starting..."}
{"level":30,"time":"2026-03-05T02:03:03.859Z","logId":1772619286844,"logger":"LoginService","msg":"LOGIN summary: success=1 alreadyOk=0 relogin=0 fail=0"}
{"level":30,"time":"2026-03-05T02:04:03.060Z","logId":1772619286844,"logger":"LoginService","msg":"Initializing background workers..."}
{"level":30,"time":"2026-03-05T02:04:03.060Z","logId":1772619286844,"logger":"FriendWorker","msg":"FriendWorker starting..."}
{"level":30,"time":"2026-03-05T02:04:03.060Z","logId":1772619286844,"logger":"NotificationWorker","msg":"NotificationWorker starting..."}
{"level":30,"time":"2026-03-05T02:04:03.060Z","logId":1772619286844,"logger":"FeedWorker","msg":"FeedWorker starting..."}
{"level":30,"time":"2026-03-05T02:04:03.060Z","logId":1772619286844,"logger":"SurfWorker","msg":"SurfWorker starting..."}
{"level":30,"time":"2026-03-05T02:04:03.625Z","logId":1772619286844,"logger":"LoginService","msg":"LOGIN summary: success=1 alreadyOk=0 relogin=0 fail=0"}
{"level":30,"time":"2026-03-05T02:05:03.062Z","logId":1772619286844,"logger":"LoginService","msg":"Initializing background workers..."}
{"level":30,"time":"2026-03-05T02:05:03.062Z","logId":1772619286844,"logger":"FriendWorker","msg":"FriendWorker starting..."}
{"level":30,"time":"2026-03-05T02:05:03.062Z","logId":1772619286844,"logger":"NotificationWorker","msg":"NotificationWorker starting..."}
{"level":30,"time":"2026-03-05T02:05:03.062Z","logId":1772619286844,"logger":"FeedWorker","msg":"FeedWorker starting..."}
{"level":30,"time":"2026-03-05T02:05:03.062Z","logId":1772619286844,"logger":"SurfWorker","msg":"SurfWorker starting..."}
{"level":50,"time":"2026-03-05T02:05:03.648Z","logId":1772619286844,"logger":"LoginService","row":1,"phone":"longh1248@gmail.com","proxy":"http://103.84.95.54:7890","err":"Client network socket disconnected before secure TLS connection was established","msg":"ACCOUNT_PROCESS_ERROR"}
{"level":30,"time":"2026-03-05T02:05:03.648Z","logId":1772619286844,"logger":"LoginService","msg":"LOGIN summary: success=0 alreadyOk=0 relogin=0 fail=1"}
{"level":30,"time":"2026-03-05T02:06:03.078Z","logId":1772619286844,"logger":"LoginService","msg":"Initializing background workers..."}
{"level":30,"time":"2026-03-05T02:06:03.078Z","logId":1772619286844,"logger":"FriendWorker","msg":"FriendWorker starting..."}
{"level":30,"time":"2026-03-05T02:06:03.078Z","logId":1772619286844,"logger":"NotificationWorker","msg":"NotificationWorker starting..."}
{"level":30,"time":"2026-03-05T02:06:03.079Z","logId":1772619286844,"logger":"FeedWorker","msg":"FeedWorker starting..."}
{"level":30,"time":"2026-03-05T02:06:03.079Z","logId":1772619286844,"logger":"SurfWorker","msg":"SurfWorker starting..."}
{"level":30,"time":"2026-03-05T02:06:05.104Z","logId":1772619286844,"logger":"LoginService","msg":"LOGIN summary: success=1 alreadyOk=0 relogin=0 fail=0"}
{"level":30,"time":"2026-03-05T02:07:03.080Z","logId":1772619286844,"logger":"LoginService","msg":"Initializing background workers..."}
{"level":30,"time":"2026-03-05T02:07:03.080Z","logId":1772619286844,"logger":"FriendWorker","msg":"FriendWorker starting..."}
{"level":30,"time":"2026-03-05T02:07:03.080Z","logId":1772619286844,"logger":"NotificationWorker","msg":"NotificationWorker starting..."}
{"level":30,"time":"2026-03-05T02:07:03.080Z","logId":1772619286844,"logger":"FeedWorker","msg":"FeedWorker starting..."}
{"level":30,"time":"2026-03-05T02:07:03.080Z","logId":1772619286844,"logger":"SurfWorker","msg":"SurfWorker starting..."}
{"level":30,"time":"2026-03-05T02:07:03.689Z","logId":1772619286844,"logger":"LoginService","msg":"LOGIN summary: success=1 alreadyOk=0 relogin=0 fail=0"}
{"level":30,"time":"2026-03-05T02:08:03.081Z","logId":1772619286844,"logger":"LoginService","msg":"Initializing background workers..."}
{"level":30,"time":"2026-03-05T02:08:03.081Z","logId":1772619286844,"logger":"FriendWorker","msg":"FriendWorker starting..."}
{"level":30,"time":"2026-03-05T02:08:03.081Z","logId":1772619286844,"logger":"NotificationWorker","msg":"NotificationWorker starting..."}
{"level":30,"time":"2026-03-05T02:08:03.081Z","logId":1772619286844,"logger":"FeedWorker","msg":"FeedWorker starting..."}
{"level":30,"time":"2026-03-05T02:08:03.081Z","logId":1772619286844,"logger":"SurfWorker","msg":"SurfWorker starting..."}
{"level":30,"time":"2026-03-05T02:08:03.971Z","logId":1772619286844,"logger":"LoginService","msg":"LOGIN summary: success=1 alreadyOk=0 relogin=0 fail=0"}
{"level":30,"time":"2026-03-05T02:09:03.084Z","logId":1772619286844,"logger":"LoginService","msg":"Initializing background workers..."}
{"level":30,"time":"2026-03-05T02:09:03.084Z","logId":1772619286844,"logger":"FriendWorker","msg":"FriendWorker starting..."}
{"level":30,"time":"2026-03-05T02:09:03.084Z","logId":1772619286844,"logger":"NotificationWorker","msg":"NotificationWorker starting..."}
{"level":30,"time":"2026-03-05T02:09:03.084Z","logId":1772619286844,"logger":"FeedWorker","msg":"FeedWorker starting..."}
{"level":30,"time":"2026-03-05T02:09:03.084Z","logId":1772619286844,"logger":"SurfWorker","msg":"SurfWorker starting..."}
{"level":30,"time":"2026-03-05T02:09:03.710Z","logId":1772619286844,"logger":"LoginService","msg":"LOGIN summary: success=1 alreadyOk=0 relogin=0 fail=0"}
{"level":30,"time":"2026-03-05T02:10:03.100Z","logId":1772619286844,"logger":"LoginService","msg":"Initializing background workers..."}
{"level":30,"time":"2026-03-05T02:10:03.100Z","logId":1772619286844,"logger":"FriendWorker","msg":"FriendWorker starting..."}
{"level":30,"time":"2026-03-05T02:10:03.100Z","logId":1772619286844,"logger":"NotificationWorker","msg":"NotificationWorker starting..."}
{"level":30,"time":"2026-03-05T02:10:03.100Z","logId":1772619286844,"logger":"FeedWorker","msg":"FeedWorker starting..."}
{"level":30,"time":"2026-03-05T02:10:03.100Z","logId":1772619286844,"logger":"SurfWorker","msg":"SurfWorker starting..."}
{"level":50,"time":"2026-03-05T02:10:04.066Z","logId":1772619286844,"logger":"LoginService","row":1,"phone":"longh1248@gmail.com","proxy":"http://103.84.95.54:7890","err":"Client network socket disconnected before secure TLS connection was established","msg":"ACCOUNT_PROCESS_ERROR"}
{"level":30,"time":"2026-03-05T02:10:04.066Z","logId":1772619286844,"logger":"LoginService","msg":"LOGIN summary: success=0 alreadyOk=0 relogin=0 fail=1"}
{"level":30,"time":"2026-03-05T02:11:03.103Z","logId":1772619286844,"logger":"LoginService","msg":"Initializing background workers..."}
{"level":30,"time":"2026-03-05T02:11:03.103Z","logId":1772619286844,"logger":"FriendWorker","msg":"FriendWorker starting..."}
{"level":30,"time":"2026-03-05T02:11:03.103Z","logId":1772619286844,"logger":"NotificationWorker","msg":"NotificationWorker starting..."}
{"level":30,"time":"2026-03-05T02:11:03.103Z","logId":1772619286844,"logger":"FeedWorker","msg":"FeedWorker starting..."}
{"level":30,"time":"2026-03-05T02:11:03.103Z","logId":1772619286844,"logger":"SurfWorker","msg":"SurfWorker starting..."}
{"level":30,"time":"2026-03-05T02:11:04.131Z","logId":1772619286844,"logger":"LoginService","msg":"LOGIN summary: success=1 alreadyOk=0 relogin=0 fail=0"}
{"level":30,"time":"2026-03-05T02:12:03.104Z","logId":1772619286844,"logger":"LoginService","msg":"Initializing background workers..."}
{"level":30,"time":"2026-03-05T02:12:03.104Z","logId":1772619286844,"logger":"FriendWorker","msg":"FriendWorker starting..."}
{"level":30,"time":"2026-03-05T02:12:03.104Z","logId":1772619286844,"logger":"NotificationWorker","msg":"NotificationWorker starting..."}
{"level":30,"time":"2026-03-05T02:12:03.104Z","logId":1772619286844,"logger":"FeedWorker","msg":"FeedWorker starting..."}
{"level":30,"time":"2026-03-05T02:12:03.104Z","logId":1772619286844,"logger":"SurfWorker","msg":"SurfWorker starting..."}
{"level":30,"time":"2026-03-05T02:12:04.704Z","logId":1772619286844,"logger":"LoginService","msg":"LOGIN summary: success=1 alreadyOk=0 relogin=0 fail=0"}
{"level":30,"time":"2026-03-05T02:13:03.106Z","logId":1772619286844,"logger":"LoginService","msg":"Initializing background workers..."}
{"level":30,"time":"2026-03-05T02:13:03.106Z","logId":1772619286844,"logger":"FriendWorker","msg":"FriendWorker starting..."}
{"level":30,"time":"2026-03-05T02:13:03.106Z","logId":1772619286844,"logger":"NotificationWorker","msg":"NotificationWorker starting..."}
{"level":30,"time":"2026-03-05T02:13:03.106Z","logId":1772619286844,"logger":"FeedWorker","msg":"FeedWorker starting..."}
{"level":30,"time":"2026-03-05T02:13:03.106Z","logId":1772619286844,"logger":"SurfWorker","msg":"SurfWorker starting..."}
{"level":50,"time":"2026-03-05T02:13:03.239Z","logId":1772619286844,"logger":"LoginService","row":1,"phone":"longh1248@gmail.com","proxy":"http://103.84.95.54:7890","err":"Client network socket disconnected before secure TLS connection was established","msg":"ACCOUNT_PROCESS_ERROR"}
{"level":30,"time":"2026-03-05T02:13:03.240Z","logId":1772619286844,"logger":"LoginService","msg":"LOGIN summary: success=0 alreadyOk=0 relogin=0 fail=1"}
{"level":30,"time":"2026-03-05T02:14:03.108Z","logId":1772619286844,"logger":"LoginService","msg":"Initializing background workers..."}
{"level":30,"time":"2026-03-05T02:14:03.108Z","logId":1772619286844,"logger":"FriendWorker","msg":"FriendWorker starting..."}
{"level":30,"time":"2026-03-05T02:14:03.108Z","logId":1772619286844,"logger":"NotificationWorker","msg":"NotificationWorker starting..."}
{"level":30,"time":"2026-03-05T02:14:03.108Z","logId":1772619286844,"logger":"FeedWorker","msg":"FeedWorker starting..."}
{"level":30,"time":"2026-03-05T02:14:03.108Z","logId":1772619286844,"logger":"SurfWorker","msg":"SurfWorker starting..."}
{"level":50,"time":"2026-03-05T02:14:03.245Z","logId":1772619286844,"logger":"LoginService","row":1,"phone":"longh1248@gmail.com","proxy":"http://103.84.95.54:7890","err":"Client network socket disconnected before secure TLS connection was established","msg":"ACCOUNT_PROCESS_ERROR"}
{"level":30,"time":"2026-03-05T02:14:03.245Z","logId":1772619286844,"logger":"LoginService","msg":"LOGIN summary: success=0 alreadyOk=0 relogin=0 fail=1"}
{"level":30,"time":"2026-03-05T02:15:03.121Z","logId":1772619286844,"logger":"LoginService","msg":"Initializing background workers..."}
{"level":30,"time":"2026-03-05T02:15:03.121Z","logId":1772619286844,"logger":"FriendWorker","msg":"FriendWorker starting..."}
{"level":30,"time":"2026-03-05T02:15:03.121Z","logId":1772619286844,"logger":"NotificationWorker","msg":"NotificationWorker starting..."}
{"level":30,"time":"2026-03-05T02:15:03.121Z","logId":1772619286844,"logger":"FeedWorker","msg":"FeedWorker starting..."}
{"level":30,"time":"2026-03-05T02:15:03.121Z","logId":1772619286844,"logger":"SurfWorker","msg":"SurfWorker starting..."}
{"level":30,"time":"2026-03-05T02:15:04.681Z","logId":1772619286844,"logger":"LoginService","msg":"LOGIN summary: success=1 alreadyOk=0 relogin=0 fail=0"}
{"level":30,"time":"2026-03-05T02:16:03.128Z","logId":1772619286844,"logger":"LoginService","msg":"Initializing background workers..."}
{"level":30,"time":"2026-03-05T02:16:03.128Z","logId":1772619286844,"logger":"FriendWorker","msg":"FriendWorker starting..."}
{"level":30,"time":"2026-03-05T02:16:03.128Z","logId":1772619286844,"logger":"NotificationWorker","msg":"NotificationWorker starting..."}
{"level":30,"time":"2026-03-05T02:16:03.128Z","logId":1772619286844,"logger":"FeedWorker","msg":"FeedWorker starting..."}
{"level":30,"time":"2026-03-05T02:16:03.128Z","logId":1772619286844,"logger":"SurfWorker","msg":"SurfWorker starting..."}
{"level":30,"time":"2026-03-05T02:16:03.664Z","logId":1772619286844,"logger":"LoginService","msg":"LOGIN summary: success=1 alreadyOk=0 relogin=0 fail=0"}
{"level":30,"time":"2026-03-05T02:17:03.129Z","logId":1772619286844,"logger":"LoginService","msg":"Initializing background workers..."}
{"level":30,"time":"2026-03-05T02:17:03.129Z","logId":1772619286844,"logger":"FriendWorker","msg":"FriendWorker starting..."}
{"level":30,"time":"2026-03-05T02:17:03.129Z","logId":1772619286844,"logger":"NotificationWorker","msg":"NotificationWorker starting..."}
{"level":30,"time":"2026-03-05T02:17:03.129Z","logId":1772619286844,"logger":"FeedWorker","msg":"FeedWorker starting..."}
{"level":30,"time":"2026-03-05T02:17:03.129Z","logId":1772619286844,"logger":"SurfWorker","msg":"SurfWorker starting..."}
{"level":30,"time":"2026-03-05T02:17:03.769Z","logId":1772619286844,"logger":"LoginService","msg":"LOGIN summary: success=1 alreadyOk=0 relogin=0 fail=0"}
{"level":30,"time":"2026-03-05T02:18:03.136Z","logId":1772619286844,"logger":"LoginService","msg":"Initializing background workers..."}
{"level":30,"time":"2026-03-05T02:18:03.136Z","logId":1772619286844,"logger":"FriendWorker","msg":"FriendWorker starting..."}
{"level":30,"time":"2026-03-05T02:18:03.136Z","logId":1772619286844,"logger":"NotificationWorker","msg":"NotificationWorker starting..."}
{"level":30,"time":"2026-03-05T02:18:03.136Z","logId":1772619286844,"logger":"FeedWorker","msg":"FeedWorker starting..."}
{"level":30,"time":"2026-03-05T02:18:03.136Z","logId":1772619286844,"logger":"SurfWorker","msg":"SurfWorker starting..."}
{"level":30,"time":"2026-03-05T02:18:04.073Z","logId":1772619286844,"logger":"LoginService","msg":"LOGIN summary: success=1 alreadyOk=0 relogin=0 fail=0"}
{"level":30,"time":"2026-03-05T02:19:03.148Z","logId":1772619286844,"logger":"LoginService","msg":"Initializing background workers..."}
{"level":30,"time":"2026-03-05T02:19:03.148Z","logId":1772619286844,"logger":"FriendWorker","msg":"FriendWorker starting..."}
{"level":30,"time":"2026-03-05T02:19:03.148Z","logId":1772619286844,"logger":"NotificationWorker","msg":"NotificationWorker starting..."}
{"level":30,"time":"2026-03-05T02:19:03.148Z","logId":1772619286844,"logger":"FeedWorker","msg":"FeedWorker starting..."}
{"level":30,"time":"2026-03-05T02:19:03.148Z","logId":1772619286844,"logger":"SurfWorker","msg":"SurfWorker starting..."}
{"level":30,"time":"2026-03-05T02:19:04.691Z","logId":1772619286844,"logger":"LoginService","msg":"LOGIN summary: success=1 alreadyOk=0 relogin=0 fail=0"}
{"level":30,"time":"2026-03-05T02:20:03.161Z","logId":1772619286844,"logger":"LoginService","msg":"Initializing background workers..."}
{"level":30,"time":"2026-03-05T02:20:03.162Z","logId":1772619286844,"logger":"FriendWorker","msg":"FriendWorker starting..."}
{"level":30,"time":"2026-03-05T02:20:03.162Z","logId":1772619286844,"logger":"NotificationWorker","msg":"NotificationWorker starting..."}
{"level":30,"time":"2026-03-05T02:20:03.162Z","logId":1772619286844,"logger":"FeedWorker","msg":"FeedWorker starting..."}
{"level":30,"time":"2026-03-05T02:20:03.162Z","logId":1772619286844,"logger":"SurfWorker","msg":"SurfWorker starting..."}
{"level":30,"time":"2026-03-05T02:20:03.768Z","logId":1772619286844,"logger":"LoginService","msg":"LOGIN summary: success=1 alreadyOk=0 relogin=0 fail=0"}
{"level":30,"time":"2026-03-05T02:21:03.167Z","logId":1772619286844,"logger":"LoginService","msg":"Initializing background workers..."}
{"level":30,"time":"2026-03-05T02:21:03.167Z","logId":1772619286844,"logger":"FriendWorker","msg":"FriendWorker starting..."}
{"level":30,"time":"2026-03-05T02:21:03.167Z","logId":1772619286844,"logger":"NotificationWorker","msg":"NotificationWorker starting..."}
{"level":30,"time":"2026-03-05T02:21:03.167Z","logId":1772619286844,"logger":"FeedWorker","msg":"FeedWorker starting..."}
{"level":30,"time":"2026-03-05T02:21:03.167Z","logId":1772619286844,"logger":"SurfWorker","msg":"SurfWorker starting..."}
{"level":50,"time":"2026-03-05T02:21:03.634Z","logId":1772619286844,"logger":"LoginService","row":1,"phone":"longh1248@gmail.com","proxy":"http://103.84.95.54:7890","err":"Client network socket disconnected before secure TLS connection was established","msg":"ACCOUNT_PROCESS_ERROR"}
{"level":30,"time":"2026-03-05T02:21:03.634Z","logId":1772619286844,"logger":"LoginService","msg":"LOGIN summary: success=0 alreadyOk=0 relogin=0 fail=1"}
{"level":30,"time":"2026-03-05T02:22:03.171Z","logId":1772619286844,"logger":"LoginService","msg":"Initializing background workers..."}
{"level":30,"time":"2026-03-05T02:22:03.171Z","logId":1772619286844,"logger":"FriendWorker","msg":"FriendWorker starting..."}
{"level":30,"time":"2026-03-05T02:22:03.171Z","logId":1772619286844,"logger":"NotificationWorker","msg":"NotificationWorker starting..."}
{"level":30,"time":"2026-03-05T02:22:03.171Z","logId":1772619286844,"logger":"FeedWorker","msg":"FeedWorker starting..."}
{"level":30,"time":"2026-03-05T02:22:03.171Z","logId":1772619286844,"logger":"SurfWorker","msg":"SurfWorker starting..."}
{"level":30,"time":"2026-03-05T02:22:03.883Z","logId":1772619286844,"logger":"LoginService","msg":"LOGIN summary: success=1 alreadyOk=0 relogin=0 fail=0"}
{"level":30,"time":"2026-03-05T02:23:03.179Z","logId":1772619286844,"logger":"LoginService","msg":"Initializing background workers..."}
{"level":30,"time":"2026-03-05T02:23:03.179Z","logId":1772619286844,"logger":"FriendWorker","msg":"FriendWorker starting..."}
{"level":30,"time":"2026-03-05T02:23:03.179Z","logId":1772619286844,"logger":"NotificationWorker","msg":"NotificationWorker starting..."}
{"level":30,"time":"2026-03-05T02:23:03.180Z","logId":1772619286844,"logger":"FeedWorker","msg":"FeedWorker starting..."}
{"level":30,"time":"2026-03-05T02:23:03.180Z","logId":1772619286844,"logger":"SurfWorker","msg":"SurfWorker starting..."}
{"level":50,"time":"2026-03-05T02:23:04.010Z","logId":1772619286844,"logger":"LoginService","row":1,"phone":"longh1248@gmail.com","proxy":"http://103.84.95.54:7890","err":"Client network socket disconnected before secure TLS connection was established","msg":"ACCOUNT_PROCESS_ERROR"}
{"level":30,"time":"2026-03-05T02:23:04.010Z","logId":1772619286844,"logger":"LoginService","msg":"LOGIN summary: success=0 alreadyOk=0 relogin=0 fail=1"}
{"level":30,"time":"2026-03-05T02:24:03.182Z","logId":1772619286844,"logger":"LoginService","msg":"Initializing background workers..."}
{"level":30,"time":"2026-03-05T02:24:03.182Z","logId":1772619286844,"logger":"FriendWorker","msg":"FriendWorker starting..."}
{"level":30,"time":"2026-03-05T02:24:03.182Z","logId":1772619286844,"logger":"NotificationWorker","msg":"NotificationWorker starting..."}
{"level":30,"time":"2026-03-05T02:24:03.182Z","logId":1772619286844,"logger":"FeedWorker","msg":"FeedWorker starting..."}
{"level":30,"time":"2026-03-05T02:24:03.182Z","logId":1772619286844,"logger":"SurfWorker","msg":"SurfWorker starting..."}
{"level":30,"time":"2026-03-05T02:24:03.767Z","logId":1772619286844,"logger":"LoginService","msg":"LOGIN summary: success=1 alreadyOk=0 relogin=0 fail=0"}
{"level":30,"time":"2026-03-05T02:25:03.193Z","logId":1772619286844,"logger":"LoginService","msg":"Initializing background workers..."}
{"level":30,"time":"2026-03-05T02:25:03.194Z","logId":1772619286844,"logger":"FriendWorker","msg":"FriendWorker starting..."}
{"level":30,"time":"2026-03-05T02:25:03.194Z","logId":1772619286844,"logger":"NotificationWorker","msg":"NotificationWorker starting..."}
{"level":30,"time":"2026-03-05T02:25:03.194Z","logId":1772619286844,"logger":"FeedWorker","msg":"FeedWorker starting..."}
{"level":30,"time":"2026-03-05T02:25:03.194Z","logId":1772619286844,"logger":"SurfWorker","msg":"SurfWorker starting..."}
{"level":30,"time":"2026-03-05T02:25:03.919Z","logId":1772619286844,"logger":"LoginService","msg":"LOGIN summary: success=1 alreadyOk=0 relogin=0 fail=0"}
{"level":30,"time":"2026-03-05T02:26:03.202Z","logId":1772619286844,"logger":"LoginService","msg":"Initializing background workers..."}
{"level":30,"time":"2026-03-05T02:26:03.202Z","logId":1772619286844,"logger":"FriendWorker","msg":"FriendWorker starting..."}
{"level":30,"time":"2026-03-05T02:26:03.202Z","logId":1772619286844,"logger":"NotificationWorker","msg":"NotificationWorker starting..."}
{"level":30,"time":"2026-03-05T02:26:03.202Z","logId":1772619286844,"logger":"FeedWorker","msg":"FeedWorker starting..."}
{"level":30,"time":"2026-03-05T02:26:03.202Z","logId":1772619286844,"logger":"SurfWorker","msg":"SurfWorker starting..."}
{"level":30,"time":"2026-03-05T02:26:03.801Z","logId":1772619286844,"logger":"LoginService","msg":"LOGIN summary: success=1 alreadyOk=0 relogin=0 fail=0"}
{"level":30,"time":"2026-03-05T02:27:03.207Z","logId":1772619286844,"logger":"LoginService","msg":"Initializing background workers..."}
{"level":30,"time":"2026-03-05T02:27:03.207Z","logId":1772619286844,"logger":"FriendWorker","msg":"FriendWorker starting..."}
{"level":30,"time":"2026-03-05T02:27:03.207Z","logId":1772619286844,"logger":"NotificationWorker","msg":"NotificationWorker starting..."}
{"level":30,"time":"2026-03-05T02:27:03.207Z","logId":1772619286844,"logger":"FeedWorker","msg":"FeedWorker starting..."}
{"level":30,"time":"2026-03-05T02:27:03.207Z","logId":1772619286844,"logger":"SurfWorker","msg":"SurfWorker starting..."}
{"level":50,"time":"2026-03-05T02:27:03.631Z","logId":1772619286844,"logger":"LoginService","row":1,"phone":"longh1248@gmail.com","proxy":"http://103.84.95.54:7890","err":"Client network socket disconnected before secure TLS connection was established","msg":"ACCOUNT_PROCESS_ERROR"}
{"level":30,"time":"2026-03-05T02:27:03.632Z","logId":1772619286844,"logger":"LoginService","msg":"LOGIN summary: success=0 alreadyOk=0 relogin=0 fail=1"}
{"level":30,"time":"2026-03-05T02:28:03.213Z","logId":1772619286844,"logger":"LoginService","msg":"Initializing background workers..."}
{"level":30,"time":"2026-03-05T02:28:03.213Z","logId":1772619286844,"logger":"FriendWorker","msg":"FriendWorker starting..."}
{"level":30,"time":"2026-03-05T02:28:03.213Z","logId":1772619286844,"logger":"NotificationWorker","msg":"NotificationWorker starting..."}
{"level":30,"time":"2026-03-05T02:28:03.213Z","logId":1772619286844,"logger":"FeedWorker","msg":"FeedWorker starting..."}
{"level":30,"time":"2026-03-05T02:28:03.213Z","logId":1772619286844,"logger":"SurfWorker","msg":"SurfWorker starting..."}
{"level":30,"time":"2026-03-05T02:28:05.112Z","logId":1772619286844,"logger":"LoginService","msg":"LOGIN summary: success=1 alreadyOk=0 relogin=0 fail=0"}
{"level":30,"time":"2026-03-05T02:29:03.228Z","logId":1772619286844,"logger":"LoginService","msg":"Initializing background workers..."}
{"level":30,"time":"2026-03-05T02:29:03.228Z","logId":1772619286844,"logger":"FriendWorker","msg":"FriendWorker starting..."}
{"level":30,"time":"2026-03-05T02:29:03.228Z","logId":1772619286844,"logger":"NotificationWorker","msg":"NotificationWorker starting..."}
{"level":30,"time":"2026-03-05T02:29:03.228Z","logId":1772619286844,"logger":"FeedWorker","msg":"FeedWorker starting..."}
{"level":30,"time":"2026-03-05T02:29:03.228Z","logId":1772619286844,"logger":"SurfWorker","msg":"SurfWorker starting..."}
{"level":30,"time":"2026-03-05T02:29:04.380Z","logId":1772619286844,"logger":"LoginService","msg":"LOGIN summary: success=1 alreadyOk=0 relogin=0 fail=0"}
{"level":30,"time":"2026-03-05T02:30:03.236Z","logId":1772619286844,"logger":"LoginService","msg":"Initializing background workers..."}
{"level":30,"time":"2026-03-05T02:30:03.237Z","logId":1772619286844,"logger":"FriendWorker","msg":"FriendWorker starting..."}
{"level":30,"time":"2026-03-05T02:30:03.237Z","logId":1772619286844,"logger":"NotificationWorker","msg":"NotificationWorker starting..."}
{"level":30,"time":"2026-03-05T02:30:03.237Z","logId":1772619286844,"logger":"FeedWorker","msg":"FeedWorker starting..."}
{"level":30,"time":"2026-03-05T02:30:03.237Z","logId":1772619286844,"logger":"SurfWorker","msg":"SurfWorker starting..."}
{"level":30,"time":"2026-03-05T02:30:03.917Z","logId":1772619286844,"logger":"LoginService","msg":"LOGIN summary: success=1 alreadyOk=0 relogin=0 fail=0"}
{"level":30,"time":"2026-03-05T02:31:03.242Z","logId":1772619286844,"logger":"LoginService","msg":"Initializing background workers..."}
{"level":30,"time":"2026-03-05T02:31:03.242Z","logId":1772619286844,"logger":"FriendWorker","msg":"FriendWorker starting..."}
{"level":30,"time":"2026-03-05T02:31:03.242Z","logId":1772619286844,"logger":"NotificationWorker","msg":"NotificationWorker starting..."}
{"level":30,"time":"2026-03-05T02:31:03.242Z","logId":1772619286844,"logger":"FeedWorker","msg":"FeedWorker starting..."}
{"level":30,"time":"2026-03-05T02:31:03.242Z","logId":1772619286844,"logger":"SurfWorker","msg":"SurfWorker starting..."}
{"level":30,"time":"2026-03-05T02:31:04.511Z","logId":1772619286844,"logger":"LoginService","msg":"LOGIN summary: success=1 alreadyOk=0 relogin=0 fail=0"}
{"level":30,"time":"2026-03-05T02:32:03.245Z","logId":1772619286844,"logger":"LoginService","msg":"Initializing background workers..."}
{"level":30,"time":"2026-03-05T02:32:03.245Z","logId":1772619286844,"logger":"FriendWorker","msg":"FriendWorker starting..."}
{"level":30,"time":"2026-03-05T02:32:03.245Z","logId":1772619286844,"logger":"NotificationWorker","msg":"NotificationWorker starting..."}
{"level":30,"time":"2026-03-05T02:32:03.245Z","logId":1772619286844,"logger":"FeedWorker","msg":"FeedWorker starting..."}
{"level":30,"time":"2026-03-05T02:32:03.245Z","logId":1772619286844,"logger":"SurfWorker","msg":"SurfWorker starting..."}
{"level":30,"time":"2026-03-05T02:32:03.914Z","logId":1772619286844,"logger":"LoginService","msg":"LOGIN summary: success=1 alreadyOk=0 relogin=0 fail=0"}
{"level":30,"time":"2026-03-05T02:33:03.247Z","logId":1772619286844,"logger":"LoginService","msg":"Initializing background workers..."}
{"level":30,"time":"2026-03-05T02:33:03.247Z","logId":1772619286844,"logger":"FriendWorker","msg":"FriendWorker starting..."}
{"level":30,"time":"2026-03-05T02:33:03.247Z","logId":1772619286844,"logger":"NotificationWorker","msg":"NotificationWorker starting..."}
{"level":30,"time":"2026-03-05T02:33:03.247Z","logId":1772619286844,"logger":"FeedWorker","msg":"FeedWorker starting..."}
{"level":30,"time":"2026-03-05T02:33:03.247Z","logId":1772619286844,"logger":"SurfWorker","msg":"SurfWorker starting..."}
{"level":30,"time":"2026-03-05T02:33:05.275Z","logId":1772619286844,"logger":"LoginService","msg":"LOGIN summary: success=1 alreadyOk=0 relogin=0 fail=0"}
{"level":30,"time":"2026-03-05T02:34:03.258Z","logId":1772619286844,"logger":"LoginService","msg":"Initializing background workers..."}
{"level":30,"time":"2026-03-05T02:34:03.258Z","logId":1772619286844,"logger":"FriendWorker","msg":"FriendWorker starting..."}
{"level":30,"time":"2026-03-05T02:34:03.258Z","logId":1772619286844,"logger":"NotificationWorker","msg":"NotificationWorker starting..."}
{"level":30,"time":"2026-03-05T02:34:03.258Z","logId":1772619286844,"logger":"FeedWorker","msg":"FeedWorker starting..."}
{"level":30,"time":"2026-03-05T02:34:03.258Z","logId":1772619286844,"logger":"SurfWorker","msg":"SurfWorker starting..."}
{"level":50,"time":"2026-03-05T02:34:04.750Z","logId":1772619286844,"logger":"LoginService","row":1,"phone":"longh1248@gmail.com","proxy":"http://103.84.95.54:7890","err":"Client network socket disconnected before secure TLS connection was established","msg":"ACCOUNT_PROCESS_ERROR"}
{"level":30,"time":"2026-03-05T02:34:04.750Z","logId":1772619286844,"logger":"LoginService","msg":"LOGIN summary: success=0 alreadyOk=0 relogin=0 fail=1"}
{"level":30,"time":"2026-03-05T02:35:03.264Z","logId":1772619286844,"logger":"LoginService","msg":"Initializing background workers..."}
{"level":30,"time":"2026-03-05T02:35:03.264Z","logId":1772619286844,"logger":"FriendWorker","msg":"FriendWorker starting..."}
{"level":30,"time":"2026-03-05T02:35:03.264Z","logId":1772619286844,"logger":"NotificationWorker","msg":"NotificationWorker starting..."}
{"level":30,"time":"2026-03-05T02:35:03.264Z","logId":1772619286844,"logger":"FeedWorker","msg":"FeedWorker starting..."}
{"level":30,"time":"2026-03-05T02:35:03.264Z","logId":1772619286844,"logger":"SurfWorker","msg":"SurfWorker starting..."}
{"level":50,"time":"2026-03-05T02:35:04.658Z","logId":1772619286844,"logger":"LoginService","row":1,"phone":"longh1248@gmail.com","proxy":"http://103.84.95.54:7890","err":"read ECONNRESET","msg":"ACCOUNT_PROCESS_ERROR"}
{"level":30,"time":"2026-03-05T02:35:04.658Z","logId":1772619286844,"logger":"LoginService","msg":"LOGIN summary: success=0 alreadyOk=0 relogin=0 fail=1"}
{"level":30,"time":"2026-03-05T02:36:03.266Z","logId":1772619286844,"logger":"LoginService","msg":"Initializing background workers..."}
{"level":30,"time":"2026-03-05T02:36:03.266Z","logId":1772619286844,"logger":"FriendWorker","msg":"FriendWorker starting..."}
{"level":30,"time":"2026-03-05T02:36:03.266Z","logId":1772619286844,"logger":"NotificationWorker","msg":"NotificationWorker starting..."}
{"level":30,"time":"2026-03-05T02:36:03.266Z","logId":1772619286844,"logger":"FeedWorker","msg":"FeedWorker starting..."}
{"level":30,"time":"2026-03-05T02:36:03.266Z","logId":1772619286844,"logger":"SurfWorker","msg":"SurfWorker starting..."}
{"level":30,"time":"2026-03-05T02:36:04.735Z","logId":1772619286844,"logger":"LoginService","msg":"LOGIN summary: success=1 alreadyOk=0 relogin=0 fail=0"}
{"level":30,"time":"2026-03-05T02:37:03.280Z","logId":1772619286844,"logger":"LoginService","msg":"Initializing background workers..."}
{"level":30,"time":"2026-03-05T02:37:03.280Z","logId":1772619286844,"logger":"FriendWorker","msg":"FriendWorker starting..."}
{"level":30,"time":"2026-03-05T02:37:03.280Z","logId":1772619286844,"logger":"NotificationWorker","msg":"NotificationWorker starting..."}
{"level":30,"time":"2026-03-05T02:37:03.280Z","logId":1772619286844,"logger":"FeedWorker","msg":"FeedWorker starting..."}
{"level":30,"time":"2026-03-05T02:37:03.280Z","logId":1772619286844,"logger":"SurfWorker","msg":"SurfWorker starting..."}
{"level":50,"time":"2026-03-05T02:37:05.691Z","logId":1772619286844,"logger":"LoginService","row":1,"phone":"longh1248@gmail.com","proxy":"http://103.84.95.54:7890","err":"Client network socket disconnected before secure TLS connection was established","msg":"ACCOUNT_PROCESS_ERROR"}
{"level":30,"time":"2026-03-05T02:37:05.691Z","logId":1772619286844,"logger":"LoginService","msg":"LOGIN summary: success=0 alreadyOk=0 relogin=0 fail=1"}
{"level":30,"time":"2026-03-05T02:38:03.282Z","logId":1772619286844,"logger":"LoginService","msg":"Initializing background workers..."}
{"level":30,"time":"2026-03-05T02:38:03.282Z","logId":1772619286844,"logger":"FriendWorker","msg":"FriendWorker starting..."}
{"level":30,"time":"2026-03-05T02:38:03.282Z","logId":1772619286844,"logger":"NotificationWorker","msg":"NotificationWorker starting..."}
{"level":30,"time":"2026-03-05T02:38:03.282Z","logId":1772619286844,"logger":"FeedWorker","msg":"FeedWorker starting..."}
{"level":30,"time":"2026-03-05T02:38:03.282Z","logId":1772619286844,"logger":"SurfWorker","msg":"SurfWorker starting..."}
{"level":50,"time":"2026-03-05T02:38:03.727Z","logId":1772619286844,"logger":"LoginService","row":1,"phone":"longh1248@gmail.com","proxy":"http://103.84.95.54:7890","err":"Client network socket disconnected before secure TLS connection was established","msg":"ACCOUNT_PROCESS_ERROR"}
{"level":30,"time":"2026-03-05T02:38:03.727Z","logId":1772619286844,"logger":"LoginService","msg":"LOGIN summary: success=0 alreadyOk=0 relogin=0 fail=1"}
{"level":30,"time":"2026-03-05T02:39:03.296Z","logId":1772619286844,"logger":"LoginService","msg":"Initializing background workers..."}
{"level":30,"time":"2026-03-05T02:39:03.296Z","logId":1772619286844,"logger":"FriendWorker","msg":"FriendWorker starting..."}
{"level":30,"time":"2026-03-05T02:39:03.296Z","logId":1772619286844,"logger":"NotificationWorker","msg":"NotificationWorker starting..."}
{"level":30,"time":"2026-03-05T02:39:03.296Z","logId":1772619286844,"logger":"FeedWorker","msg":"FeedWorker starting..."}
{"level":30,"time":"2026-03-05T02:39:03.296Z","logId":1772619286844,"logger":"SurfWorker","msg":"SurfWorker starting..."}
{"level":50,"time":"2026-03-05T02:39:04.137Z","logId":1772619286844,"logger":"LoginService","row":1,"phone":"longh1248@gmail.com","proxy":"http://103.84.95.54:7890","err":"read ECONNRESET","msg":"ACCOUNT_PROCESS_ERROR"}
{"level":30,"time":"2026-03-05T02:39:04.138Z","logId":1772619286844,"logger":"LoginService","msg":"LOGIN summary: success=0 alreadyOk=0 relogin=0 fail=1"}
{"level":30,"time":"2026-03-05T02:40:03.308Z","logId":1772619286844,"logger":"LoginService","msg":"Initializing background workers..."}
{"level":30,"time":"2026-03-05T02:40:03.308Z","logId":1772619286844,"logger":"FriendWorker","msg":"FriendWorker starting..."}
{"level":30,"time":"2026-03-05T02:40:03.308Z","logId":1772619286844,"logger":"NotificationWorker","msg":"NotificationWorker starting..."}
{"level":30,"time":"2026-03-05T02:40:03.308Z","logId":1772619286844,"logger":"FeedWorker","msg":"FeedWorker starting..."}
{"level":30,"time":"2026-03-05T02:40:03.308Z","logId":1772619286844,"logger":"SurfWorker","msg":"SurfWorker starting..."}
{"level":30,"time":"2026-03-05T02:40:06.806Z","logId":1772619286844,"logger":"LoginService","msg":"LOGIN summary: success=1 alreadyOk=0 relogin=0 fail=0"}
{"level":30,"time":"2026-03-05T02:41:03.318Z","logId":1772619286844,"logger":"LoginService","msg":"Initializing background workers..."}
{"level":30,"time":"2026-03-05T02:41:03.318Z","logId":1772619286844,"logger":"FriendWorker","msg":"FriendWorker starting..."}
{"level":30,"time":"2026-03-05T02:41:03.318Z","logId":1772619286844,"logger":"NotificationWorker","msg":"NotificationWorker starting..."}
{"level":30,"time":"2026-03-05T02:41:03.318Z","logId":1772619286844,"logger":"FeedWorker","msg":"FeedWorker starting..."}
{"level":30,"time":"2026-03-05T02:41:03.318Z","logId":1772619286844,"logger":"SurfWorker","msg":"SurfWorker starting..."}
{"level":50,"time":"2026-03-05T02:41:03.994Z","logId":1772619286844,"logger":"LoginService","row":1,"phone":"longh1248@gmail.com","proxy":"http://103.84.95.54:7890","err":"Client network socket disconnected before secure TLS connection was established","msg":"ACCOUNT_PROCESS_ERROR"}
{"level":30,"time":"2026-03-05T02:41:03.995Z","logId":1772619286844,"logger":"LoginService","msg":"LOGIN summary: success=0 alreadyOk=0 relogin=0 fail=1"}
{"level":30,"time":"2026-03-05T02:42:03.333Z","logId":1772619286844,"logger":"LoginService","msg":"Initializing background workers..."}
{"level":30,"time":"2026-03-05T02:42:03.334Z","logId":1772619286844,"logger":"FriendWorker","msg":"FriendWorker starting..."}
{"level":30,"time":"2026-03-05T02:42:03.334Z","logId":1772619286844,"logger":"NotificationWorker","msg":"NotificationWorker starting..."}
{"level":30,"time":"2026-03-05T02:42:03.334Z","logId":1772619286844,"logger":"FeedWorker","msg":"FeedWorker starting..."}
{"level":30,"time":"2026-03-05T02:42:03.334Z","logId":1772619286844,"logger":"SurfWorker","msg":"SurfWorker starting..."}
{"level":50,"time":"2026-03-05T02:42:03.525Z","logId":1772619286844,"logger":"LoginService","row":1,"phone":"longh1248@gmail.com","proxy":"http://103.84.95.54:7890","err":"Client network socket disconnected before secure TLS connection was established","msg":"ACCOUNT_PROCESS_ERROR"}
{"level":30,"time":"2026-03-05T02:42:03.525Z","logId":1772619286844,"logger":"LoginService","msg":"LOGIN summary: success=0 alreadyOk=0 relogin=0 fail=1"}
{"level":30,"time":"2026-03-05T02:43:03.338Z","logId":1772619286844,"logger":"LoginService","msg":"Initializing background workers..."}
{"level":30,"time":"2026-03-05T02:43:03.338Z","logId":1772619286844,"logger":"FriendWorker","msg":"FriendWorker starting..."}
{"level":30,"time":"2026-03-05T02:43:03.338Z","logId":1772619286844,"logger":"NotificationWorker","msg":"NotificationWorker starting..."}
{"level":30,"time":"2026-03-05T02:43:03.338Z","logId":1772619286844,"logger":"FeedWorker","msg":"FeedWorker starting..."}
{"level":30,"time":"2026-03-05T02:43:03.338Z","logId":1772619286844,"logger":"SurfWorker","msg":"SurfWorker starting..."}
{"level":50,"time":"2026-03-05T02:43:03.539Z","logId":1772619286844,"logger":"LoginService","row":1,"phone":"longh1248@gmail.com","proxy":"http://103.84.95.54:7890","err":"read ECONNRESET","msg":"ACCOUNT_PROCESS_ERROR"}
{"level":30,"time":"2026-03-05T02:43:03.540Z","logId":1772619286844,"logger":"LoginService","msg":"LOGIN summary: success=0 alreadyOk=0 relogin=0 fail=1"}
{"level":30,"time":"2026-03-05T02:44:03.342Z","logId":1772619286844,"logger":"LoginService","msg":"Initializing background workers..."}
{"level":30,"time":"2026-03-05T02:44:03.342Z","logId":1772619286844,"logger":"FriendWorker","msg":"FriendWorker starting..."}
{"level":30,"time":"2026-03-05T02:44:03.342Z","logId":1772619286844,"logger":"NotificationWorker","msg":"NotificationWorker starting..."}
{"level":30,"time":"2026-03-05T02:44:03.342Z","logId":1772619286844,"logger":"FeedWorker","msg":"FeedWorker starting..."}
{"level":30,"time":"2026-03-05T02:44:03.343Z","logId":1772619286844,"logger":"SurfWorker","msg":"SurfWorker starting..."}
{"level":50,"time":"2026-03-05T02:44:03.564Z","logId":1772619286844,"logger":"LoginService","row":1,"phone":"longh1248@gmail.com","proxy":"http://103.84.95.54:7890","err":"read ECONNRESET","msg":"ACCOUNT_PROCESS_ERROR"}
{"level":30,"time":"2026-03-05T02:44:03.564Z","logId":1772619286844,"logger":"LoginService","msg":"LOGIN summary: success=0 alreadyOk=0 relogin=0 fail=1"}
{"level":30,"time":"2026-03-05T02:45:03.344Z","logId":1772619286844,"logger":"LoginService","msg":"Initializing background workers..."}
{"level":30,"time":"2026-03-05T02:45:03.344Z","logId":1772619286844,"logger":"FriendWorker","msg":"FriendWorker starting..."}
{"level":30,"time":"2026-03-05T02:45:03.344Z","logId":1772619286844,"logger":"NotificationWorker","msg":"NotificationWorker starting..."}
{"level":30,"time":"2026-03-05T02:45:03.344Z","logId":1772619286844,"logger":"FeedWorker","msg":"FeedWorker starting..."}
{"level":30,"time":"2026-03-05T02:45:03.344Z","logId":1772619286844,"logger":"SurfWorker","msg":"SurfWorker starting..."}
{"level":30,"time":"2026-03-05T02:45:03.939Z","logId":1772619286844,"logger":"LoginService","msg":"LOGIN summary: success=1 alreadyOk=0 relogin=0 fail=0"}
{"level":30,"time":"2026-03-05T02:46:03.355Z","logId":1772619286844,"logger":"LoginService","msg":"Initializing background workers..."}
{"level":30,"time":"2026-03-05T02:46:03.356Z","logId":1772619286844,"logger":"FriendWorker","msg":"FriendWorker starting..."}
{"level":30,"time":"2026-03-05T02:46:03.356Z","logId":1772619286844,"logger":"NotificationWorker","msg":"NotificationWorker starting..."}
{"level":30,"time":"2026-03-05T02:46:03.356Z","logId":1772619286844,"logger":"FeedWorker","msg":"FeedWorker starting..."}
{"level":30,"time":"2026-03-05T02:46:03.356Z","logId":1772619286844,"logger":"SurfWorker","msg":"SurfWorker starting..."}
{"level":50,"time":"2026-03-05T02:46:03.473Z","logId":1772619286844,"logger":"LoginService","row":1,"phone":"longh1248@gmail.com","proxy":"http://103.84.95.54:7890","err":"Client network socket disconnected before secure TLS connection was established","msg":"ACCOUNT_PROCESS_ERROR"}
{"level":30,"time":"2026-03-05T02:46:03.473Z","logId":1772619286844,"logger":"LoginService","msg":"LOGIN summary: success=0 alreadyOk=0 relogin=0 fail=1"}
{"level":30,"time":"2026-03-05T02:47:03.369Z","logId":1772619286844,"logger":"LoginService","msg":"Initializing background workers..."}
{"level":30,"time":"2026-03-05T02:47:03.369Z","logId":1772619286844,"logger":"FriendWorker","msg":"FriendWorker starting..."}
{"level":30,"time":"2026-03-05T02:47:03.369Z","logId":1772619286844,"logger":"NotificationWorker","msg":"NotificationWorker starting..."}
{"level":30,"time":"2026-03-05T02:47:03.369Z","logId":1772619286844,"logger":"FeedWorker","msg":"FeedWorker starting..."}
{"level":30,"time":"2026-03-05T02:47:03.369Z","logId":1772619286844,"logger":"SurfWorker","msg":"SurfWorker starting..."}
{"level":30,"time":"2026-03-05T02:47:04.498Z","logId":1772619286844,"logger":"LoginService","msg":"LOGIN summary: success=1 alreadyOk=0 relogin=0 fail=0"}
{"level":30,"time":"2026-03-05T02:48:03.381Z","logId":1772619286844,"logger":"LoginService","msg":"Initializing background workers..."}
{"level":30,"time":"2026-03-05T02:48:03.381Z","logId":1772619286844,"logger":"FriendWorker","msg":"FriendWorker starting..."}
{"level":30,"time":"2026-03-05T02:48:03.381Z","logId":1772619286844,"logger":"NotificationWorker","msg":"NotificationWorker starting..."}
{"level":30,"time":"2026-03-05T02:48:03.381Z","logId":1772619286844,"logger":"FeedWorker","msg":"FeedWorker starting..."}
{"level":30,"time":"2026-03-05T02:48:03.381Z","logId":1772619286844,"logger":"SurfWorker","msg":"SurfWorker starting..."}
{"level":50,"time":"2026-03-05T02:48:04.660Z","logId":1772619286844,"logger":"LoginService","row":1,"phone":"longh1248@gmail.com","proxy":"http://103.84.95.54:7890","err":"read ECONNRESET","msg":"ACCOUNT_PROCESS_ERROR"}
{"level":30,"time":"2026-03-05T02:48:04.660Z","logId":1772619286844,"logger":"LoginService","msg":"LOGIN summary: success=0 alreadyOk=0 relogin=0 fail=1"}
{"level":30,"time":"2026-03-05T02:49:03.395Z","logId":1772619286844,"logger":"LoginService","msg":"Initializing background workers..."}
{"level":30,"time":"2026-03-05T02:49:03.396Z","logId":1772619286844,"logger":"FriendWorker","msg":"FriendWorker starting..."}
{"level":30,"time":"2026-03-05T02:49:03.396Z","logId":1772619286844,"logger":"NotificationWorker","msg":"NotificationWorker starting..."}
{"level":30,"time":"2026-03-05T02:49:03.396Z","logId":1772619286844,"logger":"FeedWorker","msg":"FeedWorker starting..."}
{"level":30,"time":"2026-03-05T02:49:03.396Z","logId":1772619286844,"logger":"SurfWorker","msg":"SurfWorker starting..."}
{"level":30,"time":"2026-03-05T02:49:04.423Z","logId":1772619286844,"logger":"LoginService","msg":"LOGIN summary: success=1 alreadyOk=0 relogin=0 fail=0"}
{"level":30,"time":"2026-03-05T02:50:03.408Z","logId":1772619286844,"logger":"LoginService","msg":"Initializing background workers..."}
{"level":30,"time":"2026-03-05T02:50:03.408Z","logId":1772619286844,"logger":"FriendWorker","msg":"FriendWorker starting..."}
{"level":30,"time":"2026-03-05T02:50:03.408Z","logId":1772619286844,"logger":"NotificationWorker","msg":"NotificationWorker starting..."}
{"level":30,"time":"2026-03-05T02:50:03.408Z","logId":1772619286844,"logger":"FeedWorker","msg":"FeedWorker starting..."}
{"level":30,"time":"2026-03-05T02:50:03.408Z","logId":1772619286844,"logger":"SurfWorker","msg":"SurfWorker starting..."}
{"level":30,"time":"2026-03-05T02:50:03.968Z","logId":1772619286844,"logger":"LoginService","msg":"LOGIN summary: success=1 alreadyOk=0 relogin=0 fail=0"}
{"level":30,"time":"2026-03-05T02:51:03.414Z","logId":1772619286844,"logger":"LoginService","msg":"Initializing background workers..."}
{"level":30,"time":"2026-03-05T02:51:03.414Z","logId":1772619286844,"logger":"FriendWorker","msg":"FriendWorker starting..."}
{"level":30,"time":"2026-03-05T02:51:03.414Z","logId":1772619286844,"logger":"NotificationWorker","msg":"NotificationWorker starting..."}
{"level":30,"time":"2026-03-05T02:51:03.414Z","logId":1772619286844,"logger":"FeedWorker","msg":"FeedWorker starting..."}
{"level":30,"time":"2026-03-05T02:51:03.414Z","logId":1772619286844,"logger":"SurfWorker","msg":"SurfWorker starting..."}
{"level":50,"time":"2026-03-05T02:51:03.864Z","logId":1772619286844,"logger":"LoginService","row":1,"phone":"longh1248@gmail.com","proxy":"http://103.84.95.54:7890","err":"Client network socket disconnected before secure TLS connection was established","msg":"ACCOUNT_PROCESS_ERROR"}
{"level":30,"time":"2026-03-05T02:51:03.864Z","logId":1772619286844,"logger":"LoginService","msg":"LOGIN summary: success=0 alreadyOk=0 relogin=0 fail=1"}
{"level":30,"time":"2026-03-05T02:52:03.429Z","logId":1772619286844,"logger":"LoginService","msg":"Initializing background workers..."}
{"level":30,"time":"2026-03-05T02:52:03.429Z","logId":1772619286844,"logger":"FriendWorker","msg":"FriendWorker starting..."}
{"level":30,"time":"2026-03-05T02:52:03.429Z","logId":1772619286844,"logger":"NotificationWorker","msg":"NotificationWorker starting..."}
{"level":30,"time":"2026-03-05T02:52:03.429Z","logId":1772619286844,"logger":"FeedWorker","msg":"FeedWorker starting..."}
{"level":30,"time":"2026-03-05T02:52:03.429Z","logId":1772619286844,"logger":"SurfWorker","msg":"SurfWorker starting..."}
{"level":50,"time":"2026-03-05T02:52:03.649Z","logId":1772619286844,"logger":"LoginService","row":1,"phone":"longh1248@gmail.com","proxy":"http://103.84.95.54:7890","err":"Client network socket disconnected before secure TLS connection was established","msg":"ACCOUNT_PROCESS_ERROR"}
{"level":30,"time":"2026-03-05T02:52:03.649Z","logId":1772619286844,"logger":"LoginService","msg":"LOGIN summary: success=0 alreadyOk=0 relogin=0 fail=1"}
{"level":30,"time":"2026-03-05T02:53:03.435Z","logId":1772619286844,"logger":"LoginService","msg":"Initializing background workers..."}
{"level":30,"time":"2026-03-05T02:53:03.435Z","logId":1772619286844,"logger":"FriendWorker","msg":"FriendWorker starting..."}
{"level":30,"time":"2026-03-05T02:53:03.435Z","logId":1772619286844,"logger":"NotificationWorker","msg":"NotificationWorker starting..."}
{"level":30,"time":"2026-03-05T02:53:03.435Z","logId":1772619286844,"logger":"FeedWorker","msg":"FeedWorker starting..."}
{"level":30,"time":"2026-03-05T02:53:03.435Z","logId":1772619286844,"logger":"SurfWorker","msg":"SurfWorker starting..."}
{"level":50,"time":"2026-03-05T02:53:03.561Z","logId":1772619286844,"logger":"LoginService","row":1,"phone":"longh1248@gmail.com","proxy":"http://103.84.95.54:7890","err":"Client network socket disconnected before secure TLS connection was established","msg":"ACCOUNT_PROCESS_ERROR"}
{"level":30,"time":"2026-03-05T02:53:03.561Z","logId":1772619286844,"logger":"LoginService","msg":"LOGIN summary: success=0 alreadyOk=0 relogin=0 fail=1"}
{"level":30,"time":"2026-03-05T02:54:03.449Z","logId":1772619286844,"logger":"LoginService","msg":"Initializing background workers..."}
{"level":30,"time":"2026-03-05T02:54:03.449Z","logId":1772619286844,"logger":"FriendWorker","msg":"FriendWorker starting..."}
{"level":30,"time":"2026-03-05T02:54:03.449Z","logId":1772619286844,"logger":"NotificationWorker","msg":"NotificationWorker starting..."}
{"level":30,"time":"2026-03-05T02:54:03.449Z","logId":1772619286844,"logger":"FeedWorker","msg":"FeedWorker starting..."}
{"level":30,"time":"2026-03-05T02:54:03.449Z","logId":1772619286844,"logger":"SurfWorker","msg":"SurfWorker starting..."}
{"level":30,"time":"2026-03-05T02:54:05.509Z","logId":1772619286844,"logger":"LoginService","msg":"LOGIN summary: success=1 alreadyOk=0 relogin=0 fail=0"}
{"level":30,"time":"2026-03-05T02:55:03.451Z","logId":1772619286844,"logger":"LoginService","msg":"Initializing background workers..."}
{"level":30,"time":"2026-03-05T02:55:03.451Z","logId":1772619286844,"logger":"FriendWorker","msg":"FriendWorker starting..."}
{"level":30,"time":"2026-03-05T02:55:03.451Z","logId":1772619286844,"logger":"NotificationWorker","msg":"NotificationWorker starting..."}
{"level":30,"time":"2026-03-05T02:55:03.451Z","logId":1772619286844,"logger":"FeedWorker","msg":"FeedWorker starting..."}
{"level":30,"time":"2026-03-05T02:55:03.451Z","logId":1772619286844,"logger":"SurfWorker","msg":"SurfWorker starting..."}
{"level":50,"time":"2026-03-05T02:55:03.985Z","logId":1772619286844,"logger":"LoginService","row":1,"phone":"longh1248@gmail.com","proxy":"http://103.84.95.54:7890","err":"Client network socket disconnected before secure TLS connection was established","msg":"ACCOUNT_PROCESS_ERROR"}
{"level":30,"time":"2026-03-05T02:55:03.985Z","logId":1772619286844,"logger":"LoginService","msg":"LOGIN summary: success=0 alreadyOk=0 relogin=0 fail=1"}
{"level":30,"time":"2026-03-05T02:56:03.452Z","logId":1772619286844,"logger":"LoginService","msg":"Initializing background workers..."}
{"level":30,"time":"2026-03-05T02:56:03.453Z","logId":1772619286844,"logger":"FriendWorker","msg":"FriendWorker starting..."}
{"level":30,"time":"2026-03-05T02:56:03.453Z","logId":1772619286844,"logger":"NotificationWorker","msg":"NotificationWorker starting..."}
{"level":30,"time":"2026-03-05T02:56:03.453Z","logId":1772619286844,"logger":"FeedWorker","msg":"FeedWorker starting..."}
{"level":30,"time":"2026-03-05T02:56:03.453Z","logId":1772619286844,"logger":"SurfWorker","msg":"SurfWorker starting..."}
{"level":30,"time":"2026-03-05T02:56:04.043Z","logId":1772619286844,"logger":"LoginService","msg":"LOGIN summary: success=1 alreadyOk=0 relogin=0 fail=0"}
{"level":30,"time":"2026-03-05T02:57:03.461Z","logId":1772619286844,"logger":"LoginService","msg":"Initializing background workers..."}
{"level":30,"time":"2026-03-05T02:57:03.462Z","logId":1772619286844,"logger":"FriendWorker","msg":"FriendWorker starting..."}
{"level":30,"time":"2026-03-05T02:57:03.462Z","logId":1772619286844,"logger":"NotificationWorker","msg":"NotificationWorker starting..."}
{"level":30,"time":"2026-03-05T02:57:03.462Z","logId":1772619286844,"logger":"FeedWorker","msg":"FeedWorker starting..."}
{"level":30,"time":"2026-03-05T02:57:03.462Z","logId":1772619286844,"logger":"SurfWorker","msg":"SurfWorker starting..."}
{"level":50,"time":"2026-03-05T02:57:03.663Z","logId":1772619286844,"logger":"LoginService","row":1,"phone":"longh1248@gmail.com","proxy":"http://103.84.95.54:7890","err":"Client network socket disconnected before secure TLS connection was established","msg":"ACCOUNT_PROCESS_ERROR"}
{"level":30,"time":"2026-03-05T02:57:03.664Z","logId":1772619286844,"logger":"LoginService","msg":"LOGIN summary: success=0 alreadyOk=0 relogin=0 fail=1"}
{"level":30,"time":"2026-03-05T02:58:03.468Z","logId":1772619286844,"logger":"LoginService","msg":"Initializing background workers..."}
{"level":30,"time":"2026-03-05T02:58:03.468Z","logId":1772619286844,"logger":"FriendWorker","msg":"FriendWorker starting..."}
{"level":30,"time":"2026-03-05T02:58:03.468Z","logId":1772619286844,"logger":"NotificationWorker","msg":"NotificationWorker starting..."}
{"level":30,"time":"2026-03-05T02:58:03.468Z","logId":1772619286844,"logger":"FeedWorker","msg":"FeedWorker starting..."}
{"level":30,"time":"2026-03-05T02:58:03.468Z","logId":1772619286844,"logger":"SurfWorker","msg":"SurfWorker starting..."}
{"level":30,"time":"2026-03-05T02:58:04.309Z","logId":1772619286844,"logger":"LoginService","msg":"LOGIN summary: success=1 alreadyOk=0 relogin=0 fail=0"}
{"level":30,"time":"2026-03-05T02:59:03.482Z","logId":1772619286844,"logger":"LoginService","msg":"Initializing background workers..."}
{"level":30,"time":"2026-03-05T02:59:03.482Z","logId":1772619286844,"logger":"FriendWorker","msg":"FriendWorker starting..."}
{"level":30,"time":"2026-03-05T02:59:03.482Z","logId":1772619286844,"logger":"NotificationWorker","msg":"NotificationWorker starting..."}
{"level":30,"time":"2026-03-05T02:59:03.482Z","logId":1772619286844,"logger":"FeedWorker","msg":"FeedWorker starting..."}
{"level":30,"time":"2026-03-05T02:59:03.482Z","logId":1772619286844,"logger":"SurfWorker","msg":"SurfWorker starting..."}
{"level":30,"time":"2026-03-05T02:59:04.876Z","logId":1772619286844,"logger":"LoginService","msg":"LOGIN summary: success=1 alreadyOk=0 relogin=0 fail=0"}
{"level":30,"time":"2026-03-05T03:00:03.498Z","logId":1772619286844,"logger":"LoginService","msg":"Initializing background workers..."}
{"level":30,"time":"2026-03-05T03:00:03.498Z","logId":1772619286844,"logger":"FriendWorker","msg":"FriendWorker starting..."}
{"level":30,"time":"2026-03-05T03:00:03.498Z","logId":1772619286844,"logger":"NotificationWorker","msg":"NotificationWorker starting..."}
{"level":30,"time":"2026-03-05T03:00:03.498Z","logId":1772619286844,"logger":"FeedWorker","msg":"FeedWorker starting..."}
{"level":30,"time":"2026-03-05T03:00:03.498Z","logId":1772619286844,"logger":"SurfWorker","msg":"SurfWorker starting..."}
{"level":50,"time":"2026-03-05T03:00:03.665Z","logId":1772619286844,"logger":"LoginService","row":1,"phone":"longh1248@gmail.com","proxy":"http://103.84.95.54:7890","err":"Client network socket disconnected before secure TLS connection was established","msg":"ACCOUNT_PROCESS_ERROR"}
{"level":30,"time":"2026-03-05T03:00:03.665Z","logId":1772619286844,"logger":"LoginService","msg":"LOGIN summary: success=0 alreadyOk=0 relogin=0 fail=1"}
{"level":30,"time":"2026-03-05T03:01:03.509Z","logId":1772619286844,"logger":"LoginService","msg":"Initializing background workers..."}
{"level":30,"time":"2026-03-05T03:01:03.509Z","logId":1772619286844,"logger":"FriendWorker","msg":"FriendWorker starting..."}
{"level":30,"time":"2026-03-05T03:01:03.509Z","logId":1772619286844,"logger":"NotificationWorker","msg":"NotificationWorker starting..."}
{"level":30,"time":"2026-03-05T03:01:03.509Z","logId":1772619286844,"logger":"FeedWorker","msg":"FeedWorker starting..."}
{"level":30,"time":"2026-03-05T03:01:03.509Z","logId":1772619286844,"logger":"SurfWorker","msg":"SurfWorker starting..."}
{"level":50,"time":"2026-03-05T03:01:03.930Z","logId":1772619286844,"logger":"LoginService","row":1,"phone":"longh1248@gmail.com","proxy":"http://103.84.95.54:7890","err":"Client network socket disconnected before secure TLS connection was established","msg":"ACCOUNT_PROCESS_ERROR"}
{"level":30,"time":"2026-03-05T03:01:03.930Z","logId":1772619286844,"logger":"LoginService","msg":"LOGIN summary: success=0 alreadyOk=0 relogin=0 fail=1"}
{"level":30,"time":"2026-03-05T03:02:03.510Z","logId":1772619286844,"logger":"LoginService","msg":"Initializing background workers..."}
{"level":30,"time":"2026-03-05T03:02:03.510Z","logId":1772619286844,"logger":"FriendWorker","msg":"FriendWorker starting..."}
{"level":30,"time":"2026-03-05T03:02:03.510Z","logId":1772619286844,"logger":"NotificationWorker","msg":"NotificationWorker starting..."}
{"level":30,"time":"2026-03-05T03:02:03.510Z","logId":1772619286844,"logger":"FeedWorker","msg":"FeedWorker starting..."}
{"level":30,"time":"2026-03-05T03:02:03.510Z","logId":1772619286844,"logger":"SurfWorker","msg":"SurfWorker starting..."}
{"level":30,"time":"2026-03-05T03:02:04.184Z","logId":1772619286844,"logger":"LoginService","msg":"LOGIN summary: success=1 alreadyOk=0 relogin=0 fail=0"}
{"level":30,"time":"2026-03-05T03:03:03.513Z","logId":1772619286844,"logger":"LoginService","msg":"Initializing background workers..."}
{"level":30,"time":"2026-03-05T03:03:03.513Z","logId":1772619286844,"logger":"FriendWorker","msg":"FriendWorker starting..."}
{"level":30,"time":"2026-03-05T03:03:03.513Z","logId":1772619286844,"logger":"NotificationWorker","msg":"NotificationWorker starting..."}
{"level":30,"time":"2026-03-05T03:03:03.513Z","logId":1772619286844,"logger":"FeedWorker","msg":"FeedWorker starting..."}
{"level":30,"time":"2026-03-05T03:03:03.513Z","logId":1772619286844,"logger":"SurfWorker","msg":"SurfWorker starting..."}
{"level":50,"time":"2026-03-05T03:03:03.984Z","logId":1772619286844,"logger":"LoginService","row":1,"phone":"longh1248@gmail.com","proxy":"http://103.84.95.54:7890","err":"Client network socket disconnected before secure TLS connection was established","msg":"ACCOUNT_PROCESS_ERROR"}
{"level":30,"time":"2026-03-05T03:03:03.984Z","logId":1772619286844,"logger":"LoginService","msg":"LOGIN summary: success=0 alreadyOk=0 relogin=0 fail=1"}
{"level":30,"time":"2026-03-05T03:04:03.519Z","logId":1772619286844,"logger":"LoginService","msg":"Initializing background workers..."}
{"level":30,"time":"2026-03-05T03:04:03.519Z","logId":1772619286844,"logger":"FriendWorker","msg":"FriendWorker starting..."}
{"level":30,"time":"2026-03-05T03:04:03.519Z","logId":1772619286844,"logger":"NotificationWorker","msg":"NotificationWorker starting..."}
{"level":30,"time":"2026-03-05T03:04:03.520Z","logId":1772619286844,"logger":"FeedWorker","msg":"FeedWorker starting..."}
{"level":30,"time":"2026-03-05T03:04:03.520Z","logId":1772619286844,"logger":"SurfWorker","msg":"SurfWorker starting..."}
{"level":50,"time":"2026-03-05T03:04:03.680Z","logId":1772619286844,"logger":"LoginService","row":1,"phone":"longh1248@gmail.com","proxy":"http://103.84.95.54:7890","err":"read ECONNRESET","msg":"ACCOUNT_PROCESS_ERROR"}
{"level":30,"time":"2026-03-05T03:04:03.680Z","logId":1772619286844,"logger":"LoginService","msg":"LOGIN summary: success=0 alreadyOk=0 relogin=0 fail=1"}
{"level":30,"time":"2026-03-05T03:05:03.521Z","logId":1772619286844,"logger":"LoginService","msg":"Initializing background workers..."}
{"level":30,"time":"2026-03-05T03:05:03.521Z","logId":1772619286844,"logger":"FriendWorker","msg":"FriendWorker starting..."}
{"level":30,"time":"2026-03-05T03:05:03.521Z","logId":1772619286844,"logger":"NotificationWorker","msg":"NotificationWorker starting..."}
{"level":30,"time":"2026-03-05T03:05:03.521Z","logId":1772619286844,"logger":"FeedWorker","msg":"FeedWorker starting..."}
{"level":30,"time":"2026-03-05T03:05:03.521Z","logId":1772619286844,"logger":"SurfWorker","msg":"SurfWorker starting..."}
{"level":30,"time":"2026-03-05T03:05:04.422Z","logId":1772619286844,"logger":"LoginService","msg":"LOGIN summary: success=1 alreadyOk=0 relogin=0 fail=0"}
{"level":30,"time":"2026-03-05T03:06:03.532Z","logId":1772619286844,"logger":"LoginService","msg":"Initializing background workers..."}
{"level":30,"time":"2026-03-05T03:06:03.532Z","logId":1772619286844,"logger":"FriendWorker","msg":"FriendWorker starting..."}
{"level":30,"time":"2026-03-05T03:06:03.532Z","logId":1772619286844,"logger":"NotificationWorker","msg":"NotificationWorker starting..."}
{"level":30,"time":"2026-03-05T03:06:03.532Z","logId":1772619286844,"logger":"FeedWorker","msg":"FeedWorker starting..."}
{"level":30,"time":"2026-03-05T03:06:03.532Z","logId":1772619286844,"logger":"SurfWorker","msg":"SurfWorker starting..."}
{"level":30,"time":"2026-03-05T03:06:04.141Z","logId":1772619286844,"logger":"LoginService","msg":"LOGIN summary: success=1 alreadyOk=0 relogin=0 fail=0"}
{"level":30,"time":"2026-03-05T03:07:03.548Z","logId":1772619286844,"logger":"LoginService","msg":"Initializing background workers..."}
{"level":30,"time":"2026-03-05T03:07:03.548Z","logId":1772619286844,"logger":"FriendWorker","msg":"FriendWorker starting..."}
{"level":30,"time":"2026-03-05T03:07:03.548Z","logId":1772619286844,"logger":"NotificationWorker","msg":"NotificationWorker starting..."}
{"level":30,"time":"2026-03-05T03:07:03.548Z","logId":1772619286844,"logger":"FeedWorker","msg":"FeedWorker starting..."}
{"level":30,"time":"2026-03-05T03:07:03.548Z","logId":1772619286844,"logger":"SurfWorker","msg":"SurfWorker starting..."}
{"level":30,"time":"2026-03-05T03:07:04.226Z","logId":1772619286844,"logger":"LoginService","msg":"LOGIN summary: success=1 alreadyOk=0 relogin=0 fail=0"}
{"level":30,"time":"2026-03-05T03:08:03.562Z","logId":1772619286844,"logger":"LoginService","msg":"Initializing background workers..."}
{"level":30,"time":"2026-03-05T03:08:03.563Z","logId":1772619286844,"logger":"FriendWorker","msg":"FriendWorker starting..."}
{"level":30,"time":"2026-03-05T03:08:03.563Z","logId":1772619286844,"logger":"NotificationWorker","msg":"NotificationWorker starting..."}
{"level":30,"time":"2026-03-05T03:08:03.563Z","logId":1772619286844,"logger":"FeedWorker","msg":"FeedWorker starting..."}
{"level":30,"time":"2026-03-05T03:08:03.563Z","logId":1772619286844,"logger":"SurfWorker","msg":"SurfWorker starting..."}
{"level":30,"time":"2026-03-05T03:08:04.708Z","logId":1772619286844,"logger":"LoginService","msg":"LOGIN summary: success=1 alreadyOk=0 relogin=0 fail=0"}
{"level":30,"time":"2026-03-05T03:09:03.571Z","logId":1772619286844,"logger":"LoginService","msg":"Initializing background workers..."}
{"level":30,"time":"2026-03-05T03:09:03.571Z","logId":1772619286844,"logger":"FriendWorker","msg":"FriendWorker starting..."}
{"level":30,"time":"2026-03-05T03:09:03.572Z","logId":1772619286844,"logger":"NotificationWorker","msg":"NotificationWorker starting..."}
{"level":30,"time":"2026-03-05T03:09:03.572Z","logId":1772619286844,"logger":"FeedWorker","msg":"FeedWorker starting..."}
{"level":30,"time":"2026-03-05T03:09:03.572Z","logId":1772619286844,"logger":"SurfWorker","msg":"SurfWorker starting..."}
{"level":30,"time":"2026-03-05T03:09:04.391Z","logId":1772619286844,"logger":"LoginService","msg":"LOGIN summary: success=1 alreadyOk=0 relogin=0 fail=0"}
{"level":30,"time":"2026-03-05T03:10:03.580Z","logId":1772619286844,"logger":"LoginService","msg":"Initializing background workers..."}
{"level":30,"time":"2026-03-05T03:10:03.580Z","logId":1772619286844,"logger":"FriendWorker","msg":"FriendWorker starting..."}
{"level":30,"time":"2026-03-05T03:10:03.580Z","logId":1772619286844,"logger":"NotificationWorker","msg":"NotificationWorker starting..."}
{"level":30,"time":"2026-03-05T03:10:03.580Z","logId":1772619286844,"logger":"FeedWorker","msg":"FeedWorker starting..."}
{"level":30,"time":"2026-03-05T03:10:03.580Z","logId":1772619286844,"logger":"SurfWorker","msg":"SurfWorker starting..."}
{"level":30,"time":"2026-03-05T03:10:04.099Z","logId":1772619286844,"logger":"LoginService","msg":"LOGIN summary: success=1 alreadyOk=0 relogin=0 fail=0"}
{"level":30,"time":"2026-03-05T03:11:03.597Z","logId":1772619286844,"logger":"LoginService","msg":"Initializing background workers..."}
{"level":30,"time":"2026-03-05T03:11:03.597Z","logId":1772619286844,"logger":"FriendWorker","msg":"FriendWorker starting..."}
{"level":30,"time":"2026-03-05T03:11:03.597Z","logId":1772619286844,"logger":"NotificationWorker","msg":"NotificationWorker starting..."}
{"level":30,"time":"2026-03-05T03:11:03.597Z","logId":1772619286844,"logger":"FeedWorker","msg":"FeedWorker starting..."}
{"level":30,"time":"2026-03-05T03:11:03.597Z","logId":1772619286844,"logger":"SurfWorker","msg":"SurfWorker starting..."}
{"level":50,"time":"2026-03-05T03:11:03.863Z","logId":1772619286844,"logger":"LoginService","row":1,"phone":"longh1248@gmail.com","proxy":"http://103.84.95.54:7890","err":"read ECONNRESET","msg":"ACCOUNT_PROCESS_ERROR"}
{"level":30,"time":"2026-03-05T03:11:03.863Z","logId":1772619286844,"logger":"LoginService","msg":"LOGIN summary: success=0 alreadyOk=0 relogin=0 fail=1"}
{"level":30,"time":"2026-03-05T03:12:03.599Z","logId":1772619286844,"logger":"LoginService","msg":"Initializing background workers..."}
{"level":30,"time":"2026-03-05T03:12:03.599Z","logId":1772619286844,"logger":"FriendWorker","msg":"FriendWorker starting..."}
{"level":30,"time":"2026-03-05T03:12:03.599Z","logId":1772619286844,"logger":"NotificationWorker","msg":"NotificationWorker starting..."}
{"level":30,"time":"2026-03-05T03:12:03.599Z","logId":1772619286844,"logger":"FeedWorker","msg":"FeedWorker starting..."}
{"level":30,"time":"2026-03-05T03:12:03.599Z","logId":1772619286844,"logger":"SurfWorker","msg":"SurfWorker starting..."}
{"level":30,"time":"2026-03-05T03:12:04.519Z","logId":1772619286844,"logger":"LoginService","msg":"LOGIN summary: success=1 alreadyOk=0 relogin=0 fail=0"}
{"level":30,"time":"2026-03-05T03:13:03.615Z","logId":1772619286844,"logger":"LoginService","msg":"Initializing background workers..."}
{"level":30,"time":"2026-03-05T03:13:03.615Z","logId":1772619286844,"logger":"FriendWorker","msg":"FriendWorker starting..."}
{"level":30,"time":"2026-03-05T03:13:03.615Z","logId":1772619286844,"logger":"NotificationWorker","msg":"NotificationWorker starting..."}
{"level":30,"time":"2026-03-05T03:13:03.615Z","logId":1772619286844,"logger":"FeedWorker","msg":"FeedWorker starting..."}
{"level":30,"time":"2026-03-05T03:13:03.615Z","logId":1772619286844,"logger":"SurfWorker","msg":"SurfWorker starting..."}
{"level":30,"time":"2026-03-05T03:13:04.136Z","logId":1772619286844,"logger":"LoginService","msg":"LOGIN summary: success=1 alreadyOk=0 relogin=0 fail=0"}
{"level":30,"time":"2026-03-05T03:14:03.616Z","logId":1772619286844,"logger":"LoginService","msg":"Initializing background workers..."}
{"level":30,"time":"2026-03-05T03:14:03.616Z","logId":1772619286844,"logger":"FriendWorker","msg":"FriendWorker starting..."}
{"level":30,"time":"2026-03-05T03:14:03.616Z","logId":1772619286844,"logger":"NotificationWorker","msg":"NotificationWorker starting..."}
{"level":30,"time":"2026-03-05T03:14:03.616Z","logId":1772619286844,"logger":"FeedWorker","msg":"FeedWorker starting..."}
{"level":30,"time":"2026-03-05T03:14:03.616Z","logId":1772619286844,"logger":"SurfWorker","msg":"SurfWorker starting..."}
{"level":30,"time":"2026-03-05T03:14:04.129Z","logId":1772619286844,"logger":"LoginService","msg":"LOGIN summary: success=1 alreadyOk=0 relogin=0 fail=0"}
{"level":30,"time":"2026-03-05T03:15:03.631Z","logId":1772619286844,"logger":"LoginService","msg":"Initializing background workers..."}
{"level":30,"time":"2026-03-05T03:15:03.631Z","logId":1772619286844,"logger":"FriendWorker","msg":"FriendWorker starting..."}
{"level":30,"time":"2026-03-05T03:15:03.631Z","logId":1772619286844,"logger":"NotificationWorker","msg":"NotificationWorker starting..."}
{"level":30,"time":"2026-03-05T03:15:03.631Z","logId":1772619286844,"logger":"FeedWorker","msg":"FeedWorker starting..."}
{"level":30,"time":"2026-03-05T03:15:03.631Z","logId":1772619286844,"logger":"SurfWorker","msg":"SurfWorker starting..."}
{"level":30,"time":"2026-03-05T03:15:04.129Z","logId":1772619286844,"logger":"LoginService","msg":"LOGIN summary: success=1 alreadyOk=0 relogin=0 fail=0"}
{"level":30,"time":"2026-03-05T03:16:03.634Z","logId":1772619286844,"logger":"LoginService","msg":"Initializing background workers..."}
{"level":30,"time":"2026-03-05T03:16:03.634Z","logId":1772619286844,"logger":"FriendWorker","msg":"FriendWorker starting..."}
{"level":30,"time":"2026-03-05T03:16:03.634Z","logId":1772619286844,"logger":"NotificationWorker","msg":"NotificationWorker starting..."}
{"level":30,"time":"2026-03-05T03:16:03.634Z","logId":1772619286844,"logger":"FeedWorker","msg":"FeedWorker starting..."}
{"level":30,"time":"2026-03-05T03:16:03.634Z","logId":1772619286844,"logger":"SurfWorker","msg":"SurfWorker starting..."}
{"level":50,"time":"2026-03-05T03:16:03.806Z","logId":1772619286844,"logger":"LoginService","row":1,"phone":"longh1248@gmail.com","proxy":"http://103.84.95.54:7890","err":"read ECONNRESET","msg":"ACCOUNT_PROCESS_ERROR"}
{"level":30,"time":"2026-03-05T03:16:03.806Z","logId":1772619286844,"logger":"LoginService","msg":"LOGIN summary: success=0 alreadyOk=0 relogin=0 fail=1"}
{"level":30,"time":"2026-03-05T03:17:03.639Z","logId":1772619286844,"logger":"LoginService","msg":"Initializing background workers..."}
{"level":30,"time":"2026-03-05T03:17:03.639Z","logId":1772619286844,"logger":"FriendWorker","msg":"FriendWorker starting..."}
{"level":30,"time":"2026-03-05T03:17:03.639Z","logId":1772619286844,"logger":"NotificationWorker","msg":"NotificationWorker starting..."}
{"level":30,"time":"2026-03-05T03:17:03.639Z","logId":1772619286844,"logger":"FeedWorker","msg":"FeedWorker starting..."}
{"level":30,"time":"2026-03-05T03:17:03.639Z","logId":1772619286844,"logger":"SurfWorker","msg":"SurfWorker starting..."}
{"level":30,"time":"2026-03-05T03:17:04.173Z","logId":1772619286844,"logger":"LoginService","msg":"LOGIN summary: success=1 alreadyOk=0 relogin=0 fail=0"}
{"level":30,"time":"2026-03-05T03:18:03.649Z","logId":1772619286844,"logger":"LoginService","msg":"Initializing background workers..."}
{"level":30,"time":"2026-03-05T03:18:03.650Z","logId":1772619286844,"logger":"FriendWorker","msg":"FriendWorker starting..."}
{"level":30,"time":"2026-03-05T03:18:03.650Z","logId":1772619286844,"logger":"NotificationWorker","msg":"NotificationWorker starting..."}
{"level":30,"time":"2026-03-05T03:18:03.650Z","logId":1772619286844,"logger":"FeedWorker","msg":"FeedWorker starting..."}
{"level":30,"time":"2026-03-05T03:18:03.650Z","logId":1772619286844,"logger":"SurfWorker","msg":"SurfWorker starting..."}
{"level":30,"time":"2026-03-05T03:18:04.491Z","logId":1772619286844,"logger":"LoginService","msg":"LOGIN summary: success=1 alreadyOk=0 relogin=0 fail=0"}
{"level":30,"time":"2026-03-05T03:19:03.661Z","logId":1772619286844,"logger":"LoginService","msg":"Initializing background workers..."}
{"level":30,"time":"2026-03-05T03:19:03.661Z","logId":1772619286844,"logger":"FriendWorker","msg":"FriendWorker starting..."}
{"level":30,"time":"2026-03-05T03:19:03.661Z","logId":1772619286844,"logger":"NotificationWorker","msg":"NotificationWorker starting..."}
{"level":30,"time":"2026-03-05T03:19:03.661Z","logId":1772619286844,"logger":"FeedWorker","msg":"FeedWorker starting..."}
{"level":30,"time":"2026-03-05T03:19:03.661Z","logId":1772619286844,"logger":"SurfWorker","msg":"SurfWorker starting..."}
{"level":50,"time":"2026-03-05T03:19:03.790Z","logId":1772619286844,"logger":"LoginService","row":1,"phone":"longh1248@gmail.com","proxy":"http://103.84.95.54:7890","err":"Client network socket disconnected before secure TLS connection was established","msg":"ACCOUNT_PROCESS_ERROR"}
{"level":30,"time":"2026-03-05T03:19:03.790Z","logId":1772619286844,"logger":"LoginService","msg":"LOGIN summary: success=0 alreadyOk=0 relogin=0 fail=1"}
{"level":30,"time":"2026-03-05T03:20:03.678Z","logId":1772619286844,"logger":"LoginService","msg":"Initializing background workers..."}
{"level":30,"time":"2026-03-05T03:20:03.678Z","logId":1772619286844,"logger":"FriendWorker","msg":"FriendWorker starting..."}
{"level":30,"time":"2026-03-05T03:20:03.678Z","logId":1772619286844,"logger":"NotificationWorker","msg":"NotificationWorker starting..."}
{"level":30,"time":"2026-03-05T03:20:03.678Z","logId":1772619286844,"logger":"FeedWorker","msg":"FeedWorker starting..."}
{"level":30,"time":"2026-03-05T03:20:03.679Z","logId":1772619286844,"logger":"SurfWorker","msg":"SurfWorker starting..."}
{"level":30,"time":"2026-03-05T03:20:04.498Z","logId":1772619286844,"logger":"LoginService","msg":"LOGIN summary: success=1 alreadyOk=0 relogin=0 fail=0"}
{"level":30,"time":"2026-03-05T03:21:03.686Z","logId":1772619286844,"logger":"LoginService","msg":"Initializing background workers..."}
{"level":30,"time":"2026-03-05T03:21:03.686Z","logId":1772619286844,"logger":"FriendWorker","msg":"FriendWorker starting..."}
{"level":30,"time":"2026-03-05T03:21:03.686Z","logId":1772619286844,"logger":"NotificationWorker","msg":"NotificationWorker starting..."}
{"level":30,"time":"2026-03-05T03:21:03.686Z","logId":1772619286844,"logger":"FeedWorker","msg":"FeedWorker starting..."}
{"level":30,"time":"2026-03-05T03:21:03.686Z","logId":1772619286844,"logger":"SurfWorker","msg":"SurfWorker starting..."}
{"level":50,"time":"2026-03-05T03:21:03.871Z","logId":1772619286844,"logger":"LoginService","row":1,"phone":"longh1248@gmail.com","proxy":"http://103.84.95.54:7890","err":"read ECONNRESET","msg":"ACCOUNT_PROCESS_ERROR"}
{"level":30,"time":"2026-03-05T03:21:03.871Z","logId":1772619286844,"logger":"LoginService","msg":"LOGIN summary: success=0 alreadyOk=0 relogin=0 fail=1"}
{"level":30,"time":"2026-03-05T03:22:03.693Z","logId":1772619286844,"logger":"LoginService","msg":"Initializing background workers..."}
{"level":30,"time":"2026-03-05T03:22:03.693Z","logId":1772619286844,"logger":"FriendWorker","msg":"FriendWorker starting..."}
{"level":30,"time":"2026-03-05T03:22:03.693Z","logId":1772619286844,"logger":"NotificationWorker","msg":"NotificationWorker starting..."}
{"level":30,"time":"2026-03-05T03:22:03.693Z","logId":1772619286844,"logger":"FeedWorker","msg":"FeedWorker starting..."}
{"level":30,"time":"2026-03-05T03:22:03.693Z","logId":1772619286844,"logger":"SurfWorker","msg":"SurfWorker starting..."}
{"level":50,"time":"2026-03-05T03:22:04.695Z","logId":1772619286844,"logger":"LoginService","row":1,"phone":"longh1248@gmail.com","proxy":"http://103.84.95.54:7890","err":"Client network socket disconnected before secure TLS connection was established","msg":"ACCOUNT_PROCESS_ERROR"}
{"level":30,"time":"2026-03-05T03:22:04.695Z","logId":1772619286844,"logger":"LoginService","msg":"LOGIN summary: success=0 alreadyOk=0 relogin=0 fail=1"}
{"level":30,"time":"2026-03-05T03:23:03.702Z","logId":1772619286844,"logger":"LoginService","msg":"Initializing background workers..."}
{"level":30,"time":"2026-03-05T03:23:03.702Z","logId":1772619286844,"logger":"FriendWorker","msg":"FriendWorker starting..."}
{"level":30,"time":"2026-03-05T03:23:03.703Z","logId":1772619286844,"logger":"NotificationWorker","msg":"NotificationWorker starting..."}
{"level":30,"time":"2026-03-05T03:23:03.703Z","logId":1772619286844,"logger":"FeedWorker","msg":"FeedWorker starting..."}
{"level":30,"time":"2026-03-05T03:23:03.703Z","logId":1772619286844,"logger":"SurfWorker","msg":"SurfWorker starting..."}
{"level":50,"time":"2026-03-05T03:23:03.910Z","logId":1772619286844,"logger":"LoginService","row":1,"phone":"longh1248@gmail.com","proxy":"http://103.84.95.54:7890","err":"Client network socket disconnected before secure TLS connection was established","msg":"ACCOUNT_PROCESS_ERROR"}
{"level":30,"time":"2026-03-05T03:23:03.911Z","logId":1772619286844,"logger":"LoginService","msg":"LOGIN summary: success=0 alreadyOk=0 relogin=0 fail=1"}
{"level":30,"time":"2026-03-05T03:24:03.706Z","logId":1772619286844,"logger":"LoginService","msg":"Initializing background workers..."}
{"level":30,"time":"2026-03-05T03:24:03.707Z","logId":1772619286844,"logger":"FriendWorker","msg":"FriendWorker starting..."}
{"level":30,"time":"2026-03-05T03:24:03.707Z","logId":1772619286844,"logger":"NotificationWorker","msg":"NotificationWorker starting..."}
{"level":30,"time":"2026-03-05T03:24:03.707Z","logId":1772619286844,"logger":"FeedWorker","msg":"FeedWorker starting..."}
{"level":30,"time":"2026-03-05T03:24:03.707Z","logId":1772619286844,"logger":"SurfWorker","msg":"SurfWorker starting..."}
{"level":30,"time":"2026-03-05T03:24:04.316Z","logId":1772619286844,"logger":"LoginService","msg":"LOGIN summary: success=1 alreadyOk=0 relogin=0 fail=0"}
{"level":30,"time":"2026-03-05T03:25:03.715Z","logId":1772619286844,"logger":"LoginService","msg":"Initializing background workers..."}
{"level":30,"time":"2026-03-05T03:25:03.716Z","logId":1772619286844,"logger":"FriendWorker","msg":"FriendWorker starting..."}
{"level":30,"time":"2026-03-05T03:25:03.716Z","logId":1772619286844,"logger":"NotificationWorker","msg":"NotificationWorker starting..."}
{"level":30,"time":"2026-03-05T03:25:03.716Z","logId":1772619286844,"logger":"FeedWorker","msg":"FeedWorker starting..."}
{"level":30,"time":"2026-03-05T03:25:03.716Z","logId":1772619286844,"logger":"SurfWorker","msg":"SurfWorker starting..."}
{"level":30,"time":"2026-03-05T03:25:04.914Z","logId":1772619286844,"logger":"LoginService","msg":"LOGIN summary: success=1 alreadyOk=0 relogin=0 fail=0"}
{"level":30,"time":"2026-03-05T03:26:03.716Z","logId":1772619286844,"logger":"LoginService","msg":"Initializing background workers..."}
{"level":30,"time":"2026-03-05T03:26:03.716Z","logId":1772619286844,"logger":"FriendWorker","msg":"FriendWorker starting..."}
{"level":30,"time":"2026-03-05T03:26:03.716Z","logId":1772619286844,"logger":"NotificationWorker","msg":"NotificationWorker starting..."}
{"level":30,"time":"2026-03-05T03:26:03.716Z","logId":1772619286844,"logger":"FeedWorker","msg":"FeedWorker starting..."}
{"level":30,"time":"2026-03-05T03:26:03.716Z","logId":1772619286844,"logger":"SurfWorker","msg":"SurfWorker starting..."}
{"level":30,"time":"2026-03-05T03:26:04.227Z","logId":1772619286844,"logger":"LoginService","msg":"LOGIN summary: success=1 alreadyOk=0 relogin=0 fail=0"}
{"level":30,"time":"2026-03-05T03:27:03.730Z","logId":1772619286844,"logger":"LoginService","msg":"Initializing background workers..."}
{"level":30,"time":"2026-03-05T03:27:03.730Z","logId":1772619286844,"logger":"FriendWorker","msg":"FriendWorker starting..."}
{"level":30,"time":"2026-03-05T03:27:03.730Z","logId":1772619286844,"logger":"NotificationWorker","msg":"NotificationWorker starting..."}
{"level":30,"time":"2026-03-05T03:27:03.730Z","logId":1772619286844,"logger":"FeedWorker","msg":"FeedWorker starting..."}
{"level":30,"time":"2026-03-05T03:27:03.730Z","logId":1772619286844,"logger":"SurfWorker","msg":"SurfWorker starting..."}
{"level":30,"time":"2026-03-05T03:27:04.628Z","logId":1772619286844,"logger":"LoginService","msg":"LOGIN summary: success=1 alreadyOk=0 relogin=0 fail=0"}
{"level":30,"time":"2026-03-05T03:28:03.738Z","logId":1772619286844,"logger":"LoginService","msg":"Initializing background workers..."}
{"level":30,"time":"2026-03-05T03:28:03.738Z","logId":1772619286844,"logger":"FriendWorker","msg":"FriendWorker starting..."}
{"level":30,"time":"2026-03-05T03:28:03.738Z","logId":1772619286844,"logger":"NotificationWorker","msg":"NotificationWorker starting..."}
{"level":30,"time":"2026-03-05T03:28:03.738Z","logId":1772619286844,"logger":"FeedWorker","msg":"FeedWorker starting..."}
{"level":30,"time":"2026-03-05T03:28:03.738Z","logId":1772619286844,"logger":"SurfWorker","msg":"SurfWorker starting..."}
{"level":50,"time":"2026-03-05T03:28:08.930Z","logId":1772619286844,"logger":"LoginService","row":1,"phone":"longh1248@gmail.com","proxy":"http://103.84.95.54:7890","err":"Client network socket disconnected before secure TLS connection was established","msg":"ACCOUNT_PROCESS_ERROR"}
{"level":30,"time":"2026-03-05T03:28:08.930Z","logId":1772619286844,"logger":"LoginService","msg":"LOGIN summary: success=0 alreadyOk=0 relogin=0 fail=1"}
{"level":30,"time":"2026-03-05T03:29:03.738Z","logId":1772619286844,"logger":"LoginService","msg":"Initializing background workers..."}
{"level":30,"time":"2026-03-05T03:29:03.738Z","logId":1772619286844,"logger":"FriendWorker","msg":"FriendWorker starting..."}
{"level":30,"time":"2026-03-05T03:29:03.738Z","logId":1772619286844,"logger":"NotificationWorker","msg":"NotificationWorker starting..."}
{"level":30,"time":"2026-03-05T03:29:03.738Z","logId":1772619286844,"logger":"FeedWorker","msg":"FeedWorker starting..."}
{"level":30,"time":"2026-03-05T03:29:03.738Z","logId":1772619286844,"logger":"SurfWorker","msg":"SurfWorker starting..."}
{"level":30,"time":"2026-03-05T03:29:04.803Z","logId":1772619286844,"logger":"LoginService","msg":"LOGIN summary: success=1 alreadyOk=0 relogin=0 fail=0"}
{"level":30,"time":"2026-03-05T03:30:03.742Z","logId":1772619286844,"logger":"LoginService","msg":"Initializing background workers..."}
{"level":30,"time":"2026-03-05T03:30:03.742Z","logId":1772619286844,"logger":"FriendWorker","msg":"FriendWorker starting..."}
{"level":30,"time":"2026-03-05T03:30:03.742Z","logId":1772619286844,"logger":"NotificationWorker","msg":"NotificationWorker starting..."}
{"level":30,"time":"2026-03-05T03:30:03.742Z","logId":1772619286844,"logger":"FeedWorker","msg":"FeedWorker starting..."}
{"level":30,"time":"2026-03-05T03:30:03.742Z","logId":1772619286844,"logger":"SurfWorker","msg":"SurfWorker starting..."}
{"level":50,"time":"2026-03-05T03:30:04.253Z","logId":1772619286844,"logger":"LoginService","row":1,"phone":"longh1248@gmail.com","proxy":"http://103.84.95.54:7890","err":"read ECONNRESET","msg":"ACCOUNT_PROCESS_ERROR"}
{"level":30,"time":"2026-03-05T03:30:04.253Z","logId":1772619286844,"logger":"LoginService","msg":"LOGIN summary: success=0 alreadyOk=0 relogin=0 fail=1"}
{"level":30,"time":"2026-03-05T03:31:03.746Z","logId":1772619286844,"logger":"LoginService","msg":"Initializing background workers..."}
{"level":30,"time":"2026-03-05T03:31:03.746Z","logId":1772619286844,"logger":"FriendWorker","msg":"FriendWorker starting..."}
{"level":30,"time":"2026-03-05T03:31:03.746Z","logId":1772619286844,"logger":"NotificationWorker","msg":"NotificationWorker starting..."}
{"level":30,"time":"2026-03-05T03:31:03.746Z","logId":1772619286844,"logger":"FeedWorker","msg":"FeedWorker starting..."}
{"level":30,"time":"2026-03-05T03:31:03.746Z","logId":1772619286844,"logger":"SurfWorker","msg":"SurfWorker starting..."}
{"level":50,"time":"2026-03-05T03:31:04.952Z","logId":1772619286844,"logger":"LoginService","row":1,"phone":"longh1248@gmail.com","proxy":"http://103.84.95.54:7890","err":"Client network socket disconnected before secure TLS connection was established","msg":"ACCOUNT_PROCESS_ERROR"}
{"level":30,"time":"2026-03-05T03:31:04.953Z","logId":1772619286844,"logger":"LoginService","msg":"LOGIN summary: success=0 alreadyOk=0 relogin=0 fail=1"}
{"level":30,"time":"2026-03-05T03:32:03.754Z","logId":1772619286844,"logger":"LoginService","msg":"Initializing background workers..."}
{"level":30,"time":"2026-03-05T03:32:03.754Z","logId":1772619286844,"logger":"FriendWorker","msg":"FriendWorker starting..."}
{"level":30,"time":"2026-03-05T03:32:03.754Z","logId":1772619286844,"logger":"NotificationWorker","msg":"NotificationWorker starting..."}
{"level":30,"time":"2026-03-05T03:32:03.754Z","logId":1772619286844,"logger":"FeedWorker","msg":"FeedWorker starting..."}
{"level":30,"time":"2026-03-05T03:32:03.754Z","logId":1772619286844,"logger":"SurfWorker","msg":"SurfWorker starting..."}
{"level":50,"time":"2026-03-05T03:32:03.938Z","logId":1772619286844,"logger":"LoginService","row":1,"phone":"longh1248@gmail.com","proxy":"http://103.84.95.54:7890","err":"read ECONNRESET","msg":"ACCOUNT_PROCESS_ERROR"}
{"level":30,"time":"2026-03-05T03:32:03.939Z","logId":1772619286844,"logger":"LoginService","msg":"LOGIN summary: success=0 alreadyOk=0 relogin=0 fail=1"}
{"level":30,"time":"2026-03-05T03:33:03.762Z","logId":1772619286844,"logger":"LoginService","msg":"Initializing background workers..."}
{"level":30,"time":"2026-03-05T03:33:03.762Z","logId":1772619286844,"logger":"FriendWorker","msg":"FriendWorker starting..."}
{"level":30,"time":"2026-03-05T03:33:03.762Z","logId":1772619286844,"logger":"NotificationWorker","msg":"NotificationWorker starting..."}
{"level":30,"time":"2026-03-05T03:33:03.762Z","logId":1772619286844,"logger":"FeedWorker","msg":"FeedWorker starting..."}
{"level":30,"time":"2026-03-05T03:33:03.762Z","logId":1772619286844,"logger":"SurfWorker","msg":"SurfWorker starting..."}
{"level":30,"time":"2026-03-05T03:33:04.987Z","logId":1772619286844,"logger":"LoginService","msg":"LOGIN summary: success=1 alreadyOk=0 relogin=0 fail=0"}
{"level":30,"time":"2026-03-05T03:34:03.766Z","logId":1772619286844,"logger":"LoginService","msg":"Initializing background workers..."}
{"level":30,"time":"2026-03-05T03:34:03.767Z","logId":1772619286844,"logger":"FriendWorker","msg":"FriendWorker starting..."}
{"level":30,"time":"2026-03-05T03:34:03.767Z","logId":1772619286844,"logger":"NotificationWorker","msg":"NotificationWorker starting..."}
{"level":30,"time":"2026-03-05T03:34:03.767Z","logId":1772619286844,"logger":"FeedWorker","msg":"FeedWorker starting..."}
{"level":30,"time":"2026-03-05T03:34:03.767Z","logId":1772619286844,"logger":"SurfWorker","msg":"SurfWorker starting..."}
{"level":50,"time":"2026-03-05T03:34:04.443Z","logId":1772619286844,"logger":"LoginService","row":1,"phone":"longh1248@gmail.com","proxy":"http://103.84.95.54:7890","err":"Client network socket disconnected before secure TLS connection was established","msg":"ACCOUNT_PROCESS_ERROR"}
{"level":30,"time":"2026-03-05T03:34:04.443Z","logId":1772619286844,"logger":"LoginService","msg":"LOGIN summary: success=0 alreadyOk=0 relogin=0 fail=1"}
{"level":30,"time":"2026-03-05T03:35:03.772Z","logId":1772619286844,"logger":"LoginService","msg":"Initializing background workers..."}
{"level":30,"time":"2026-03-05T03:35:03.772Z","logId":1772619286844,"logger":"FriendWorker","msg":"FriendWorker starting..."}
{"level":30,"time":"2026-03-05T03:35:03.772Z","logId":1772619286844,"logger":"NotificationWorker","msg":"NotificationWorker starting..."}
{"level":30,"time":"2026-03-05T03:35:03.772Z","logId":1772619286844,"logger":"FeedWorker","msg":"FeedWorker starting..."}
{"level":30,"time":"2026-03-05T03:35:03.772Z","logId":1772619286844,"logger":"SurfWorker","msg":"SurfWorker starting..."}
{"level":50,"time":"2026-03-05T03:35:03.991Z","logId":1772619286844,"logger":"LoginService","row":1,"phone":"longh1248@gmail.com","proxy":"http://103.84.95.54:7890","err":"read ECONNRESET","msg":"ACCOUNT_PROCESS_ERROR"}
{"level":30,"time":"2026-03-05T03:35:03.991Z","logId":1772619286844,"logger":"LoginService","msg":"LOGIN summary: success=0 alreadyOk=0 relogin=0 fail=1"}
{"level":30,"time":"2026-03-05T03:36:03.781Z","logId":1772619286844,"logger":"LoginService","msg":"Initializing background workers..."}
{"level":30,"time":"2026-03-05T03:36:03.781Z","logId":1772619286844,"logger":"FriendWorker","msg":"FriendWorker starting..."}
{"level":30,"time":"2026-03-05T03:36:03.781Z","logId":1772619286844,"logger":"NotificationWorker","msg":"NotificationWorker starting..."}
{"level":30,"time":"2026-03-05T03:36:03.781Z","logId":1772619286844,"logger":"FeedWorker","msg":"FeedWorker starting..."}
{"level":30,"time":"2026-03-05T03:36:03.781Z","logId":1772619286844,"logger":"SurfWorker","msg":"SurfWorker starting..."}
{"level":50,"time":"2026-03-05T03:36:05.434Z","logId":1772619286844,"logger":"LoginService","row":1,"phone":"longh1248@gmail.com","proxy":"http://103.84.95.54:7890","err":"Client network socket disconnected before secure TLS connection was established","msg":"ACCOUNT_PROCESS_ERROR"}
{"level":30,"time":"2026-03-05T03:36:05.434Z","logId":1772619286844,"logger":"LoginService","msg":"LOGIN summary: success=0 alreadyOk=0 relogin=0 fail=1"}
{"level":30,"time":"2026-03-05T03:37:03.782Z","logId":1772619286844,"logger":"LoginService","msg":"Initializing background workers..."}
{"level":30,"time":"2026-03-05T03:37:03.782Z","logId":1772619286844,"logger":"FriendWorker","msg":"FriendWorker starting..."}
{"level":30,"time":"2026-03-05T03:37:03.782Z","logId":1772619286844,"logger":"NotificationWorker","msg":"NotificationWorker starting..."}
{"level":30,"time":"2026-03-05T03:37:03.782Z","logId":1772619286844,"logger":"FeedWorker","msg":"FeedWorker starting..."}
{"level":30,"time":"2026-03-05T03:37:03.782Z","logId":1772619286844,"logger":"SurfWorker","msg":"SurfWorker starting..."}
{"level":50,"time":"2026-03-05T03:37:08.626Z","logId":1772619286844,"logger":"LoginService","row":1,"phone":"longh1248@gmail.com","proxy":"http://103.84.95.54:7890","err":"Client network socket disconnected before secure TLS connection was established","msg":"ACCOUNT_PROCESS_ERROR"}
{"level":30,"time":"2026-03-05T03:37:08.626Z","logId":1772619286844,"logger":"LoginService","msg":"LOGIN summary: success=0 alreadyOk=0 relogin=0 fail=1"}
{"level":30,"time":"2026-03-05T03:38:03.798Z","logId":1772619286844,"logger":"LoginService","msg":"Initializing background workers..."}
{"level":30,"time":"2026-03-05T03:38:03.798Z","logId":1772619286844,"logger":"FriendWorker","msg":"FriendWorker starting..."}
{"level":30,"time":"2026-03-05T03:38:03.798Z","logId":1772619286844,"logger":"NotificationWorker","msg":"NotificationWorker starting..."}
{"level":30,"time":"2026-03-05T03:38:03.798Z","logId":1772619286844,"logger":"FeedWorker","msg":"FeedWorker starting..."}
{"level":30,"time":"2026-03-05T03:38:03.798Z","logId":1772619286844,"logger":"SurfWorker","msg":"SurfWorker starting..."}
{"level":30,"time":"2026-03-05T03:38:04.371Z","logId":1772619286844,"logger":"LoginService","msg":"LOGIN summary: success=1 alreadyOk=0 relogin=0 fail=0"}
{"level":30,"time":"2026-03-05T03:39:03.808Z","logId":1772619286844,"logger":"LoginService","msg":"Initializing background workers..."}
{"level":30,"time":"2026-03-05T03:39:03.808Z","logId":1772619286844,"logger":"FriendWorker","msg":"FriendWorker starting..."}
{"level":30,"time":"2026-03-05T03:39:03.808Z","logId":1772619286844,"logger":"NotificationWorker","msg":"NotificationWorker starting..."}
{"level":30,"time":"2026-03-05T03:39:03.808Z","logId":1772619286844,"logger":"FeedWorker","msg":"FeedWorker starting..."}
{"level":30,"time":"2026-03-05T03:39:03.808Z","logId":1772619286844,"logger":"SurfWorker","msg":"SurfWorker starting..."}
{"level":50,"time":"2026-03-05T03:39:04.382Z","logId":1772619286844,"logger":"LoginService","row":1,"phone":"longh1248@gmail.com","proxy":"http://103.84.95.54:7890","err":"read ECONNRESET","msg":"ACCOUNT_PROCESS_ERROR"}
{"level":30,"time":"2026-03-05T03:39:04.382Z","logId":1772619286844,"logger":"LoginService","msg":"LOGIN summary: success=0 alreadyOk=0 relogin=0 fail=1"}
{"level":30,"time":"2026-03-05T03:40:03.813Z","logId":1772619286844,"logger":"LoginService","msg":"Initializing background workers..."}
{"level":30,"time":"2026-03-05T03:40:03.813Z","logId":1772619286844,"logger":"FriendWorker","msg":"FriendWorker starting..."}
{"level":30,"time":"2026-03-05T03:40:03.813Z","logId":1772619286844,"logger":"NotificationWorker","msg":"NotificationWorker starting..."}
{"level":30,"time":"2026-03-05T03:40:03.813Z","logId":1772619286844,"logger":"FeedWorker","msg":"FeedWorker starting..."}
{"level":30,"time":"2026-03-05T03:40:03.813Z","logId":1772619286844,"logger":"SurfWorker","msg":"SurfWorker starting..."}
{"level":50,"time":"2026-03-05T03:40:06.050Z","logId":1772619286844,"logger":"LoginService","row":1,"phone":"longh1248@gmail.com","proxy":"http://103.84.95.54:7890","err":"Client network socket disconnected before secure TLS connection was established","msg":"ACCOUNT_PROCESS_ERROR"}
{"level":30,"time":"2026-03-05T03:40:06.050Z","logId":1772619286844,"logger":"LoginService","msg":"LOGIN summary: success=0 alreadyOk=0 relogin=0 fail=1"}
{"level":30,"time":"2026-03-05T03:41:03.820Z","logId":1772619286844,"logger":"LoginService","msg":"Initializing background workers..."}
{"level":30,"time":"2026-03-05T03:41:03.820Z","logId":1772619286844,"logger":"FriendWorker","msg":"FriendWorker starting..."}
{"level":30,"time":"2026-03-05T03:41:03.820Z","logId":1772619286844,"logger":"NotificationWorker","msg":"NotificationWorker starting..."}
{"level":30,"time":"2026-03-05T03:41:03.820Z","logId":1772619286844,"logger":"FeedWorker","msg":"FeedWorker starting..."}
{"level":30,"time":"2026-03-05T03:41:03.820Z","logId":1772619286844,"logger":"SurfWorker","msg":"SurfWorker starting..."}
{"level":30,"time":"2026-03-05T03:41:04.329Z","logId":1772619286844,"logger":"LoginService","msg":"LOGIN summary: success=1 alreadyOk=0 relogin=0 fail=0"}
{"level":30,"time":"2026-03-05T03:42:03.822Z","logId":1772619286844,"logger":"LoginService","msg":"Initializing background workers..."}
{"level":30,"time":"2026-03-05T03:42:03.823Z","logId":1772619286844,"logger":"FriendWorker","msg":"FriendWorker starting..."}
{"level":30,"time":"2026-03-05T03:42:03.823Z","logId":1772619286844,"logger":"NotificationWorker","msg":"NotificationWorker starting..."}
{"level":30,"time":"2026-03-05T03:42:03.823Z","logId":1772619286844,"logger":"FeedWorker","msg":"FeedWorker starting..."}
{"level":30,"time":"2026-03-05T03:42:03.823Z","logId":1772619286844,"logger":"SurfWorker","msg":"SurfWorker starting..."}
{"level":30,"time":"2026-03-05T03:42:04.466Z","logId":1772619286844,"logger":"LoginService","msg":"LOGIN summary: success=1 alreadyOk=0 relogin=0 fail=0"}
{"level":30,"time":"2026-03-05T03:43:03.833Z","logId":1772619286844,"logger":"LoginService","msg":"Initializing background workers..."}
{"level":30,"time":"2026-03-05T03:43:03.833Z","logId":1772619286844,"logger":"FriendWorker","msg":"FriendWorker starting..."}
{"level":30,"time":"2026-03-05T03:43:03.833Z","logId":1772619286844,"logger":"NotificationWorker","msg":"NotificationWorker starting..."}
{"level":30,"time":"2026-03-05T03:43:03.833Z","logId":1772619286844,"logger":"FeedWorker","msg":"FeedWorker starting..."}
{"level":30,"time":"2026-03-05T03:43:03.833Z","logId":1772619286844,"logger":"SurfWorker","msg":"SurfWorker starting..."}
{"level":50,"time":"2026-03-05T03:43:07.850Z","logId":1772619286844,"logger":"LoginService","row":1,"phone":"longh1248@gmail.com","proxy":"http://103.84.95.54:7890","err":"read ECONNRESET","msg":"ACCOUNT_PROCESS_ERROR"}
{"level":30,"time":"2026-03-05T03:43:07.850Z","logId":1772619286844,"logger":"LoginService","msg":"LOGIN summary: success=0 alreadyOk=0 relogin=0 fail=1"}
{"level":30,"time":"2026-03-05T03:44:03.845Z","logId":1772619286844,"logger":"LoginService","msg":"Initializing background workers..."}
{"level":30,"time":"2026-03-05T03:44:03.845Z","logId":1772619286844,"logger":"FriendWorker","msg":"FriendWorker starting..."}
{"level":30,"time":"2026-03-05T03:44:03.845Z","logId":1772619286844,"logger":"NotificationWorker","msg":"NotificationWorker starting..."}
{"level":30,"time":"2026-03-05T03:44:03.845Z","logId":1772619286844,"logger":"FeedWorker","msg":"FeedWorker starting..."}
{"level":30,"time":"2026-03-05T03:44:03.845Z","logId":1772619286844,"logger":"SurfWorker","msg":"SurfWorker starting..."}
{"level":30,"time":"2026-03-05T03:44:04.440Z","logId":1772619286844,"logger":"LoginService","msg":"LOGIN summary: success=1 alreadyOk=0 relogin=0 fail=0"}
{"level":30,"time":"2026-03-05T03:45:03.857Z","logId":1772619286844,"logger":"LoginService","msg":"Initializing background workers..."}
{"level":30,"time":"2026-03-05T03:45:03.857Z","logId":1772619286844,"logger":"FriendWorker","msg":"FriendWorker starting..."}
{"level":30,"time":"2026-03-05T03:45:03.857Z","logId":1772619286844,"logger":"NotificationWorker","msg":"NotificationWorker starting..."}
{"level":30,"time":"2026-03-05T03:45:03.857Z","logId":1772619286844,"logger":"FeedWorker","msg":"FeedWorker starting..."}
{"level":30,"time":"2026-03-05T03:45:03.857Z","logId":1772619286844,"logger":"SurfWorker","msg":"SurfWorker starting..."}
{"level":50,"time":"2026-03-05T03:45:05.397Z","logId":1772619286844,"logger":"LoginService","row":1,"phone":"longh1248@gmail.com","proxy":"http://103.84.95.54:7890","err":"Client network socket disconnected before secure TLS connection was established","msg":"ACCOUNT_PROCESS_ERROR"}
{"level":30,"time":"2026-03-05T03:45:05.397Z","logId":1772619286844,"logger":"LoginService","msg":"LOGIN summary: success=0 alreadyOk=0 relogin=0 fail=1"}
{"level":30,"time":"2026-03-05T03:46:03.872Z","logId":1772619286844,"logger":"LoginService","msg":"Initializing background workers..."}
{"level":30,"time":"2026-03-05T03:46:03.872Z","logId":1772619286844,"logger":"FriendWorker","msg":"FriendWorker starting..."}
{"level":30,"time":"2026-03-05T03:46:03.872Z","logId":1772619286844,"logger":"NotificationWorker","msg":"NotificationWorker starting..."}
{"level":30,"time":"2026-03-05T03:46:03.872Z","logId":1772619286844,"logger":"FeedWorker","msg":"FeedWorker starting..."}
{"level":30,"time":"2026-03-05T03:46:03.872Z","logId":1772619286844,"logger":"SurfWorker","msg":"SurfWorker starting..."}
{"level":50,"time":"2026-03-05T03:46:04.152Z","logId":1772619286844,"logger":"LoginService","row":1,"phone":"longh1248@gmail.com","proxy":"http://103.84.95.54:7890","err":"Client network socket disconnected before secure TLS connection was established","msg":"ACCOUNT_PROCESS_ERROR"}
{"level":30,"time":"2026-03-05T03:46:04.152Z","logId":1772619286844,"logger":"LoginService","msg":"LOGIN summary: success=0 alreadyOk=0 relogin=0 fail=1"}
{"level":30,"time":"2026-03-05T03:47:03.875Z","logId":1772619286844,"logger":"LoginService","msg":"Initializing background workers..."}
{"level":30,"time":"2026-03-05T03:47:03.875Z","logId":1772619286844,"logger":"FriendWorker","msg":"FriendWorker starting..."}
{"level":30,"time":"2026-03-05T03:47:03.875Z","logId":1772619286844,"logger":"NotificationWorker","msg":"NotificationWorker starting..."}
{"level":30,"time":"2026-03-05T03:47:03.875Z","logId":1772619286844,"logger":"FeedWorker","msg":"FeedWorker starting..."}
{"level":30,"time":"2026-03-05T03:47:03.875Z","logId":1772619286844,"logger":"SurfWorker","msg":"SurfWorker starting..."}
{"level":50,"time":"2026-03-05T03:47:04.041Z","logId":1772619286844,"logger":"LoginService","row":1,"phone":"longh1248@gmail.com","proxy":"http://103.84.95.54:7890","err":"read ECONNRESET","msg":"ACCOUNT_PROCESS_ERROR"}
{"level":30,"time":"2026-03-05T03:47:04.041Z","logId":1772619286844,"logger":"LoginService","msg":"LOGIN summary: success=0 alreadyOk=0 relogin=0 fail=1"}
{"level":30,"time":"2026-03-05T03:48:03.889Z","logId":1772619286844,"logger":"LoginService","msg":"Initializing background workers..."}
{"level":30,"time":"2026-03-05T03:48:03.889Z","logId":1772619286844,"logger":"FriendWorker","msg":"FriendWorker starting..."}
{"level":30,"time":"2026-03-05T03:48:03.889Z","logId":1772619286844,"logger":"NotificationWorker","msg":"NotificationWorker starting..."}
{"level":30,"time":"2026-03-05T03:48:03.889Z","logId":1772619286844,"logger":"FeedWorker","msg":"FeedWorker starting..."}
{"level":30,"time":"2026-03-05T03:48:03.889Z","logId":1772619286844,"logger":"SurfWorker","msg":"SurfWorker starting..."}
{"level":30,"time":"2026-03-05T03:48:04.387Z","logId":1772619286844,"logger":"LoginService","msg":"LOGIN summary: success=1 alreadyOk=0 relogin=0 fail=0"}
{"level":30,"time":"2026-03-05T03:49:03.891Z","logId":1772619286844,"logger":"LoginService","msg":"Initializing background workers..."}
{"level":30,"time":"2026-03-05T03:49:03.891Z","logId":1772619286844,"logger":"FriendWorker","msg":"FriendWorker starting..."}
{"level":30,"time":"2026-03-05T03:49:03.891Z","logId":1772619286844,"logger":"NotificationWorker","msg":"NotificationWorker starting..."}
{"level":30,"time":"2026-03-05T03:49:03.891Z","logId":1772619286844,"logger":"FeedWorker","msg":"FeedWorker starting..."}
{"level":30,"time":"2026-03-05T03:49:03.891Z","logId":1772619286844,"logger":"SurfWorker","msg":"SurfWorker starting..."}
{"level":50,"time":"2026-03-05T03:49:04.432Z","logId":1772619286844,"logger":"LoginService","row":1,"phone":"longh1248@gmail.com","proxy":"http://103.84.95.54:7890","err":"Client network socket disconnected before secure TLS connection was established","msg":"ACCOUNT_PROCESS_ERROR"}
{"level":30,"time":"2026-03-05T03:49:04.432Z","logId":1772619286844,"logger":"LoginService","msg":"LOGIN summary: success=0 alreadyOk=0 relogin=0 fail=1"}
{"level":30,"time":"2026-03-05T03:50:03.896Z","logId":1772619286844,"logger":"LoginService","msg":"Initializing background workers..."}
{"level":30,"time":"2026-03-05T03:50:03.896Z","logId":1772619286844,"logger":"FriendWorker","msg":"FriendWorker starting..."}
{"level":30,"time":"2026-03-05T03:50:03.896Z","logId":1772619286844,"logger":"NotificationWorker","msg":"NotificationWorker starting..."}
{"level":30,"time":"2026-03-05T03:50:03.896Z","logId":1772619286844,"logger":"FeedWorker","msg":"FeedWorker starting..."}
{"level":30,"time":"2026-03-05T03:50:03.896Z","logId":1772619286844,"logger":"SurfWorker","msg":"SurfWorker starting..."}
{"level":30,"time":"2026-03-05T03:50:04.489Z","logId":1772619286844,"logger":"LoginService","msg":"LOGIN summary: success=1 alreadyOk=0 relogin=0 fail=0"}
{"level":30,"time":"2026-03-05T03:51:03.907Z","logId":1772619286844,"logger":"LoginService","msg":"Initializing background workers..."}
{"level":30,"time":"2026-03-05T03:51:03.907Z","logId":1772619286844,"logger":"FriendWorker","msg":"FriendWorker starting..."}
{"level":30,"time":"2026-03-05T03:51:03.907Z","logId":1772619286844,"logger":"NotificationWorker","msg":"NotificationWorker starting..."}
{"level":30,"time":"2026-03-05T03:51:03.907Z","logId":1772619286844,"logger":"FeedWorker","msg":"FeedWorker starting..."}
{"level":30,"time":"2026-03-05T03:51:03.907Z","logId":1772619286844,"logger":"SurfWorker","msg":"SurfWorker starting..."}
{"level":50,"time":"2026-03-05T03:51:04.145Z","logId":1772619286844,"logger":"LoginService","row":1,"phone":"longh1248@gmail.com","proxy":"http://103.84.95.54:7890","err":"read ECONNRESET","msg":"ACCOUNT_PROCESS_ERROR"}
{"level":30,"time":"2026-03-05T03:51:04.145Z","logId":1772619286844,"logger":"LoginService","msg":"LOGIN summary: success=0 alreadyOk=0 relogin=0 fail=1"}
{"level":30,"time":"2026-03-05T03:52:03.915Z","logId":1772619286844,"logger":"LoginService","msg":"Initializing background workers..."}
{"level":30,"time":"2026-03-05T03:52:03.915Z","logId":1772619286844,"logger":"FriendWorker","msg":"FriendWorker starting..."}
{"level":30,"time":"2026-03-05T03:52:03.915Z","logId":1772619286844,"logger":"NotificationWorker","msg":"NotificationWorker starting..."}
{"level":30,"time":"2026-03-05T03:52:03.915Z","logId":1772619286844,"logger":"FeedWorker","msg":"FeedWorker starting..."}
{"level":30,"time":"2026-03-05T03:52:03.915Z","logId":1772619286844,"logger":"SurfWorker","msg":"SurfWorker starting..."}
{"level":50,"time":"2026-03-05T03:52:07.377Z","logId":1772619286844,"logger":"LoginService","row":1,"phone":"longh1248@gmail.com","proxy":"http://103.84.95.54:7890","err":"read ECONNRESET","msg":"ACCOUNT_PROCESS_ERROR"}
{"level":30,"time":"2026-03-05T03:52:07.377Z","logId":1772619286844,"logger":"LoginService","msg":"LOGIN summary: success=0 alreadyOk=0 relogin=0 fail=1"}
{"level":30,"time":"2026-03-05T03:53:03.923Z","logId":1772619286844,"logger":"LoginService","msg":"Initializing background workers..."}
{"level":30,"time":"2026-03-05T03:53:03.923Z","logId":1772619286844,"logger":"FriendWorker","msg":"FriendWorker starting..."}
{"level":30,"time":"2026-03-05T03:53:03.923Z","logId":1772619286844,"logger":"NotificationWorker","msg":"NotificationWorker starting..."}
{"level":30,"time":"2026-03-05T03:53:03.923Z","logId":1772619286844,"logger":"FeedWorker","msg":"FeedWorker starting..."}
{"level":30,"time":"2026-03-05T03:53:03.923Z","logId":1772619286844,"logger":"SurfWorker","msg":"SurfWorker starting..."}
{"level":50,"time":"2026-03-05T03:53:09.732Z","logId":1772619286844,"logger":"LoginService","row":1,"phone":"longh1248@gmail.com","proxy":"http://103.84.95.54:7890","err":"Client network socket disconnected before secure TLS connection was established","msg":"ACCOUNT_PROCESS_ERROR"}
{"level":30,"time":"2026-03-05T03:53:09.733Z","logId":1772619286844,"logger":"LoginService","msg":"LOGIN summary: success=0 alreadyOk=0 relogin=0 fail=1"}
{"level":30,"time":"2026-03-05T03:54:03.929Z","logId":1772619286844,"logger":"LoginService","msg":"Initializing background workers..."}
{"level":30,"time":"2026-03-05T03:54:03.929Z","logId":1772619286844,"logger":"FriendWorker","msg":"FriendWorker starting..."}
{"level":30,"time":"2026-03-05T03:54:03.929Z","logId":1772619286844,"logger":"NotificationWorker","msg":"NotificationWorker starting..."}
{"level":30,"time":"2026-03-05T03:54:03.929Z","logId":1772619286844,"logger":"FeedWorker","msg":"FeedWorker starting..."}
{"level":30,"time":"2026-03-05T03:54:03.929Z","logId":1772619286844,"logger":"SurfWorker","msg":"SurfWorker starting..."}
{"level":30,"time":"2026-03-05T03:54:04.603Z","logId":1772619286844,"logger":"LoginService","msg":"LOGIN summary: success=1 alreadyOk=0 relogin=0 fail=0"}
{"level":30,"time":"2026-03-05T03:55:03.934Z","logId":1772619286844,"logger":"LoginService","msg":"Initializing background workers..."}
{"level":30,"time":"2026-03-05T03:55:03.934Z","logId":1772619286844,"logger":"FriendWorker","msg":"FriendWorker starting..."}
{"level":30,"time":"2026-03-05T03:55:03.934Z","logId":1772619286844,"logger":"NotificationWorker","msg":"NotificationWorker starting..."}
{"level":30,"time":"2026-03-05T03:55:03.934Z","logId":1772619286844,"logger":"FeedWorker","msg":"FeedWorker starting..."}
{"level":30,"time":"2026-03-05T03:55:03.934Z","logId":1772619286844,"logger":"SurfWorker","msg":"SurfWorker starting..."}
{"level":50,"time":"2026-03-05T03:55:04.488Z","logId":1772619286844,"logger":"LoginService","row":1,"phone":"longh1248@gmail.com","proxy":"http://103.84.95.54:7890","err":"read ECONNRESET","msg":"ACCOUNT_PROCESS_ERROR"}
{"level":30,"time":"2026-03-05T03:55:04.488Z","logId":1772619286844,"logger":"LoginService","msg":"LOGIN summary: success=0 alreadyOk=0 relogin=0 fail=1"}
{"level":30,"time":"2026-03-05T03:56:03.947Z","logId":1772619286844,"logger":"LoginService","msg":"Initializing background workers..."}
{"level":30,"time":"2026-03-05T03:56:03.947Z","logId":1772619286844,"logger":"FriendWorker","msg":"FriendWorker starting..."}
{"level":30,"time":"2026-03-05T03:56:03.947Z","logId":1772619286844,"logger":"NotificationWorker","msg":"NotificationWorker starting..."}
{"level":30,"time":"2026-03-05T03:56:03.947Z","logId":1772619286844,"logger":"FeedWorker","msg":"FeedWorker starting..."}
{"level":30,"time":"2026-03-05T03:56:03.947Z","logId":1772619286844,"logger":"SurfWorker","msg":"SurfWorker starting..."}
{"level":50,"time":"2026-03-05T03:56:09.390Z","logId":1772619286844,"logger":"LoginService","row":1,"phone":"longh1248@gmail.com","proxy":"http://103.84.95.54:7890","err":"read ECONNRESET","msg":"ACCOUNT_PROCESS_ERROR"}
{"level":30,"time":"2026-03-05T03:56:09.390Z","logId":1772619286844,"logger":"LoginService","msg":"LOGIN summary: success=0 alreadyOk=0 relogin=0 fail=1"}
{"level":30,"time":"2026-03-05T03:57:03.957Z","logId":1772619286844,"logger":"LoginService","msg":"Initializing background workers..."}
{"level":30,"time":"2026-03-05T03:57:03.957Z","logId":1772619286844,"logger":"FriendWorker","msg":"FriendWorker starting..."}
{"level":30,"time":"2026-03-05T03:57:03.957Z","logId":1772619286844,"logger":"NotificationWorker","msg":"NotificationWorker starting..."}
{"level":30,"time":"2026-03-05T03:57:03.957Z","logId":1772619286844,"logger":"FeedWorker","msg":"FeedWorker starting..."}
{"level":30,"time":"2026-03-05T03:57:03.957Z","logId":1772619286844,"logger":"SurfWorker","msg":"SurfWorker starting..."}
{"level":50,"time":"2026-03-05T03:57:09.482Z","logId":1772619286844,"logger":"LoginService","row":1,"phone":"longh1248@gmail.com","proxy":"http://103.84.95.54:7890","err":"Client network socket disconnected before secure TLS connection was established","msg":"ACCOUNT_PROCESS_ERROR"}
{"level":30,"time":"2026-03-05T03:57:09.482Z","logId":1772619286844,"logger":"LoginService","msg":"LOGIN summary: success=0 alreadyOk=0 relogin=0 fail=1"}
{"level":30,"time":"2026-03-05T03:58:03.969Z","logId":1772619286844,"logger":"LoginService","msg":"Initializing background workers..."}
{"level":30,"time":"2026-03-05T03:58:03.969Z","logId":1772619286844,"logger":"FriendWorker","msg":"FriendWorker starting..."}
{"level":30,"time":"2026-03-05T03:58:03.969Z","logId":1772619286844,"logger":"NotificationWorker","msg":"NotificationWorker starting..."}
{"level":30,"time":"2026-03-05T03:58:03.969Z","logId":1772619286844,"logger":"FeedWorker","msg":"FeedWorker starting..."}
{"level":30,"time":"2026-03-05T03:58:03.969Z","logId":1772619286844,"logger":"SurfWorker","msg":"SurfWorker starting..."}
{"level":50,"time":"2026-03-05T03:58:05.994Z","logId":1772619286844,"logger":"LoginService","row":1,"phone":"longh1248@gmail.com","proxy":"http://103.84.95.54:7890","err":"Client network socket disconnected before secure TLS connection was established","msg":"ACCOUNT_PROCESS_ERROR"}
{"level":30,"time":"2026-03-05T03:58:05.994Z","logId":1772619286844,"logger":"LoginService","msg":"LOGIN summary: success=0 alreadyOk=0 relogin=0 fail=1"}
{"level":30,"time":"2026-03-05T03:59:03.980Z","logId":1772619286844,"logger":"LoginService","msg":"Initializing background workers..."}
{"level":30,"time":"2026-03-05T03:59:03.981Z","logId":1772619286844,"logger":"FriendWorker","msg":"FriendWorker starting..."}
{"level":30,"time":"2026-03-05T03:59:03.981Z","logId":1772619286844,"logger":"NotificationWorker","msg":"NotificationWorker starting..."}
{"level":30,"time":"2026-03-05T03:59:03.981Z","logId":1772619286844,"logger":"FeedWorker","msg":"FeedWorker starting..."}
{"level":30,"time":"2026-03-05T03:59:03.981Z","logId":1772619286844,"logger":"SurfWorker","msg":"SurfWorker starting..."}
{"level":50,"time":"2026-03-05T03:59:09.431Z","logId":1772619286844,"logger":"LoginService","row":1,"phone":"longh1248@gmail.com","proxy":"http://103.84.95.54:7890","err":"Client network socket disconnected before secure TLS connection was established","msg":"ACCOUNT_PROCESS_ERROR"}
{"level":30,"time":"2026-03-05T03:59:09.431Z","logId":1772619286844,"logger":"LoginService","msg":"LOGIN summary: success=0 alreadyOk=0 relogin=0 fail=1"}
{"level":30,"time":"2026-03-05T04:00:03.994Z","logId":1772619286844,"logger":"LoginService","msg":"Initializing background workers..."}
{"level":30,"time":"2026-03-05T04:00:03.994Z","logId":1772619286844,"logger":"FriendWorker","msg":"FriendWorker starting..."}
{"level":30,"time":"2026-03-05T04:00:03.994Z","logId":1772619286844,"logger":"NotificationWorker","msg":"NotificationWorker starting..."}
{"level":30,"time":"2026-03-05T04:00:03.994Z","logId":1772619286844,"logger":"FeedWorker","msg":"FeedWorker starting..."}
{"level":30,"time":"2026-03-05T04:00:03.994Z","logId":1772619286844,"logger":"SurfWorker","msg":"SurfWorker starting..."}
{"level":50,"time":"2026-03-05T04:00:09.130Z","logId":1772619286844,"logger":"LoginService","row":1,"phone":"longh1248@gmail.com","proxy":"http://103.84.95.54:7890","err":"Client network socket disconnected before secure TLS connection was established","msg":"ACCOUNT_PROCESS_ERROR"}
{"level":30,"time":"2026-03-05T04:00:09.130Z","logId":1772619286844,"logger":"LoginService","msg":"LOGIN summary: success=0 alreadyOk=0 relogin=0 fail=1"}
{"level":30,"time":"2026-03-05T04:01:04.001Z","logId":1772619286844,"logger":"LoginService","msg":"Initializing background workers..."}
{"level":30,"time":"2026-03-05T04:01:04.001Z","logId":1772619286844,"logger":"FriendWorker","msg":"FriendWorker starting..."}
{"level":30,"time":"2026-03-05T04:01:04.001Z","logId":1772619286844,"logger":"NotificationWorker","msg":"NotificationWorker starting..."}
{"level":30,"time":"2026-03-05T04:01:04.001Z","logId":1772619286844,"logger":"FeedWorker","msg":"FeedWorker starting..."}
{"level":30,"time":"2026-03-05T04:01:04.001Z","logId":1772619286844,"logger":"SurfWorker","msg":"SurfWorker starting..."}
{"level":50,"time":"2026-03-05T04:01:09.490Z","logId":1772619286844,"logger":"LoginService","row":1,"phone":"longh1248@gmail.com","proxy":"http://103.84.95.54:7890","err":"Client network socket disconnected before secure TLS connection was established","msg":"ACCOUNT_PROCESS_ERROR"}
{"level":30,"time":"2026-03-05T04:01:09.490Z","logId":1772619286844,"logger":"LoginService","msg":"LOGIN summary: success=0 alreadyOk=0 relogin=0 fail=1"}
{"level":30,"time":"2026-03-05T04:02:04.016Z","logId":1772619286844,"logger":"LoginService","msg":"Initializing background workers..."}
{"level":30,"time":"2026-03-05T04:02:04.016Z","logId":1772619286844,"logger":"FriendWorker","msg":"FriendWorker starting..."}
{"level":30,"time":"2026-03-05T04:02:04.016Z","logId":1772619286844,"logger":"NotificationWorker","msg":"NotificationWorker starting..."}
{"level":30,"time":"2026-03-05T04:02:04.016Z","logId":1772619286844,"logger":"FeedWorker","msg":"FeedWorker starting..."}
{"level":30,"time":"2026-03-05T04:02:04.016Z","logId":1772619286844,"logger":"SurfWorker","msg":"SurfWorker starting..."}
{"level":50,"time":"2026-03-05T04:02:04.230Z","logId":1772619286844,"logger":"LoginService","row":1,"phone":"longh1248@gmail.com","proxy":"http://103.84.95.54:7890","err":"read ECONNRESET","msg":"ACCOUNT_PROCESS_ERROR"}
{"level":30,"time":"2026-03-05T04:02:04.230Z","logId":1772619286844,"logger":"LoginService","msg":"LOGIN summary: success=0 alreadyOk=0 relogin=0 fail=1"}
{"level":30,"time":"2026-03-05T04:03:04.018Z","logId":1772619286844,"logger":"LoginService","msg":"Initializing background workers..."}
{"level":30,"time":"2026-03-05T04:03:04.018Z","logId":1772619286844,"logger":"FriendWorker","msg":"FriendWorker starting..."}
{"level":30,"time":"2026-03-05T04:03:04.018Z","logId":1772619286844,"logger":"NotificationWorker","msg":"NotificationWorker starting..."}
{"level":30,"time":"2026-03-05T04:03:04.018Z","logId":1772619286844,"logger":"FeedWorker","msg":"FeedWorker starting..."}
{"level":30,"time":"2026-03-05T04:03:04.018Z","logId":1772619286844,"logger":"SurfWorker","msg":"SurfWorker starting..."}
{"level":50,"time":"2026-03-05T04:03:04.198Z","logId":1772619286844,"logger":"LoginService","row":1,"phone":"longh1248@gmail.com","proxy":"http://103.84.95.54:7890","err":"read ECONNRESET","msg":"ACCOUNT_PROCESS_ERROR"}
{"level":30,"time":"2026-03-05T04:03:04.198Z","logId":1772619286844,"logger":"LoginService","msg":"LOGIN summary: success=0 alreadyOk=0 relogin=0 fail=1"}
{"level":30,"time":"2026-03-05T04:04:04.024Z","logId":1772619286844,"logger":"LoginService","msg":"Initializing background workers..."}
{"level":30,"time":"2026-03-05T04:04:04.024Z","logId":1772619286844,"logger":"FriendWorker","msg":"FriendWorker starting..."}
{"level":30,"time":"2026-03-05T04:04:04.024Z","logId":1772619286844,"logger":"NotificationWorker","msg":"NotificationWorker starting..."}
{"level":30,"time":"2026-03-05T04:04:04.024Z","logId":1772619286844,"logger":"FeedWorker","msg":"FeedWorker starting..."}
{"level":30,"time":"2026-03-05T04:04:04.024Z","logId":1772619286844,"logger":"SurfWorker","msg":"SurfWorker starting..."}
{"level":50,"time":"2026-03-05T04:04:04.329Z","logId":1772619286844,"logger":"LoginService","row":1,"phone":"longh1248@gmail.com","proxy":"http://103.84.95.54:7890","err":"Client network socket disconnected before secure TLS connection was established","msg":"ACCOUNT_PROCESS_ERROR"}
{"level":30,"time":"2026-03-05T04:04:04.329Z","logId":1772619286844,"logger":"LoginService","msg":"LOGIN summary: success=0 alreadyOk=0 relogin=0 fail=1"}
{"level":30,"time":"2026-03-05T04:05:04.027Z","logId":1772619286844,"logger":"LoginService","msg":"Initializing background workers..."}
{"level":30,"time":"2026-03-05T04:05:04.027Z","logId":1772619286844,"logger":"FriendWorker","msg":"FriendWorker starting..."}
{"level":30,"time":"2026-03-05T04:05:04.027Z","logId":1772619286844,"logger":"NotificationWorker","msg":"NotificationWorker starting..."}
{"level":30,"time":"2026-03-05T04:05:04.027Z","logId":1772619286844,"logger":"FeedWorker","msg":"FeedWorker starting..."}
{"level":30,"time":"2026-03-05T04:05:04.027Z","logId":1772619286844,"logger":"SurfWorker","msg":"SurfWorker starting..."}
{"level":50,"time":"2026-03-05T04:05:04.437Z","logId":1772619286844,"logger":"LoginService","row":1,"phone":"longh1248@gmail.com","proxy":"http://103.84.95.54:7890","err":"Client network socket disconnected before secure TLS connection was established","msg":"ACCOUNT_PROCESS_ERROR"}
{"level":30,"time":"2026-03-05T04:05:04.437Z","logId":1772619286844,"logger":"LoginService","msg":"LOGIN summary: success=0 alreadyOk=0 relogin=0 fail=1"}
{"level":30,"time":"2026-03-05T04:06:04.028Z","logId":1772619286844,"logger":"LoginService","msg":"Initializing background workers..."}
{"level":30,"time":"2026-03-05T04:06:04.028Z","logId":1772619286844,"logger":"FriendWorker","msg":"FriendWorker starting..."}
{"level":30,"time":"2026-03-05T04:06:04.028Z","logId":1772619286844,"logger":"NotificationWorker","msg":"NotificationWorker starting..."}
{"level":30,"time":"2026-03-05T04:06:04.028Z","logId":1772619286844,"logger":"FeedWorker","msg":"FeedWorker starting..."}
{"level":30,"time":"2026-03-05T04:06:04.028Z","logId":1772619286844,"logger":"SurfWorker","msg":"SurfWorker starting..."}
{"level":50,"time":"2026-03-05T04:06:04.537Z","logId":1772619286844,"logger":"LoginService","row":1,"phone":"longh1248@gmail.com","proxy":"http://103.84.95.54:7890","err":"Client network socket disconnected before secure TLS connection was established","msg":"ACCOUNT_PROCESS_ERROR"}
{"level":30,"time":"2026-03-05T04:06:04.537Z","logId":1772619286844,"logger":"LoginService","msg":"LOGIN summary: success=0 alreadyOk=0 relogin=0 fail=1"}
{"level":30,"time":"2026-03-05T04:07:04.041Z","logId":1772619286844,"logger":"LoginService","msg":"Initializing background workers..."}
{"level":30,"time":"2026-03-05T04:07:04.041Z","logId":1772619286844,"logger":"FriendWorker","msg":"FriendWorker starting..."}
{"level":30,"time":"2026-03-05T04:07:04.041Z","logId":1772619286844,"logger":"NotificationWorker","msg":"NotificationWorker starting..."}
{"level":30,"time":"2026-03-05T04:07:04.041Z","logId":1772619286844,"logger":"FeedWorker","msg":"FeedWorker starting..."}
{"level":30,"time":"2026-03-05T04:07:04.041Z","logId":1772619286844,"logger":"SurfWorker","msg":"SurfWorker starting..."}
{"level":50,"time":"2026-03-05T04:07:04.337Z","logId":1772619286844,"logger":"LoginService","row":1,"phone":"longh1248@gmail.com","proxy":"http://103.84.95.54:7890","err":"Client network socket disconnected before secure TLS connection was established","msg":"ACCOUNT_PROCESS_ERROR"}
{"level":30,"time":"2026-03-05T04:07:04.337Z","logId":1772619286844,"logger":"LoginService","msg":"LOGIN summary: success=0 alreadyOk=0 relogin=0 fail=1"}
{"level":30,"time":"2026-03-05T04:08:04.052Z","logId":1772619286844,"logger":"LoginService","msg":"Initializing background workers..."}
{"level":30,"time":"2026-03-05T04:08:04.052Z","logId":1772619286844,"logger":"FriendWorker","msg":"FriendWorker starting..."}
{"level":30,"time":"2026-03-05T04:08:04.052Z","logId":1772619286844,"logger":"NotificationWorker","msg":"NotificationWorker starting..."}
{"level":30,"time":"2026-03-05T04:08:04.052Z","logId":1772619286844,"logger":"FeedWorker","msg":"FeedWorker starting..."}
{"level":30,"time":"2026-03-05T04:08:04.052Z","logId":1772619286844,"logger":"SurfWorker","msg":"SurfWorker starting..."}
{"level":50,"time":"2026-03-05T04:08:04.240Z","logId":1772619286844,"logger":"LoginService","row":1,"phone":"longh1248@gmail.com","proxy":"http://103.84.95.54:7890","err":"read ECONNRESET","msg":"ACCOUNT_PROCESS_ERROR"}
{"level":30,"time":"2026-03-05T04:08:04.240Z","logId":1772619286844,"logger":"LoginService","msg":"LOGIN summary: success=0 alreadyOk=0 relogin=0 fail=1"}
{"level":30,"time":"2026-03-05T04:09:04.067Z","logId":1772619286844,"logger":"LoginService","msg":"Initializing background workers..."}
{"level":30,"time":"2026-03-05T04:09:04.067Z","logId":1772619286844,"logger":"FriendWorker","msg":"FriendWorker starting..."}
{"level":30,"time":"2026-03-05T04:09:04.067Z","logId":1772619286844,"logger":"NotificationWorker","msg":"NotificationWorker starting..."}
{"level":30,"time":"2026-03-05T04:09:04.067Z","logId":1772619286844,"logger":"FeedWorker","msg":"FeedWorker starting..."}
{"level":30,"time":"2026-03-05T04:09:04.067Z","logId":1772619286844,"logger":"SurfWorker","msg":"SurfWorker starting..."}
{"level":50,"time":"2026-03-05T04:09:04.826Z","logId":1772619286844,"logger":"LoginService","row":1,"phone":"longh1248@gmail.com","proxy":"http://103.84.95.54:7890","err":"Client network socket disconnected before secure TLS connection was established","msg":"ACCOUNT_PROCESS_ERROR"}
{"level":30,"time":"2026-03-05T04:09:04.826Z","logId":1772619286844,"logger":"LoginService","msg":"LOGIN summary: success=0 alreadyOk=0 relogin=0 fail=1"}
{"level":30,"time":"2026-03-05T04:10:04.083Z","logId":1772619286844,"logger":"LoginService","msg":"Initializing background workers..."}
{"level":30,"time":"2026-03-05T04:10:04.083Z","logId":1772619286844,"logger":"FriendWorker","msg":"FriendWorker starting..."}
{"level":30,"time":"2026-03-05T04:10:04.083Z","logId":1772619286844,"logger":"NotificationWorker","msg":"NotificationWorker starting..."}
{"level":30,"time":"2026-03-05T04:10:04.083Z","logId":1772619286844,"logger":"FeedWorker","msg":"FeedWorker starting..."}
{"level":30,"time":"2026-03-05T04:10:04.083Z","logId":1772619286844,"logger":"SurfWorker","msg":"SurfWorker starting..."}
{"level":30,"time":"2026-03-05T04:10:04.721Z","logId":1772619286844,"logger":"LoginService","msg":"LOGIN summary: success=1 alreadyOk=0 relogin=0 fail=0"}
{"level":30,"time":"2026-03-05T04:11:04.084Z","logId":1772619286844,"logger":"LoginService","msg":"Initializing background workers..."}
{"level":30,"time":"2026-03-05T04:11:04.084Z","logId":1772619286844,"logger":"FriendWorker","msg":"FriendWorker starting..."}
{"level":30,"time":"2026-03-05T04:11:04.084Z","logId":1772619286844,"logger":"NotificationWorker","msg":"NotificationWorker starting..."}
{"level":30,"time":"2026-03-05T04:11:04.084Z","logId":1772619286844,"logger":"FeedWorker","msg":"FeedWorker starting..."}
{"level":30,"time":"2026-03-05T04:11:04.084Z","logId":1772619286844,"logger":"SurfWorker","msg":"SurfWorker starting..."}
{"level":50,"time":"2026-03-05T04:11:04.465Z","logId":1772619286844,"logger":"LoginService","row":1,"phone":"longh1248@gmail.com","proxy":"http://103.84.95.54:7890","err":"Client network socket disconnected before secure TLS connection was established","msg":"ACCOUNT_PROCESS_ERROR"}
{"level":30,"time":"2026-03-05T04:11:04.465Z","logId":1772619286844,"logger":"LoginService","msg":"LOGIN summary: success=0 alreadyOk=0 relogin=0 fail=1"}
{"level":30,"time":"2026-03-05T04:12:04.087Z","logId":1772619286844,"logger":"LoginService","msg":"Initializing background workers..."}
{"level":30,"time":"2026-03-05T04:12:04.087Z","logId":1772619286844,"logger":"FriendWorker","msg":"FriendWorker starting..."}
{"level":30,"time":"2026-03-05T04:12:04.087Z","logId":1772619286844,"logger":"NotificationWorker","msg":"NotificationWorker starting..."}
{"level":30,"time":"2026-03-05T04:12:04.087Z","logId":1772619286844,"logger":"FeedWorker","msg":"FeedWorker starting..."}
{"level":30,"time":"2026-03-05T04:12:04.087Z","logId":1772619286844,"logger":"SurfWorker","msg":"SurfWorker starting..."}
{"level":50,"time":"2026-03-05T04:12:04.984Z","logId":1772619286844,"logger":"LoginService","row":1,"phone":"longh1248@gmail.com","proxy":"http://103.84.95.54:7890","err":"read ECONNRESET","msg":"ACCOUNT_PROCESS_ERROR"}
{"level":30,"time":"2026-03-05T04:12:04.984Z","logId":1772619286844,"logger":"LoginService","msg":"LOGIN summary: success=0 alreadyOk=0 relogin=0 fail=1"}
{"level":30,"time":"2026-03-05T04:13:04.096Z","logId":1772619286844,"logger":"LoginService","msg":"Initializing background workers..."}
{"level":30,"time":"2026-03-05T04:13:04.096Z","logId":1772619286844,"logger":"FriendWorker","msg":"FriendWorker starting..."}
{"level":30,"time":"2026-03-05T04:13:04.096Z","logId":1772619286844,"logger":"NotificationWorker","msg":"NotificationWorker starting..."}
{"level":30,"time":"2026-03-05T04:13:04.096Z","logId":1772619286844,"logger":"FeedWorker","msg":"FeedWorker starting..."}
{"level":30,"time":"2026-03-05T04:13:04.096Z","logId":1772619286844,"logger":"SurfWorker","msg":"SurfWorker starting..."}
{"level":50,"time":"2026-03-05T04:13:04.959Z","logId":1772619286844,"logger":"LoginService","row":1,"phone":"longh1248@gmail.com","proxy":"http://103.84.95.54:7890","err":"Client network socket disconnected before secure TLS connection was established","msg":"ACCOUNT_PROCESS_ERROR"}
{"level":30,"time":"2026-03-05T04:13:04.959Z","logId":1772619286844,"logger":"LoginService","msg":"LOGIN summary: success=0 alreadyOk=0 relogin=0 fail=1"}
{"level":30,"time":"2026-03-05T04:14:04.099Z","logId":1772619286844,"logger":"LoginService","msg":"Initializing background workers..."}
{"level":30,"time":"2026-03-05T04:14:04.099Z","logId":1772619286844,"logger":"FriendWorker","msg":"FriendWorker starting..."}
{"level":30,"time":"2026-03-05T04:14:04.099Z","logId":1772619286844,"logger":"NotificationWorker","msg":"NotificationWorker starting..."}
{"level":30,"time":"2026-03-05T04:14:04.099Z","logId":1772619286844,"logger":"FeedWorker","msg":"FeedWorker starting..."}
{"level":30,"time":"2026-03-05T04:14:04.099Z","logId":1772619286844,"logger":"SurfWorker","msg":"SurfWorker starting..."}
{"level":50,"time":"2026-03-05T04:14:04.891Z","logId":1772619286844,"logger":"LoginService","row":1,"phone":"longh1248@gmail.com","proxy":"http://103.84.95.54:7890","err":"Client network socket disconnected before secure TLS connection was established","msg":"ACCOUNT_PROCESS_ERROR"}
{"level":30,"time":"2026-03-05T04:14:04.891Z","logId":1772619286844,"logger":"LoginService","msg":"LOGIN summary: success=0 alreadyOk=0 relogin=0 fail=1"}
{"level":30,"time":"2026-03-05T04:15:04.108Z","logId":1772619286844,"logger":"LoginService","msg":"Initializing background workers..."}
{"level":30,"time":"2026-03-05T04:15:04.108Z","logId":1772619286844,"logger":"FriendWorker","msg":"FriendWorker starting..."}
{"level":30,"time":"2026-03-05T04:15:04.108Z","logId":1772619286844,"logger":"NotificationWorker","msg":"NotificationWorker starting..."}
{"level":30,"time":"2026-03-05T04:15:04.108Z","logId":1772619286844,"logger":"FeedWorker","msg":"FeedWorker starting..."}
{"level":30,"time":"2026-03-05T04:15:04.108Z","logId":1772619286844,"logger":"SurfWorker","msg":"SurfWorker starting..."}
{"level":50,"time":"2026-03-05T04:15:04.289Z","logId":1772619286844,"logger":"LoginService","row":1,"phone":"longh1248@gmail.com","proxy":"http://103.84.95.54:7890","err":"read ECONNRESET","msg":"ACCOUNT_PROCESS_ERROR"}
{"level":30,"time":"2026-03-05T04:15:04.289Z","logId":1772619286844,"logger":"LoginService","msg":"LOGIN summary: success=0 alreadyOk=0 relogin=0 fail=1"}
{"level":30,"time":"2026-03-05T04:16:04.118Z","logId":1772619286844,"logger":"LoginService","msg":"Initializing background workers..."}
{"level":30,"time":"2026-03-05T04:16:04.118Z","logId":1772619286844,"logger":"FriendWorker","msg":"FriendWorker starting..."}
{"level":30,"time":"2026-03-05T04:16:04.118Z","logId":1772619286844,"logger":"NotificationWorker","msg":"NotificationWorker starting..."}
{"level":30,"time":"2026-03-05T04:16:04.118Z","logId":1772619286844,"logger":"FeedWorker","msg":"FeedWorker starting..."}
{"level":30,"time":"2026-03-05T04:16:04.118Z","logId":1772619286844,"logger":"SurfWorker","msg":"SurfWorker starting..."}
{"level":50,"time":"2026-03-05T04:16:05.091Z","logId":1772619286844,"logger":"LoginService","row":1,"phone":"longh1248@gmail.com","proxy":"http://103.84.95.54:7890","err":"read ECONNRESET","msg":"ACCOUNT_PROCESS_ERROR"}
{"level":30,"time":"2026-03-05T04:16:05.091Z","logId":1772619286844,"logger":"LoginService","msg":"LOGIN summary: success=0 alreadyOk=0 relogin=0 fail=1"}
{"level":30,"time":"2026-03-05T04:17:04.121Z","logId":1772619286844,"logger":"LoginService","msg":"Initializing background workers..."}
{"level":30,"time":"2026-03-05T04:17:04.121Z","logId":1772619286844,"logger":"FriendWorker","msg":"FriendWorker starting..."}
{"level":30,"time":"2026-03-05T04:17:04.121Z","logId":1772619286844,"logger":"NotificationWorker","msg":"NotificationWorker starting..."}
{"level":30,"time":"2026-03-05T04:17:04.121Z","logId":1772619286844,"logger":"FeedWorker","msg":"FeedWorker starting..."}
{"level":30,"time":"2026-03-05T04:17:04.121Z","logId":1772619286844,"logger":"SurfWorker","msg":"SurfWorker starting..."}
{"level":50,"time":"2026-03-05T04:17:05.004Z","logId":1772619286844,"logger":"LoginService","row":1,"phone":"longh1248@gmail.com","proxy":"http://103.84.95.54:7890","err":"Client network socket disconnected before secure TLS connection was established","msg":"ACCOUNT_PROCESS_ERROR"}
{"level":30,"time":"2026-03-05T04:17:05.004Z","logId":1772619286844,"logger":"LoginService","msg":"LOGIN summary: success=0 alreadyOk=0 relogin=0 fail=1"}
{"level":30,"time":"2026-03-05T04:18:04.133Z","logId":1772619286844,"logger":"LoginService","msg":"Initializing background workers..."}
{"level":30,"time":"2026-03-05T04:18:04.133Z","logId":1772619286844,"logger":"FriendWorker","msg":"FriendWorker starting..."}
{"level":30,"time":"2026-03-05T04:18:04.133Z","logId":1772619286844,"logger":"NotificationWorker","msg":"NotificationWorker starting..."}
{"level":30,"time":"2026-03-05T04:18:04.134Z","logId":1772619286844,"logger":"FeedWorker","msg":"FeedWorker starting..."}
{"level":30,"time":"2026-03-05T04:18:04.134Z","logId":1772619286844,"logger":"SurfWorker","msg":"SurfWorker starting..."}
{"level":50,"time":"2026-03-05T04:18:04.326Z","logId":1772619286844,"logger":"LoginService","row":1,"phone":"longh1248@gmail.com","proxy":"http://103.84.95.54:7890","err":"read ECONNRESET","msg":"ACCOUNT_PROCESS_ERROR"}
{"level":30,"time":"2026-03-05T04:18:04.326Z","logId":1772619286844,"logger":"LoginService","msg":"LOGIN summary: success=0 alreadyOk=0 relogin=0 fail=1"}
{"level":30,"time":"2026-03-05T04:19:04.136Z","logId":1772619286844,"logger":"LoginService","msg":"Initializing background workers..."}
{"level":30,"time":"2026-03-05T04:19:04.136Z","logId":1772619286844,"logger":"FriendWorker","msg":"FriendWorker starting..."}
{"level":30,"time":"2026-03-05T04:19:04.137Z","logId":1772619286844,"logger":"NotificationWorker","msg":"NotificationWorker starting..."}
{"level":30,"time":"2026-03-05T04:19:04.137Z","logId":1772619286844,"logger":"FeedWorker","msg":"FeedWorker starting..."}
{"level":30,"time":"2026-03-05T04:19:04.137Z","logId":1772619286844,"logger":"SurfWorker","msg":"SurfWorker starting..."}
{"level":30,"time":"2026-03-05T04:19:04.653Z","logId":1772619286844,"logger":"LoginService","msg":"LOGIN summary: success=1 alreadyOk=0 relogin=0 fail=0"}
{"level":30,"time":"2026-03-05T04:20:04.144Z","logId":1772619286844,"logger":"LoginService","msg":"Initializing background workers..."}
{"level":30,"time":"2026-03-05T04:20:04.144Z","logId":1772619286844,"logger":"FriendWorker","msg":"FriendWorker starting..."}
{"level":30,"time":"2026-03-05T04:20:04.145Z","logId":1772619286844,"logger":"NotificationWorker","msg":"NotificationWorker starting..."}
{"level":30,"time":"2026-03-05T04:20:04.145Z","logId":1772619286844,"logger":"FeedWorker","msg":"FeedWorker starting..."}
{"level":30,"time":"2026-03-05T04:20:04.145Z","logId":1772619286844,"logger":"SurfWorker","msg":"SurfWorker starting..."}
{"level":50,"time":"2026-03-05T04:20:04.597Z","logId":1772619286844,"logger":"LoginService","row":1,"phone":"longh1248@gmail.com","proxy":"http://103.84.95.54:7890","err":"Client network socket disconnected before secure TLS connection was established","msg":"ACCOUNT_PROCESS_ERROR"}
{"level":30,"time":"2026-03-05T04:20:04.597Z","logId":1772619286844,"logger":"LoginService","msg":"LOGIN summary: success=0 alreadyOk=0 relogin=0 fail=1"}
{"level":30,"time":"2026-03-05T04:21:04.157Z","logId":1772619286844,"logger":"LoginService","msg":"Initializing background workers..."}
{"level":30,"time":"2026-03-05T04:21:04.157Z","logId":1772619286844,"logger":"FriendWorker","msg":"FriendWorker starting..."}
{"level":30,"time":"2026-03-05T04:21:04.157Z","logId":1772619286844,"logger":"NotificationWorker","msg":"NotificationWorker starting..."}
{"level":30,"time":"2026-03-05T04:21:04.157Z","logId":1772619286844,"logger":"FeedWorker","msg":"FeedWorker starting..."}
{"level":30,"time":"2026-03-05T04:21:04.157Z","logId":1772619286844,"logger":"SurfWorker","msg":"SurfWorker starting..."}
{"level":50,"time":"2026-03-05T04:21:04.835Z","logId":1772619286844,"logger":"LoginService","row":1,"phone":"longh1248@gmail.com","proxy":"http://103.84.95.54:7890","err":"Client network socket disconnected before secure TLS connection was established","msg":"ACCOUNT_PROCESS_ERROR"}
{"level":30,"time":"2026-03-05T04:21:04.836Z","logId":1772619286844,"logger":"LoginService","msg":"LOGIN summary: success=0 alreadyOk=0 relogin=0 fail=1"}
{"level":30,"time":"2026-03-05T04:22:04.159Z","logId":1772619286844,"logger":"LoginService","msg":"Initializing background workers..."}
{"level":30,"time":"2026-03-05T04:22:04.159Z","logId":1772619286844,"logger":"FriendWorker","msg":"FriendWorker starting..."}
{"level":30,"time":"2026-03-05T04:22:04.159Z","logId":1772619286844,"logger":"NotificationWorker","msg":"NotificationWorker starting..."}
{"level":30,"time":"2026-03-05T04:22:04.159Z","logId":1772619286844,"logger":"FeedWorker","msg":"FeedWorker starting..."}
{"level":30,"time":"2026-03-05T04:22:04.159Z","logId":1772619286844,"logger":"SurfWorker","msg":"SurfWorker starting..."}
{"level":50,"time":"2026-03-05T04:22:04.356Z","logId":1772619286844,"logger":"LoginService","row":1,"phone":"longh1248@gmail.com","proxy":"http://103.84.95.54:7890","err":"Client network socket disconnected before secure TLS connection was established","msg":"ACCOUNT_PROCESS_ERROR"}
{"level":30,"time":"2026-03-05T04:22:04.356Z","logId":1772619286844,"logger":"LoginService","msg":"LOGIN summary: success=0 alreadyOk=0 relogin=0 fail=1"}
{"level":30,"time":"2026-03-05T04:23:04.160Z","logId":1772619286844,"logger":"LoginService","msg":"Initializing background workers..."}
{"level":30,"time":"2026-03-05T04:23:04.160Z","logId":1772619286844,"logger":"FriendWorker","msg":"FriendWorker starting..."}
{"level":30,"time":"2026-03-05T04:23:04.160Z","logId":1772619286844,"logger":"NotificationWorker","msg":"NotificationWorker starting..."}
{"level":30,"time":"2026-03-05T04:23:04.160Z","logId":1772619286844,"logger":"FeedWorker","msg":"FeedWorker starting..."}
{"level":30,"time":"2026-03-05T04:23:04.160Z","logId":1772619286844,"logger":"SurfWorker","msg":"SurfWorker starting..."}
{"level":50,"time":"2026-03-05T04:23:04.319Z","logId":1772619286844,"logger":"LoginService","row":1,"phone":"longh1248@gmail.com","proxy":"http://103.84.95.54:7890","err":"read ECONNRESET","msg":"ACCOUNT_PROCESS_ERROR"}
{"level":30,"time":"2026-03-05T04:23:04.319Z","logId":1772619286844,"logger":"LoginService","msg":"LOGIN summary: success=0 alreadyOk=0 relogin=0 fail=1"}
{"level":30,"time":"2026-03-05T04:24:04.164Z","logId":1772619286844,"logger":"LoginService","msg":"Initializing background workers..."}
{"level":30,"time":"2026-03-05T04:24:04.164Z","logId":1772619286844,"logger":"FriendWorker","msg":"FriendWorker starting..."}
{"level":30,"time":"2026-03-05T04:24:04.164Z","logId":1772619286844,"logger":"NotificationWorker","msg":"NotificationWorker starting..."}
{"level":30,"time":"2026-03-05T04:24:04.164Z","logId":1772619286844,"logger":"FeedWorker","msg":"FeedWorker starting..."}
{"level":30,"time":"2026-03-05T04:24:04.164Z","logId":1772619286844,"logger":"SurfWorker","msg":"SurfWorker starting..."}
{"level":50,"time":"2026-03-05T04:24:04.720Z","logId":1772619286844,"logger":"LoginService","row":1,"phone":"longh1248@gmail.com","proxy":"http://103.84.95.54:7890","err":"Client network socket disconnected before secure TLS connection was established","msg":"ACCOUNT_PROCESS_ERROR"}
{"level":30,"time":"2026-03-05T04:24:04.720Z","logId":1772619286844,"logger":"LoginService","msg":"LOGIN summary: success=0 alreadyOk=0 relogin=0 fail=1"}
{"level":30,"time":"2026-03-05T04:25:04.180Z","logId":1772619286844,"logger":"LoginService","msg":"Initializing background workers..."}
{"level":30,"time":"2026-03-05T04:25:04.180Z","logId":1772619286844,"logger":"FriendWorker","msg":"FriendWorker starting..."}
{"level":30,"time":"2026-03-05T04:25:04.180Z","logId":1772619286844,"logger":"NotificationWorker","msg":"NotificationWorker starting..."}
{"level":30,"time":"2026-03-05T04:25:04.180Z","logId":1772619286844,"logger":"FeedWorker","msg":"FeedWorker starting..."}
{"level":30,"time":"2026-03-05T04:25:04.180Z","logId":1772619286844,"logger":"SurfWorker","msg":"SurfWorker starting..."}
{"level":50,"time":"2026-03-05T04:25:05.873Z","logId":1772619286844,"logger":"LoginService","row":1,"phone":"longh1248@gmail.com","proxy":"http://103.84.95.54:7890","err":"Client network socket disconnected before secure TLS connection was established","msg":"ACCOUNT_PROCESS_ERROR"}
{"level":30,"time":"2026-03-05T04:25:05.873Z","logId":1772619286844,"logger":"LoginService","msg":"LOGIN summary: success=0 alreadyOk=0 relogin=0 fail=1"}
{"level":30,"time":"2026-03-05T04:26:04.179Z","logId":1772619286844,"logger":"LoginService","msg":"Initializing background workers..."}
{"level":30,"time":"2026-03-05T04:26:04.180Z","logId":1772619286844,"logger":"FriendWorker","msg":"FriendWorker starting..."}
{"level":30,"time":"2026-03-05T04:26:04.180Z","logId":1772619286844,"logger":"NotificationWorker","msg":"NotificationWorker starting..."}
{"level":30,"time":"2026-03-05T04:26:04.180Z","logId":1772619286844,"logger":"FeedWorker","msg":"FeedWorker starting..."}
{"level":30,"time":"2026-03-05T04:26:04.180Z","logId":1772619286844,"logger":"SurfWorker","msg":"SurfWorker starting..."}
{"level":50,"time":"2026-03-05T04:26:05.131Z","logId":1772619286844,"logger":"LoginService","row":1,"phone":"longh1248@gmail.com","proxy":"http://103.84.95.54:7890","err":"read ECONNRESET","msg":"ACCOUNT_PROCESS_ERROR"}
{"level":30,"time":"2026-03-05T04:26:05.131Z","logId":1772619286844,"logger":"LoginService","msg":"LOGIN summary: success=0 alreadyOk=0 relogin=0 fail=1"}
{"level":30,"time":"2026-03-05T04:27:04.185Z","logId":1772619286844,"logger":"LoginService","msg":"Initializing background workers..."}
{"level":30,"time":"2026-03-05T04:27:04.185Z","logId":1772619286844,"logger":"FriendWorker","msg":"FriendWorker starting..."}
{"level":30,"time":"2026-03-05T04:27:04.185Z","logId":1772619286844,"logger":"NotificationWorker","msg":"NotificationWorker starting..."}
{"level":30,"time":"2026-03-05T04:27:04.185Z","logId":1772619286844,"logger":"FeedWorker","msg":"FeedWorker starting..."}
{"level":30,"time":"2026-03-05T04:27:04.185Z","logId":1772619286844,"logger":"SurfWorker","msg":"SurfWorker starting..."}
{"level":50,"time":"2026-03-05T04:27:04.379Z","logId":1772619286844,"logger":"LoginService","row":1,"phone":"longh1248@gmail.com","proxy":"http://103.84.95.54:7890","err":"read ECONNRESET","msg":"ACCOUNT_PROCESS_ERROR"}
{"level":30,"time":"2026-03-05T04:27:04.379Z","logId":1772619286844,"logger":"LoginService","msg":"LOGIN summary: success=0 alreadyOk=0 relogin=0 fail=1"}
{"level":30,"time":"2026-03-05T04:28:04.197Z","logId":1772619286844,"logger":"LoginService","msg":"Initializing background workers..."}
{"level":30,"time":"2026-03-05T04:28:04.197Z","logId":1772619286844,"logger":"FriendWorker","msg":"FriendWorker starting..."}
{"level":30,"time":"2026-03-05T04:28:04.197Z","logId":1772619286844,"logger":"NotificationWorker","msg":"NotificationWorker starting..."}
{"level":30,"time":"2026-03-05T04:28:04.197Z","logId":1772619286844,"logger":"FeedWorker","msg":"FeedWorker starting..."}
{"level":30,"time":"2026-03-05T04:28:04.198Z","logId":1772619286844,"logger":"SurfWorker","msg":"SurfWorker starting..."}
{"level":30,"time":"2026-03-05T04:28:04.810Z","logId":1772619286844,"logger":"LoginService","msg":"LOGIN summary: success=1 alreadyOk=0 relogin=0 fail=0"}
{"level":30,"time":"2026-03-05T04:29:04.204Z","logId":1772619286844,"logger":"LoginService","msg":"Initializing background workers..."}
{"level":30,"time":"2026-03-05T04:29:04.204Z","logId":1772619286844,"logger":"FriendWorker","msg":"FriendWorker starting..."}
{"level":30,"time":"2026-03-05T04:29:04.204Z","logId":1772619286844,"logger":"NotificationWorker","msg":"NotificationWorker starting..."}
{"level":30,"time":"2026-03-05T04:29:04.204Z","logId":1772619286844,"logger":"FeedWorker","msg":"FeedWorker starting..."}
{"level":30,"time":"2026-03-05T04:29:04.204Z","logId":1772619286844,"logger":"SurfWorker","msg":"SurfWorker starting..."}
{"level":50,"time":"2026-03-05T04:29:04.689Z","logId":1772619286844,"logger":"LoginService","row":1,"phone":"longh1248@gmail.com","proxy":"http://103.84.95.54:7890","err":"Client network socket disconnected before secure TLS connection was established","msg":"ACCOUNT_PROCESS_ERROR"}
{"level":30,"time":"2026-03-05T04:29:04.690Z","logId":1772619286844,"logger":"LoginService","msg":"LOGIN summary: success=0 alreadyOk=0 relogin=0 fail=1"}
{"level":30,"time":"2026-03-05T04:30:04.207Z","logId":1772619286844,"logger":"LoginService","msg":"Initializing background workers..."}
{"level":30,"time":"2026-03-05T04:30:04.207Z","logId":1772619286844,"logger":"FriendWorker","msg":"FriendWorker starting..."}
{"level":30,"time":"2026-03-05T04:30:04.207Z","logId":1772619286844,"logger":"NotificationWorker","msg":"NotificationWorker starting..."}
{"level":30,"time":"2026-03-05T04:30:04.207Z","logId":1772619286844,"logger":"FeedWorker","msg":"FeedWorker starting..."}
{"level":30,"time":"2026-03-05T04:30:04.207Z","logId":1772619286844,"logger":"SurfWorker","msg":"SurfWorker starting..."}
{"level":50,"time":"2026-03-05T04:30:05.096Z","logId":1772619286844,"logger":"LoginService","row":1,"phone":"longh1248@gmail.com","proxy":"http://103.84.95.54:7890","err":"Client network socket disconnected before secure TLS connection was established","msg":"ACCOUNT_PROCESS_ERROR"}
{"level":30,"time":"2026-03-05T04:30:05.096Z","logId":1772619286844,"logger":"LoginService","msg":"LOGIN summary: success=0 alreadyOk=0 relogin=0 fail=1"}
{"level":30,"time":"2026-03-05T04:31:04.214Z","logId":1772619286844,"logger":"LoginService","msg":"Initializing background workers..."}
{"level":30,"time":"2026-03-05T04:31:04.214Z","logId":1772619286844,"logger":"FriendWorker","msg":"FriendWorker starting..."}
{"level":30,"time":"2026-03-05T04:31:04.214Z","logId":1772619286844,"logger":"NotificationWorker","msg":"NotificationWorker starting..."}
{"level":30,"time":"2026-03-05T04:31:04.214Z","logId":1772619286844,"logger":"FeedWorker","msg":"FeedWorker starting..."}
{"level":30,"time":"2026-03-05T04:31:04.214Z","logId":1772619286844,"logger":"SurfWorker","msg":"SurfWorker starting..."}
{"level":50,"time":"2026-03-05T04:31:04.393Z","logId":1772619286844,"logger":"LoginService","row":1,"phone":"longh1248@gmail.com","proxy":"http://103.84.95.54:7890","err":"read ECONNRESET","msg":"ACCOUNT_PROCESS_ERROR"}
{"level":30,"time":"2026-03-05T04:31:04.393Z","logId":1772619286844,"logger":"LoginService","msg":"LOGIN summary: success=0 alreadyOk=0 relogin=0 fail=1"}
{"level":30,"time":"2026-03-05T04:32:04.219Z","logId":1772619286844,"logger":"LoginService","msg":"Initializing background workers..."}
{"level":30,"time":"2026-03-05T04:32:04.219Z","logId":1772619286844,"logger":"FriendWorker","msg":"FriendWorker starting..."}
{"level":30,"time":"2026-03-05T04:32:04.219Z","logId":1772619286844,"logger":"NotificationWorker","msg":"NotificationWorker starting..."}
{"level":30,"time":"2026-03-05T04:32:04.219Z","logId":1772619286844,"logger":"FeedWorker","msg":"FeedWorker starting..."}
{"level":30,"time":"2026-03-05T04:32:04.219Z","logId":1772619286844,"logger":"SurfWorker","msg":"SurfWorker starting..."}
{"level":50,"time":"2026-03-05T04:32:04.666Z","logId":1772619286844,"logger":"LoginService","row":1,"phone":"longh1248@gmail.com","proxy":"http://103.84.95.54:7890","err":"Client network socket disconnected before secure TLS connection was established","msg":"ACCOUNT_PROCESS_ERROR"}
{"level":30,"time":"2026-03-05T04:32:04.666Z","logId":1772619286844,"logger":"LoginService","msg":"LOGIN summary: success=0 alreadyOk=0 relogin=0 fail=1"}
{"level":30,"time":"2026-03-05T04:33:04.228Z","logId":1772619286844,"logger":"LoginService","msg":"Initializing background workers..."}
{"level":30,"time":"2026-03-05T04:33:04.228Z","logId":1772619286844,"logger":"FriendWorker","msg":"FriendWorker starting..."}
{"level":30,"time":"2026-03-05T04:33:04.228Z","logId":1772619286844,"logger":"NotificationWorker","msg":"NotificationWorker starting..."}
{"level":30,"time":"2026-03-05T04:33:04.228Z","logId":1772619286844,"logger":"FeedWorker","msg":"FeedWorker starting..."}
{"level":30,"time":"2026-03-05T04:33:04.228Z","logId":1772619286844,"logger":"SurfWorker","msg":"SurfWorker starting..."}
{"level":50,"time":"2026-03-05T04:33:05.132Z","logId":1772619286844,"logger":"LoginService","row":1,"phone":"longh1248@gmail.com","proxy":"http://103.84.95.54:7890","err":"Client network socket disconnected before secure TLS connection was established","msg":"ACCOUNT_PROCESS_ERROR"}
{"level":30,"time":"2026-03-05T04:33:05.132Z","logId":1772619286844,"logger":"LoginService","msg":"LOGIN summary: success=0 alreadyOk=0 relogin=0 fail=1"}
{"level":30,"time":"2026-03-05T04:34:04.228Z","logId":1772619286844,"logger":"LoginService","msg":"Initializing background workers..."}
{"level":30,"time":"2026-03-05T04:34:04.228Z","logId":1772619286844,"logger":"FriendWorker","msg":"FriendWorker starting..."}
{"level":30,"time":"2026-03-05T04:34:04.228Z","logId":1772619286844,"logger":"NotificationWorker","msg":"NotificationWorker starting..."}
{"level":30,"time":"2026-03-05T04:34:04.228Z","logId":1772619286844,"logger":"FeedWorker","msg":"FeedWorker starting..."}
{"level":30,"time":"2026-03-05T04:34:04.228Z","logId":1772619286844,"logger":"SurfWorker","msg":"SurfWorker starting..."}
{"level":50,"time":"2026-03-05T04:34:04.872Z","logId":1772619286844,"logger":"LoginService","row":1,"phone":"longh1248@gmail.com","proxy":"http://103.84.95.54:7890","err":"Client network socket disconnected before secure TLS connection was established","msg":"ACCOUNT_PROCESS_ERROR"}
{"level":30,"time":"2026-03-05T04:34:04.872Z","logId":1772619286844,"logger":"LoginService","msg":"LOGIN summary: success=0 alreadyOk=0 relogin=0 fail=1"}
{"level":30,"time":"2026-03-05T04:35:04.244Z","logId":1772619286844,"logger":"LoginService","msg":"Initializing background workers..."}
{"level":30,"time":"2026-03-05T04:35:04.244Z","logId":1772619286844,"logger":"FriendWorker","msg":"FriendWorker starting..."}
{"level":30,"time":"2026-03-05T04:35:04.245Z","logId":1772619286844,"logger":"NotificationWorker","msg":"NotificationWorker starting..."}
{"level":30,"time":"2026-03-05T04:35:04.245Z","logId":1772619286844,"logger":"FeedWorker","msg":"FeedWorker starting..."}
{"level":30,"time":"2026-03-05T04:35:04.245Z","logId":1772619286844,"logger":"SurfWorker","msg":"SurfWorker starting..."}
{"level":50,"time":"2026-03-05T04:35:05.524Z","logId":1772619286844,"logger":"LoginService","row":1,"phone":"longh1248@gmail.com","proxy":"http://103.84.95.54:7890","err":"Client network socket disconnected before secure TLS connection was established","msg":"ACCOUNT_PROCESS_ERROR"}
{"level":30,"time":"2026-03-05T04:35:05.524Z","logId":1772619286844,"logger":"LoginService","msg":"LOGIN summary: success=0 alreadyOk=0 relogin=0 fail=1"}
{"level":30,"time":"2026-03-05T04:36:04.249Z","logId":1772619286844,"logger":"LoginService","msg":"Initializing background workers..."}
{"level":30,"time":"2026-03-05T04:36:04.250Z","logId":1772619286844,"logger":"FriendWorker","msg":"FriendWorker starting..."}
{"level":30,"time":"2026-03-05T04:36:04.250Z","logId":1772619286844,"logger":"NotificationWorker","msg":"NotificationWorker starting..."}
{"level":30,"time":"2026-03-05T04:36:04.250Z","logId":1772619286844,"logger":"FeedWorker","msg":"FeedWorker starting..."}
{"level":30,"time":"2026-03-05T04:36:04.250Z","logId":1772619286844,"logger":"SurfWorker","msg":"SurfWorker starting..."}
{"level":50,"time":"2026-03-05T04:36:06.967Z","logId":1772619286844,"logger":"LoginService","row":1,"phone":"longh1248@gmail.com","proxy":"http://103.84.95.54:7890","err":"Client network socket disconnected before secure TLS connection was established","msg":"ACCOUNT_PROCESS_ERROR"}
{"level":30,"time":"2026-03-05T04:36:06.967Z","logId":1772619286844,"logger":"LoginService","msg":"LOGIN summary: success=0 alreadyOk=0 relogin=0 fail=1"}
{"level":30,"time":"2026-03-05T04:37:04.261Z","logId":1772619286844,"logger":"LoginService","msg":"Initializing background workers..."}
{"level":30,"time":"2026-03-05T04:37:04.261Z","logId":1772619286844,"logger":"FriendWorker","msg":"FriendWorker starting..."}
{"level":30,"time":"2026-03-05T04:37:04.261Z","logId":1772619286844,"logger":"NotificationWorker","msg":"NotificationWorker starting..."}
{"level":30,"time":"2026-03-05T04:37:04.261Z","logId":1772619286844,"logger":"FeedWorker","msg":"FeedWorker starting..."}
{"level":30,"time":"2026-03-05T04:37:04.261Z","logId":1772619286844,"logger":"SurfWorker","msg":"SurfWorker starting..."}
{"level":30,"time":"2026-03-05T04:37:05.251Z","logId":1772619286844,"logger":"LoginService","msg":"LOGIN summary: success=1 alreadyOk=0 relogin=0 fail=0"}
{"level":30,"time":"2026-03-05T04:38:04.277Z","logId":1772619286844,"logger":"LoginService","msg":"Initializing background workers..."}
{"level":30,"time":"2026-03-05T04:38:04.277Z","logId":1772619286844,"logger":"FriendWorker","msg":"FriendWorker starting..."}
{"level":30,"time":"2026-03-05T04:38:04.277Z","logId":1772619286844,"logger":"NotificationWorker","msg":"NotificationWorker starting..."}
{"level":30,"time":"2026-03-05T04:38:04.277Z","logId":1772619286844,"logger":"FeedWorker","msg":"FeedWorker starting..."}
{"level":30,"time":"2026-03-05T04:38:04.277Z","logId":1772619286844,"logger":"SurfWorker","msg":"SurfWorker starting..."}
{"level":50,"time":"2026-03-05T04:38:05.875Z","logId":1772619286844,"logger":"LoginService","row":1,"phone":"longh1248@gmail.com","proxy":"http://103.84.95.54:7890","err":"Client network socket disconnected before secure TLS connection was established","msg":"ACCOUNT_PROCESS_ERROR"}
{"level":30,"time":"2026-03-05T04:38:05.876Z","logId":1772619286844,"logger":"LoginService","msg":"LOGIN summary: success=0 alreadyOk=0 relogin=0 fail=1"}
{"level":30,"time":"2026-03-05T04:39:04.279Z","logId":1772619286844,"logger":"LoginService","msg":"Initializing background workers..."}
{"level":30,"time":"2026-03-05T04:39:04.279Z","logId":1772619286844,"logger":"FriendWorker","msg":"FriendWorker starting..."}
{"level":30,"time":"2026-03-05T04:39:04.279Z","logId":1772619286844,"logger":"NotificationWorker","msg":"NotificationWorker starting..."}
{"level":30,"time":"2026-03-05T04:39:04.279Z","logId":1772619286844,"logger":"FeedWorker","msg":"FeedWorker starting..."}
{"level":30,"time":"2026-03-05T04:39:04.279Z","logId":1772619286844,"logger":"SurfWorker","msg":"SurfWorker starting..."}
{"level":50,"time":"2026-03-05T04:39:06.941Z","logId":1772619286844,"logger":"LoginService","row":1,"phone":"longh1248@gmail.com","proxy":"http://103.84.95.54:7890","err":"Client network socket disconnected before secure TLS connection was established","msg":"ACCOUNT_PROCESS_ERROR"}
{"level":30,"time":"2026-03-05T04:39:06.941Z","logId":1772619286844,"logger":"LoginService","msg":"LOGIN summary: success=0 alreadyOk=0 relogin=0 fail=1"}
{"level":30,"time":"2026-03-05T04:40:04.281Z","logId":1772619286844,"logger":"LoginService","msg":"Initializing background workers..."}
{"level":30,"time":"2026-03-05T04:40:04.281Z","logId":1772619286844,"logger":"FriendWorker","msg":"FriendWorker starting..."}
{"level":30,"time":"2026-03-05T04:40:04.281Z","logId":1772619286844,"logger":"NotificationWorker","msg":"NotificationWorker starting..."}
{"level":30,"time":"2026-03-05T04:40:04.281Z","logId":1772619286844,"logger":"FeedWorker","msg":"FeedWorker starting..."}
{"level":30,"time":"2026-03-05T04:40:04.281Z","logId":1772619286844,"logger":"SurfWorker","msg":"SurfWorker starting..."}
{"level":50,"time":"2026-03-05T04:40:10.137Z","logId":1772619286844,"logger":"LoginService","row":1,"phone":"longh1248@gmail.com","proxy":"http://103.84.95.54:7890","err":"Client network socket disconnected before secure TLS connection was established","msg":"ACCOUNT_PROCESS_ERROR"}
{"level":30,"time":"2026-03-05T04:40:10.137Z","logId":1772619286844,"logger":"LoginService","msg":"LOGIN summary: success=0 alreadyOk=0 relogin=0 fail=1"}
{"level":30,"time":"2026-03-05T04:41:04.297Z","logId":1772619286844,"logger":"LoginService","msg":"Initializing background workers..."}
{"level":30,"time":"2026-03-05T04:41:04.297Z","logId":1772619286844,"logger":"FriendWorker","msg":"FriendWorker starting..."}
{"level":30,"time":"2026-03-05T04:41:04.297Z","logId":1772619286844,"logger":"NotificationWorker","msg":"NotificationWorker starting..."}
{"level":30,"time":"2026-03-05T04:41:04.297Z","logId":1772619286844,"logger":"FeedWorker","msg":"FeedWorker starting..."}
{"level":30,"time":"2026-03-05T04:41:04.297Z","logId":1772619286844,"logger":"SurfWorker","msg":"SurfWorker starting..."}
{"level":50,"time":"2026-03-05T04:41:04.935Z","logId":1772619286844,"logger":"LoginService","row":1,"phone":"longh1248@gmail.com","proxy":"http://103.84.95.54:7890","err":"Client network socket disconnected before secure TLS connection was established","msg":"ACCOUNT_PROCESS_ERROR"}
{"level":30,"time":"2026-03-05T04:41:04.935Z","logId":1772619286844,"logger":"LoginService","msg":"LOGIN summary: success=0 alreadyOk=0 relogin=0 fail=1"}
{"level":30,"time":"2026-03-05T04:42:04.303Z","logId":1772619286844,"logger":"LoginService","msg":"Initializing background workers..."}
{"level":30,"time":"2026-03-05T04:42:04.303Z","logId":1772619286844,"logger":"FriendWorker","msg":"FriendWorker starting..."}
{"level":30,"time":"2026-03-05T04:42:04.303Z","logId":1772619286844,"logger":"NotificationWorker","msg":"NotificationWorker starting..."}
{"level":30,"time":"2026-03-05T04:42:04.303Z","logId":1772619286844,"logger":"FeedWorker","msg":"FeedWorker starting..."}
{"level":30,"time":"2026-03-05T04:42:04.303Z","logId":1772619286844,"logger":"SurfWorker","msg":"SurfWorker starting..."}
{"level":50,"time":"2026-03-05T04:42:10.961Z","logId":1772619286844,"logger":"LoginService","row":1,"phone":"longh1248@gmail.com","proxy":"http://103.84.95.54:7890","err":"Client network socket disconnected before secure TLS connection was established","msg":"ACCOUNT_PROCESS_ERROR"}
{"level":30,"time":"2026-03-05T04:42:10.961Z","logId":1772619286844,"logger":"LoginService","msg":"LOGIN summary: success=0 alreadyOk=0 relogin=0 fail=1"}
{"level":30,"time":"2026-03-05T04:43:04.307Z","logId":1772619286844,"logger":"LoginService","msg":"Initializing background workers..."}
{"level":30,"time":"2026-03-05T04:43:04.308Z","logId":1772619286844,"logger":"FriendWorker","msg":"FriendWorker starting..."}
{"level":30,"time":"2026-03-05T04:43:04.308Z","logId":1772619286844,"logger":"NotificationWorker","msg":"NotificationWorker starting..."}
{"level":30,"time":"2026-03-05T04:43:04.308Z","logId":1772619286844,"logger":"FeedWorker","msg":"FeedWorker starting..."}
{"level":30,"time":"2026-03-05T04:43:04.308Z","logId":1772619286844,"logger":"SurfWorker","msg":"SurfWorker starting..."}
{"level":50,"time":"2026-03-05T04:43:05.009Z","logId":1772619286844,"logger":"LoginService","row":1,"phone":"longh1248@gmail.com","proxy":"http://103.84.95.54:7890","err":"read ECONNRESET","msg":"ACCOUNT_PROCESS_ERROR"}
{"level":30,"time":"2026-03-05T04:43:05.010Z","logId":1772619286844,"logger":"LoginService","msg":"LOGIN summary: success=0 alreadyOk=0 relogin=0 fail=1"}
{"level":30,"time":"2026-03-05T04:44:04.313Z","logId":1772619286844,"logger":"LoginService","msg":"Initializing background workers..."}
{"level":30,"time":"2026-03-05T04:44:04.313Z","logId":1772619286844,"logger":"FriendWorker","msg":"FriendWorker starting..."}
{"level":30,"time":"2026-03-05T04:44:04.313Z","logId":1772619286844,"logger":"NotificationWorker","msg":"NotificationWorker starting..."}
{"level":30,"time":"2026-03-05T04:44:04.313Z","logId":1772619286844,"logger":"FeedWorker","msg":"FeedWorker starting..."}
{"level":30,"time":"2026-03-05T04:44:04.313Z","logId":1772619286844,"logger":"SurfWorker","msg":"SurfWorker starting..."}
{"level":50,"time":"2026-03-05T04:44:04.596Z","logId":1772619286844,"logger":"LoginService","row":1,"phone":"longh1248@gmail.com","proxy":"http://103.84.95.54:7890","err":"Client network socket disconnected before secure TLS connection was established","msg":"ACCOUNT_PROCESS_ERROR"}
{"level":30,"time":"2026-03-05T04:44:04.596Z","logId":1772619286844,"logger":"LoginService","msg":"LOGIN summary: success=0 alreadyOk=0 relogin=0 fail=1"}
{"level":30,"time":"2026-03-05T04:45:04.322Z","logId":1772619286844,"logger":"LoginService","msg":"Initializing background workers..."}
{"level":30,"time":"2026-03-05T04:45:04.322Z","logId":1772619286844,"logger":"FriendWorker","msg":"FriendWorker starting..."}
{"level":30,"time":"2026-03-05T04:45:04.322Z","logId":1772619286844,"logger":"NotificationWorker","msg":"NotificationWorker starting..."}
{"level":30,"time":"2026-03-05T04:45:04.322Z","logId":1772619286844,"logger":"FeedWorker","msg":"FeedWorker starting..."}
{"level":30,"time":"2026-03-05T04:45:04.322Z","logId":1772619286844,"logger":"SurfWorker","msg":"SurfWorker starting..."}
{"level":50,"time":"2026-03-05T04:45:06.353Z","logId":1772619286844,"logger":"LoginService","row":1,"phone":"longh1248@gmail.com","proxy":"http://103.84.95.54:7890","err":"Client network socket disconnected before secure TLS connection was established","msg":"ACCOUNT_PROCESS_ERROR"}
{"level":30,"time":"2026-03-05T04:45:06.353Z","logId":1772619286844,"logger":"LoginService","msg":"LOGIN summary: success=0 alreadyOk=0 relogin=0 fail=1"}
{"level":30,"time":"2026-03-05T04:46:04.335Z","logId":1772619286844,"logger":"LoginService","msg":"Initializing background workers..."}
{"level":30,"time":"2026-03-05T04:46:04.335Z","logId":1772619286844,"logger":"FriendWorker","msg":"FriendWorker starting..."}
{"level":30,"time":"2026-03-05T04:46:04.335Z","logId":1772619286844,"logger":"NotificationWorker","msg":"NotificationWorker starting..."}
{"level":30,"time":"2026-03-05T04:46:04.335Z","logId":1772619286844,"logger":"FeedWorker","msg":"FeedWorker starting..."}
{"level":30,"time":"2026-03-05T04:46:04.335Z","logId":1772619286844,"logger":"SurfWorker","msg":"SurfWorker starting..."}
{"level":50,"time":"2026-03-05T04:46:07.581Z","logId":1772619286844,"logger":"LoginService","row":1,"phone":"longh1248@gmail.com","proxy":"http://103.84.95.54:7890","err":"Client network socket disconnected before secure TLS connection was established","msg":"ACCOUNT_PROCESS_ERROR"}
{"level":30,"time":"2026-03-05T04:46:07.581Z","logId":1772619286844,"logger":"LoginService","msg":"LOGIN summary: success=0 alreadyOk=0 relogin=0 fail=1"}
{"level":30,"time":"2026-03-05T04:47:04.337Z","logId":1772619286844,"logger":"LoginService","msg":"Initializing background workers..."}
{"level":30,"time":"2026-03-05T04:47:04.337Z","logId":1772619286844,"logger":"FriendWorker","msg":"FriendWorker starting..."}
{"level":30,"time":"2026-03-05T04:47:04.337Z","logId":1772619286844,"logger":"NotificationWorker","msg":"NotificationWorker starting..."}
{"level":30,"time":"2026-03-05T04:47:04.337Z","logId":1772619286844,"logger":"FeedWorker","msg":"FeedWorker starting..."}
{"level":30,"time":"2026-03-05T04:47:04.337Z","logId":1772619286844,"logger":"SurfWorker","msg":"SurfWorker starting..."}
{"level":50,"time":"2026-03-05T04:47:04.558Z","logId":1772619286844,"logger":"LoginService","row":1,"phone":"longh1248@gmail.com","proxy":"http://103.84.95.54:7890","err":"read ECONNRESET","msg":"ACCOUNT_PROCESS_ERROR"}
{"level":30,"time":"2026-03-05T04:47:04.558Z","logId":1772619286844,"logger":"LoginService","msg":"LOGIN summary: success=0 alreadyOk=0 relogin=0 fail=1"}
{"level":30,"time":"2026-03-05T04:48:04.345Z","logId":1772619286844,"logger":"LoginService","msg":"Initializing background workers..."}
{"level":30,"time":"2026-03-05T04:48:04.345Z","logId":1772619286844,"logger":"FriendWorker","msg":"FriendWorker starting..."}
{"level":30,"time":"2026-03-05T04:48:04.345Z","logId":1772619286844,"logger":"NotificationWorker","msg":"NotificationWorker starting..."}
{"level":30,"time":"2026-03-05T04:48:04.345Z","logId":1772619286844,"logger":"FeedWorker","msg":"FeedWorker starting..."}
{"level":30,"time":"2026-03-05T04:48:04.345Z","logId":1772619286844,"logger":"SurfWorker","msg":"SurfWorker starting..."}
{"level":50,"time":"2026-03-05T04:48:05.578Z","logId":1772619286844,"logger":"LoginService","row":1,"phone":"longh1248@gmail.com","proxy":"http://103.84.95.54:7890","err":"Client network socket disconnected before secure TLS connection was established","msg":"ACCOUNT_PROCESS_ERROR"}
{"level":30,"time":"2026-03-05T04:48:05.578Z","logId":1772619286844,"logger":"LoginService","msg":"LOGIN summary: success=0 alreadyOk=0 relogin=0 fail=1"}
{"level":30,"time":"2026-03-05T04:49:04.346Z","logId":1772619286844,"logger":"LoginService","msg":"Initializing background workers..."}
{"level":30,"time":"2026-03-05T04:49:04.346Z","logId":1772619286844,"logger":"FriendWorker","msg":"FriendWorker starting..."}
{"level":30,"time":"2026-03-05T04:49:04.346Z","logId":1772619286844,"logger":"NotificationWorker","msg":"NotificationWorker starting..."}
{"level":30,"time":"2026-03-05T04:49:04.346Z","logId":1772619286844,"logger":"FeedWorker","msg":"FeedWorker starting..."}
{"level":30,"time":"2026-03-05T04:49:04.346Z","logId":1772619286844,"logger":"SurfWorker","msg":"SurfWorker starting..."}
{"level":50,"time":"2026-03-05T04:49:05.128Z","logId":1772619286844,"logger":"LoginService","row":1,"phone":"longh1248@gmail.com","proxy":"http://103.84.95.54:7890","err":"Client network socket disconnected before secure TLS connection was established","msg":"ACCOUNT_PROCESS_ERROR"}
{"level":30,"time":"2026-03-05T04:49:05.129Z","logId":1772619286844,"logger":"LoginService","msg":"LOGIN summary: success=0 alreadyOk=0 relogin=0 fail=1"}
{"level":30,"time":"2026-03-05T04:50:04.348Z","logId":1772619286844,"logger":"LoginService","msg":"Initializing background workers..."}
{"level":30,"time":"2026-03-05T04:50:04.348Z","logId":1772619286844,"logger":"FriendWorker","msg":"FriendWorker starting..."}
{"level":30,"time":"2026-03-05T04:50:04.348Z","logId":1772619286844,"logger":"NotificationWorker","msg":"NotificationWorker starting..."}
{"level":30,"time":"2026-03-05T04:50:04.348Z","logId":1772619286844,"logger":"FeedWorker","msg":"FeedWorker starting..."}
{"level":30,"time":"2026-03-05T04:50:04.348Z","logId":1772619286844,"logger":"SurfWorker","msg":"SurfWorker starting..."}
{"level":50,"time":"2026-03-05T04:50:04.930Z","logId":1772619286844,"logger":"LoginService","row":1,"phone":"longh1248@gmail.com","proxy":"http://103.84.95.54:7890","err":"Client network socket disconnected before secure TLS connection was established","msg":"ACCOUNT_PROCESS_ERROR"}
{"level":30,"time":"2026-03-05T04:50:04.930Z","logId":1772619286844,"logger":"LoginService","msg":"LOGIN summary: success=0 alreadyOk=0 relogin=0 fail=1"}
{"level":30,"time":"2026-03-05T04:51:04.357Z","logId":1772619286844,"logger":"LoginService","msg":"Initializing background workers..."}
{"level":30,"time":"2026-03-05T04:51:04.357Z","logId":1772619286844,"logger":"FriendWorker","msg":"FriendWorker starting..."}
{"level":30,"time":"2026-03-05T04:51:04.357Z","logId":1772619286844,"logger":"NotificationWorker","msg":"NotificationWorker starting..."}
{"level":30,"time":"2026-03-05T04:51:04.357Z","logId":1772619286844,"logger":"FeedWorker","msg":"FeedWorker starting..."}
{"level":30,"time":"2026-03-05T04:51:04.357Z","logId":1772619286844,"logger":"SurfWorker","msg":"SurfWorker starting..."}
{"level":50,"time":"2026-03-05T04:51:10.882Z","logId":1772619286844,"logger":"LoginService","row":1,"phone":"longh1248@gmail.com","proxy":"http://103.84.95.54:7890","err":"Client network socket disconnected before secure TLS connection was established","msg":"ACCOUNT_PROCESS_ERROR"}
{"level":30,"time":"2026-03-05T04:51:10.882Z","logId":1772619286844,"logger":"LoginService","msg":"LOGIN summary: success=0 alreadyOk=0 relogin=0 fail=1"}
{"level":30,"time":"2026-03-05T04:52:04.373Z","logId":1772619286844,"logger":"LoginService","msg":"Initializing background workers..."}
{"level":30,"time":"2026-03-05T04:52:04.373Z","logId":1772619286844,"logger":"FriendWorker","msg":"FriendWorker starting..."}
{"level":30,"time":"2026-03-05T04:52:04.373Z","logId":1772619286844,"logger":"NotificationWorker","msg":"NotificationWorker starting..."}
{"level":30,"time":"2026-03-05T04:52:04.373Z","logId":1772619286844,"logger":"FeedWorker","msg":"FeedWorker starting..."}
{"level":30,"time":"2026-03-05T04:52:04.373Z","logId":1772619286844,"logger":"SurfWorker","msg":"SurfWorker starting..."}
{"level":50,"time":"2026-03-05T04:52:04.537Z","logId":1772619286844,"logger":"LoginService","row":1,"phone":"longh1248@gmail.com","proxy":"http://103.84.95.54:7890","err":"Client network socket disconnected before secure TLS connection was established","msg":"ACCOUNT_PROCESS_ERROR"}
{"level":30,"time":"2026-03-05T04:52:04.537Z","logId":1772619286844,"logger":"LoginService","msg":"LOGIN summary: success=0 alreadyOk=0 relogin=0 fail=1"}
{"level":30,"time":"2026-03-05T04:53:04.380Z","logId":1772619286844,"logger":"LoginService","msg":"Initializing background workers..."}
{"level":30,"time":"2026-03-05T04:53:04.380Z","logId":1772619286844,"logger":"FriendWorker","msg":"FriendWorker starting..."}
{"level":30,"time":"2026-03-05T04:53:04.380Z","logId":1772619286844,"logger":"NotificationWorker","msg":"NotificationWorker starting..."}
{"level":30,"time":"2026-03-05T04:53:04.380Z","logId":1772619286844,"logger":"FeedWorker","msg":"FeedWorker starting..."}
{"level":30,"time":"2026-03-05T04:53:04.380Z","logId":1772619286844,"logger":"SurfWorker","msg":"SurfWorker starting..."}
{"level":30,"time":"2026-03-05T04:53:04.938Z","logId":1772619286844,"logger":"LoginService","msg":"LOGIN summary: success=1 alreadyOk=0 relogin=0 fail=0"}
{"level":30,"time":"2026-03-05T04:54:04.391Z","logId":1772619286844,"logger":"LoginService","msg":"Initializing background workers..."}
{"level":30,"time":"2026-03-05T04:54:04.391Z","logId":1772619286844,"logger":"FriendWorker","msg":"FriendWorker starting..."}
{"level":30,"time":"2026-03-05T04:54:04.391Z","logId":1772619286844,"logger":"NotificationWorker","msg":"NotificationWorker starting..."}
{"level":30,"time":"2026-03-05T04:54:04.391Z","logId":1772619286844,"logger":"FeedWorker","msg":"FeedWorker starting..."}
{"level":30,"time":"2026-03-05T04:54:04.391Z","logId":1772619286844,"logger":"SurfWorker","msg":"SurfWorker starting..."}
{"level":50,"time":"2026-03-05T04:54:05.352Z","logId":1772619286844,"logger":"LoginService","row":1,"phone":"longh1248@gmail.com","proxy":"http://103.84.95.54:7890","err":"Client network socket disconnected before secure TLS connection was established","msg":"ACCOUNT_PROCESS_ERROR"}
{"level":30,"time":"2026-03-05T04:54:05.352Z","logId":1772619286844,"logger":"LoginService","msg":"LOGIN summary: success=0 alreadyOk=0 relogin=0 fail=1"}
{"level":30,"time":"2026-03-05T04:55:04.398Z","logId":1772619286844,"logger":"LoginService","msg":"Initializing background workers..."}
{"level":30,"time":"2026-03-05T04:55:04.399Z","logId":1772619286844,"logger":"FriendWorker","msg":"FriendWorker starting..."}
{"level":30,"time":"2026-03-05T04:55:04.399Z","logId":1772619286844,"logger":"NotificationWorker","msg":"NotificationWorker starting..."}
{"level":30,"time":"2026-03-05T04:55:04.399Z","logId":1772619286844,"logger":"FeedWorker","msg":"FeedWorker starting..."}
{"level":30,"time":"2026-03-05T04:55:04.399Z","logId":1772619286844,"logger":"SurfWorker","msg":"SurfWorker starting..."}
{"level":50,"time":"2026-03-05T04:55:05.723Z","logId":1772619286844,"logger":"LoginService","row":1,"phone":"longh1248@gmail.com","proxy":"http://103.84.95.54:7890","err":"read ECONNRESET","msg":"ACCOUNT_PROCESS_ERROR"}
{"level":30,"time":"2026-03-05T04:55:05.723Z","logId":1772619286844,"logger":"LoginService","msg":"LOGIN summary: success=0 alreadyOk=0 relogin=0 fail=1"}
{"level":30,"time":"2026-03-05T04:56:04.409Z","logId":1772619286844,"logger":"LoginService","msg":"Initializing background workers..."}
{"level":30,"time":"2026-03-05T04:56:04.409Z","logId":1772619286844,"logger":"FriendWorker","msg":"FriendWorker starting..."}
{"level":30,"time":"2026-03-05T04:56:04.409Z","logId":1772619286844,"logger":"NotificationWorker","msg":"NotificationWorker starting..."}
{"level":30,"time":"2026-03-05T04:56:04.409Z","logId":1772619286844,"logger":"FeedWorker","msg":"FeedWorker starting..."}
{"level":30,"time":"2026-03-05T04:56:04.409Z","logId":1772619286844,"logger":"SurfWorker","msg":"SurfWorker starting..."}
{"level":30,"time":"2026-03-05T04:56:06.203Z","logId":1772619286844,"logger":"LoginService","msg":"LOGIN summary: success=1 alreadyOk=0 relogin=0 fail=0"}
{"level":30,"time":"2026-03-05T04:57:04.418Z","logId":1772619286844,"logger":"LoginService","msg":"Initializing background workers..."}
{"level":30,"time":"2026-03-05T04:57:04.418Z","logId":1772619286844,"logger":"FriendWorker","msg":"FriendWorker starting..."}
{"level":30,"time":"2026-03-05T04:57:04.418Z","logId":1772619286844,"logger":"NotificationWorker","msg":"NotificationWorker starting..."}
{"level":30,"time":"2026-03-05T04:57:04.418Z","logId":1772619286844,"logger":"FeedWorker","msg":"FeedWorker starting..."}
{"level":30,"time":"2026-03-05T04:57:04.418Z","logId":1772619286844,"logger":"SurfWorker","msg":"SurfWorker starting..."}
{"level":30,"time":"2026-03-05T04:57:05.361Z","logId":1772619286844,"logger":"LoginService","msg":"LOGIN summary: success=1 alreadyOk=0 relogin=0 fail=0"}
{"level":30,"time":"2026-03-05T04:58:04.419Z","logId":1772619286844,"logger":"LoginService","msg":"Initializing background workers..."}
{"level":30,"time":"2026-03-05T04:58:04.419Z","logId":1772619286844,"logger":"FriendWorker","msg":"FriendWorker starting..."}
{"level":30,"time":"2026-03-05T04:58:04.419Z","logId":1772619286844,"logger":"NotificationWorker","msg":"NotificationWorker starting..."}
{"level":30,"time":"2026-03-05T04:58:04.419Z","logId":1772619286844,"logger":"FeedWorker","msg":"FeedWorker starting..."}
{"level":30,"time":"2026-03-05T04:58:04.419Z","logId":1772619286844,"logger":"SurfWorker","msg":"SurfWorker starting..."}
{"level":50,"time":"2026-03-05T04:58:04.761Z","logId":1772619286844,"logger":"LoginService","row":1,"phone":"longh1248@gmail.com","proxy":"http://103.84.95.54:7890","err":"read ECONNRESET","msg":"ACCOUNT_PROCESS_ERROR"}
{"level":30,"time":"2026-03-05T04:58:04.761Z","logId":1772619286844,"logger":"LoginService","msg":"LOGIN summary: success=0 alreadyOk=0 relogin=0 fail=1"}
{"level":30,"time":"2026-03-05T04:59:04.422Z","logId":1772619286844,"logger":"LoginService","msg":"Initializing background workers..."}
{"level":30,"time":"2026-03-05T04:59:04.422Z","logId":1772619286844,"logger":"FriendWorker","msg":"FriendWorker starting..."}
{"level":30,"time":"2026-03-05T04:59:04.422Z","logId":1772619286844,"logger":"NotificationWorker","msg":"NotificationWorker starting..."}
{"level":30,"time":"2026-03-05T04:59:04.422Z","logId":1772619286844,"logger":"FeedWorker","msg":"FeedWorker starting..."}
{"level":30,"time":"2026-03-05T04:59:04.422Z","logId":1772619286844,"logger":"SurfWorker","msg":"SurfWorker starting..."}
{"level":50,"time":"2026-03-05T04:59:04.635Z","logId":1772619286844,"logger":"LoginService","row":1,"phone":"longh1248@gmail.com","proxy":"http://103.84.95.54:7890","err":"read ECONNRESET","msg":"ACCOUNT_PROCESS_ERROR"}
{"level":30,"time":"2026-03-05T04:59:04.635Z","logId":1772619286844,"logger":"LoginService","msg":"LOGIN summary: success=0 alreadyOk=0 relogin=0 fail=1"}
{"level":30,"time":"2026-03-05T05:00:04.423Z","logId":1772619286844,"logger":"LoginService","msg":"Initializing background workers..."}
{"level":30,"time":"2026-03-05T05:00:04.424Z","logId":1772619286844,"logger":"FriendWorker","msg":"FriendWorker starting..."}
{"level":30,"time":"2026-03-05T05:00:04.424Z","logId":1772619286844,"logger":"NotificationWorker","msg":"NotificationWorker starting..."}
{"level":30,"time":"2026-03-05T05:00:04.424Z","logId":1772619286844,"logger":"FeedWorker","msg":"FeedWorker starting..."}
{"level":30,"time":"2026-03-05T05:00:04.424Z","logId":1772619286844,"logger":"SurfWorker","msg":"SurfWorker starting..."}
{"level":50,"time":"2026-03-05T05:00:04.608Z","logId":1772619286844,"logger":"LoginService","row":1,"phone":"longh1248@gmail.com","proxy":"http://103.84.95.54:7890","err":"read ECONNRESET","msg":"ACCOUNT_PROCESS_ERROR"}
{"level":30,"time":"2026-03-05T05:00:04.608Z","logId":1772619286844,"logger":"LoginService","msg":"LOGIN summary: success=0 alreadyOk=0 relogin=0 fail=1"}
{"level":30,"time":"2026-03-05T05:01:04.428Z","logId":1772619286844,"logger":"LoginService","msg":"Initializing background workers..."}
{"level":30,"time":"2026-03-05T05:01:04.428Z","logId":1772619286844,"logger":"FriendWorker","msg":"FriendWorker starting..."}
{"level":30,"time":"2026-03-05T05:01:04.428Z","logId":1772619286844,"logger":"NotificationWorker","msg":"NotificationWorker starting..."}
{"level":30,"time":"2026-03-05T05:01:04.428Z","logId":1772619286844,"logger":"FeedWorker","msg":"FeedWorker starting..."}
{"level":30,"time":"2026-03-05T05:01:04.428Z","logId":1772619286844,"logger":"SurfWorker","msg":"SurfWorker starting..."}
{"level":30,"time":"2026-03-05T05:01:04.915Z","logId":1772619286844,"logger":"LoginService","msg":"LOGIN summary: success=1 alreadyOk=0 relogin=0 fail=0"}
{"level":30,"time":"2026-03-05T05:02:04.431Z","logId":1772619286844,"logger":"LoginService","msg":"Initializing background workers..."}
{"level":30,"time":"2026-03-05T05:02:04.431Z","logId":1772619286844,"logger":"FriendWorker","msg":"FriendWorker starting..."}
{"level":30,"time":"2026-03-05T05:02:04.431Z","logId":1772619286844,"logger":"NotificationWorker","msg":"NotificationWorker starting..."}
{"level":30,"time":"2026-03-05T05:02:04.431Z","logId":1772619286844,"logger":"FeedWorker","msg":"FeedWorker starting..."}
{"level":30,"time":"2026-03-05T05:02:04.431Z","logId":1772619286844,"logger":"SurfWorker","msg":"SurfWorker starting..."}
{"level":50,"time":"2026-03-05T05:02:05.052Z","logId":1772619286844,"logger":"LoginService","row":1,"phone":"longh1248@gmail.com","proxy":"http://103.84.95.54:7890","err":"Client network socket disconnected before secure TLS connection was established","msg":"ACCOUNT_PROCESS_ERROR"}
{"level":30,"time":"2026-03-05T05:02:05.052Z","logId":1772619286844,"logger":"LoginService","msg":"LOGIN summary: success=0 alreadyOk=0 relogin=0 fail=1"}
{"level":30,"time":"2026-03-05T05:03:04.435Z","logId":1772619286844,"logger":"LoginService","msg":"Initializing background workers..."}
{"level":30,"time":"2026-03-05T05:03:04.435Z","logId":1772619286844,"logger":"FriendWorker","msg":"FriendWorker starting..."}
{"level":30,"time":"2026-03-05T05:03:04.435Z","logId":1772619286844,"logger":"NotificationWorker","msg":"NotificationWorker starting..."}
{"level":30,"time":"2026-03-05T05:03:04.435Z","logId":1772619286844,"logger":"FeedWorker","msg":"FeedWorker starting..."}
{"level":30,"time":"2026-03-05T05:03:04.435Z","logId":1772619286844,"logger":"SurfWorker","msg":"SurfWorker starting..."}
{"level":50,"time":"2026-03-05T05:03:05.011Z","logId":1772619286844,"logger":"LoginService","row":1,"phone":"longh1248@gmail.com","proxy":"http://103.84.95.54:7890","err":"read ECONNRESET","msg":"ACCOUNT_PROCESS_ERROR"}
{"level":30,"time":"2026-03-05T05:03:05.011Z","logId":1772619286844,"logger":"LoginService","msg":"LOGIN summary: success=0 alreadyOk=0 relogin=0 fail=1"}
{"level":30,"time":"2026-03-05T05:04:04.449Z","logId":1772619286844,"logger":"LoginService","msg":"Initializing background workers..."}
{"level":30,"time":"2026-03-05T05:04:04.449Z","logId":1772619286844,"logger":"FriendWorker","msg":"FriendWorker starting..."}
{"level":30,"time":"2026-03-05T05:04:04.449Z","logId":1772619286844,"logger":"NotificationWorker","msg":"NotificationWorker starting..."}
{"level":30,"time":"2026-03-05T05:04:04.449Z","logId":1772619286844,"logger":"FeedWorker","msg":"FeedWorker starting..."}
{"level":30,"time":"2026-03-05T05:04:04.449Z","logId":1772619286844,"logger":"SurfWorker","msg":"SurfWorker starting..."}
{"level":30,"time":"2026-03-05T05:04:05.281Z","logId":1772619286844,"logger":"LoginService","msg":"LOGIN summary: success=1 alreadyOk=0 relogin=0 fail=0"}
{"level":30,"time":"2026-03-05T05:05:04.452Z","logId":1772619286844,"logger":"LoginService","msg":"Initializing background workers..."}
{"level":30,"time":"2026-03-05T05:05:04.452Z","logId":1772619286844,"logger":"FriendWorker","msg":"FriendWorker starting..."}
{"level":30,"time":"2026-03-05T05:05:04.452Z","logId":1772619286844,"logger":"NotificationWorker","msg":"NotificationWorker starting..."}
{"level":30,"time":"2026-03-05T05:05:04.452Z","logId":1772619286844,"logger":"FeedWorker","msg":"FeedWorker starting..."}
{"level":30,"time":"2026-03-05T05:05:04.452Z","logId":1772619286844,"logger":"SurfWorker","msg":"SurfWorker starting..."}
{"level":30,"time":"2026-03-05T05:05:04.988Z","logId":1772619286844,"logger":"LoginService","msg":"LOGIN summary: success=1 alreadyOk=0 relogin=0 fail=0"}
{"level":30,"time":"2026-03-05T05:06:04.455Z","logId":1772619286844,"logger":"LoginService","msg":"Initializing background workers..."}
{"level":30,"time":"2026-03-05T05:06:04.455Z","logId":1772619286844,"logger":"FriendWorker","msg":"FriendWorker starting..."}
{"level":30,"time":"2026-03-05T05:06:04.455Z","logId":1772619286844,"logger":"NotificationWorker","msg":"NotificationWorker starting..."}
{"level":30,"time":"2026-03-05T05:06:04.455Z","logId":1772619286844,"logger":"FeedWorker","msg":"FeedWorker starting..."}
{"level":30,"time":"2026-03-05T05:06:04.455Z","logId":1772619286844,"logger":"SurfWorker","msg":"SurfWorker starting..."}
{"level":30,"time":"2026-03-05T05:06:05.377Z","logId":1772619286844,"logger":"LoginService","msg":"LOGIN summary: success=1 alreadyOk=0 relogin=0 fail=0"}
{"level":30,"time":"2026-03-05T05:07:04.466Z","logId":1772619286844,"logger":"LoginService","msg":"Initializing background workers..."}
{"level":30,"time":"2026-03-05T05:07:04.466Z","logId":1772619286844,"logger":"FriendWorker","msg":"FriendWorker starting..."}
{"level":30,"time":"2026-03-05T05:07:04.466Z","logId":1772619286844,"logger":"NotificationWorker","msg":"NotificationWorker starting..."}
{"level":30,"time":"2026-03-05T05:07:04.466Z","logId":1772619286844,"logger":"FeedWorker","msg":"FeedWorker starting..."}
{"level":30,"time":"2026-03-05T05:07:04.466Z","logId":1772619286844,"logger":"SurfWorker","msg":"SurfWorker starting..."}
{"level":50,"time":"2026-03-05T05:07:04.658Z","logId":1772619286844,"logger":"LoginService","row":1,"phone":"longh1248@gmail.com","proxy":"http://103.84.95.54:7890","err":"read ECONNRESET","msg":"ACCOUNT_PROCESS_ERROR"}
{"level":30,"time":"2026-03-05T05:07:04.658Z","logId":1772619286844,"logger":"LoginService","msg":"LOGIN summary: success=0 alreadyOk=0 relogin=0 fail=1"}
{"level":30,"time":"2026-03-05T05:08:04.469Z","logId":1772619286844,"logger":"LoginService","msg":"Initializing background workers..."}
{"level":30,"time":"2026-03-05T05:08:04.469Z","logId":1772619286844,"logger":"FriendWorker","msg":"FriendWorker starting..."}
{"level":30,"time":"2026-03-05T05:08:04.469Z","logId":1772619286844,"logger":"NotificationWorker","msg":"NotificationWorker starting..."}
{"level":30,"time":"2026-03-05T05:08:04.469Z","logId":1772619286844,"logger":"FeedWorker","msg":"FeedWorker starting..."}
{"level":30,"time":"2026-03-05T05:08:04.469Z","logId":1772619286844,"logger":"SurfWorker","msg":"SurfWorker starting..."}
{"level":50,"time":"2026-03-05T05:08:04.655Z","logId":1772619286844,"logger":"LoginService","row":1,"phone":"longh1248@gmail.com","proxy":"http://103.84.95.54:7890","err":"read ECONNRESET","msg":"ACCOUNT_PROCESS_ERROR"}
{"level":30,"time":"2026-03-05T05:08:04.655Z","logId":1772619286844,"logger":"LoginService","msg":"LOGIN summary: success=0 alreadyOk=0 relogin=0 fail=1"}
{"level":30,"time":"2026-03-05T05:09:04.469Z","logId":1772619286844,"logger":"LoginService","msg":"Initializing background workers..."}
{"level":30,"time":"2026-03-05T05:09:04.469Z","logId":1772619286844,"logger":"FriendWorker","msg":"FriendWorker starting..."}
{"level":30,"time":"2026-03-05T05:09:04.469Z","logId":1772619286844,"logger":"NotificationWorker","msg":"NotificationWorker starting..."}
{"level":30,"time":"2026-03-05T05:09:04.469Z","logId":1772619286844,"logger":"FeedWorker","msg":"FeedWorker starting..."}
{"level":30,"time":"2026-03-05T05:09:04.470Z","logId":1772619286844,"logger":"SurfWorker","msg":"SurfWorker starting..."}
{"level":30,"time":"2026-03-05T05:09:05.069Z","logId":1772619286844,"logger":"LoginService","msg":"LOGIN summary: success=1 alreadyOk=0 relogin=0 fail=0"}
{"level":30,"time":"2026-03-05T05:10:04.474Z","logId":1772619286844,"logger":"LoginService","msg":"Initializing background workers..."}
{"level":30,"time":"2026-03-05T05:10:04.474Z","logId":1772619286844,"logger":"FriendWorker","msg":"FriendWorker starting..."}
{"level":30,"time":"2026-03-05T05:10:04.474Z","logId":1772619286844,"logger":"NotificationWorker","msg":"NotificationWorker starting..."}
{"level":30,"time":"2026-03-05T05:10:04.474Z","logId":1772619286844,"logger":"FeedWorker","msg":"FeedWorker starting..."}
{"level":30,"time":"2026-03-05T05:10:04.474Z","logId":1772619286844,"logger":"SurfWorker","msg":"SurfWorker starting..."}
{"level":50,"time":"2026-03-05T05:10:04.650Z","logId":1772619286844,"logger":"LoginService","row":1,"phone":"longh1248@gmail.com","proxy":"http://103.84.95.54:7890","err":"read ECONNRESET","msg":"ACCOUNT_PROCESS_ERROR"}
{"level":30,"time":"2026-03-05T05:10:04.650Z","logId":1772619286844,"logger":"LoginService","msg":"LOGIN summary: success=0 alreadyOk=0 relogin=0 fail=1"}
{"level":30,"time":"2026-03-05T05:11:04.485Z","logId":1772619286844,"logger":"LoginService","msg":"Initializing background workers..."}
{"level":30,"time":"2026-03-05T05:11:04.486Z","logId":1772619286844,"logger":"FriendWorker","msg":"FriendWorker starting..."}
{"level":30,"time":"2026-03-05T05:11:04.486Z","logId":1772619286844,"logger":"NotificationWorker","msg":"NotificationWorker starting..."}
{"level":30,"time":"2026-03-05T05:11:04.486Z","logId":1772619286844,"logger":"FeedWorker","msg":"FeedWorker starting..."}
{"level":30,"time":"2026-03-05T05:11:04.486Z","logId":1772619286844,"logger":"SurfWorker","msg":"SurfWorker starting..."}
{"level":50,"time":"2026-03-05T05:11:05.156Z","logId":1772619286844,"logger":"LoginService","row":1,"phone":"longh1248@gmail.com","proxy":"http://103.84.95.54:7890","err":"Client network socket disconnected before secure TLS connection was established","msg":"ACCOUNT_PROCESS_ERROR"}
{"level":30,"time":"2026-03-05T05:11:05.156Z","logId":1772619286844,"logger":"LoginService","msg":"LOGIN summary: success=0 alreadyOk=0 relogin=0 fail=1"}
{"level":30,"time":"2026-03-05T05:12:04.493Z","logId":1772619286844,"logger":"LoginService","msg":"Initializing background workers..."}
{"level":30,"time":"2026-03-05T05:12:04.493Z","logId":1772619286844,"logger":"FriendWorker","msg":"FriendWorker starting..."}
{"level":30,"time":"2026-03-05T05:12:04.493Z","logId":1772619286844,"logger":"NotificationWorker","msg":"NotificationWorker starting..."}
{"level":30,"time":"2026-03-05T05:12:04.493Z","logId":1772619286844,"logger":"FeedWorker","msg":"FeedWorker starting..."}
{"level":30,"time":"2026-03-05T05:12:04.493Z","logId":1772619286844,"logger":"SurfWorker","msg":"SurfWorker starting..."}
{"level":50,"time":"2026-03-05T05:12:05.444Z","logId":1772619286844,"logger":"LoginService","row":1,"phone":"longh1248@gmail.com","proxy":"http://103.84.95.54:7890","err":"Client network socket disconnected before secure TLS connection was established","msg":"ACCOUNT_PROCESS_ERROR"}
{"level":30,"time":"2026-03-05T05:12:05.444Z","logId":1772619286844,"logger":"LoginService","msg":"LOGIN summary: success=0 alreadyOk=0 relogin=0 fail=1"}
{"level":30,"time":"2026-03-05T05:13:04.503Z","logId":1772619286844,"logger":"LoginService","msg":"Initializing background workers..."}
{"level":30,"time":"2026-03-05T05:13:04.503Z","logId":1772619286844,"logger":"FriendWorker","msg":"FriendWorker starting..."}
{"level":30,"time":"2026-03-05T05:13:04.503Z","logId":1772619286844,"logger":"NotificationWorker","msg":"NotificationWorker starting..."}
{"level":30,"time":"2026-03-05T05:13:04.503Z","logId":1772619286844,"logger":"FeedWorker","msg":"FeedWorker starting..."}
{"level":30,"time":"2026-03-05T05:13:04.503Z","logId":1772619286844,"logger":"SurfWorker","msg":"SurfWorker starting..."}
{"level":50,"time":"2026-03-05T05:13:05.070Z","logId":1772619286844,"logger":"LoginService","row":1,"phone":"longh1248@gmail.com","proxy":"http://103.84.95.54:7890","err":"Client network socket disconnected before secure TLS connection was established","msg":"ACCOUNT_PROCESS_ERROR"}
{"level":30,"time":"2026-03-05T05:13:05.070Z","logId":1772619286844,"logger":"LoginService","msg":"LOGIN summary: success=0 alreadyOk=0 relogin=0 fail=1"}
{"level":30,"time":"2026-03-05T05:14:04.503Z","logId":1772619286844,"logger":"LoginService","msg":"Initializing background workers..."}
{"level":30,"time":"2026-03-05T05:14:04.503Z","logId":1772619286844,"logger":"FriendWorker","msg":"FriendWorker starting..."}
{"level":30,"time":"2026-03-05T05:14:04.503Z","logId":1772619286844,"logger":"NotificationWorker","msg":"NotificationWorker starting..."}
{"level":30,"time":"2026-03-05T05:14:04.503Z","logId":1772619286844,"logger":"FeedWorker","msg":"FeedWorker starting..."}
{"level":30,"time":"2026-03-05T05:14:04.503Z","logId":1772619286844,"logger":"SurfWorker","msg":"SurfWorker starting..."}
{"level":30,"time":"2026-03-05T05:14:05.142Z","logId":1772619286844,"logger":"LoginService","msg":"LOGIN summary: success=1 alreadyOk=0 relogin=0 fail=0"}
{"level":30,"time":"2026-03-05T05:15:04.505Z","logId":1772619286844,"logger":"LoginService","msg":"Initializing background workers..."}
{"level":30,"time":"2026-03-05T05:15:04.505Z","logId":1772619286844,"logger":"FriendWorker","msg":"FriendWorker starting..."}
{"level":30,"time":"2026-03-05T05:15:04.505Z","logId":1772619286844,"logger":"NotificationWorker","msg":"NotificationWorker starting..."}
{"level":30,"time":"2026-03-05T05:15:04.505Z","logId":1772619286844,"logger":"FeedWorker","msg":"FeedWorker starting..."}
{"level":30,"time":"2026-03-05T05:15:04.505Z","logId":1772619286844,"logger":"SurfWorker","msg":"SurfWorker starting..."}
{"level":50,"time":"2026-03-05T05:15:04.702Z","logId":1772619286844,"logger":"LoginService","row":1,"phone":"longh1248@gmail.com","proxy":"http://103.84.95.54:7890","err":"read ECONNRESET","msg":"ACCOUNT_PROCESS_ERROR"}
{"level":30,"time":"2026-03-05T05:15:04.702Z","logId":1772619286844,"logger":"LoginService","msg":"LOGIN summary: success=0 alreadyOk=0 relogin=0 fail=1"}
{"level":30,"time":"2026-03-05T05:16:04.508Z","logId":1772619286844,"logger":"LoginService","msg":"Initializing background workers..."}
{"level":30,"time":"2026-03-05T05:16:04.508Z","logId":1772619286844,"logger":"FriendWorker","msg":"FriendWorker starting..."}
{"level":30,"time":"2026-03-05T05:16:04.508Z","logId":1772619286844,"logger":"NotificationWorker","msg":"NotificationWorker starting..."}
{"level":30,"time":"2026-03-05T05:16:04.508Z","logId":1772619286844,"logger":"FeedWorker","msg":"FeedWorker starting..."}
{"level":30,"time":"2026-03-05T05:16:04.508Z","logId":1772619286844,"logger":"SurfWorker","msg":"SurfWorker starting..."}
{"level":30,"time":"2026-03-05T05:16:05.500Z","logId":1772619286844,"logger":"LoginService","msg":"LOGIN summary: success=1 alreadyOk=0 relogin=0 fail=0"}
{"level":30,"time":"2026-03-05T05:17:04.515Z","logId":1772619286844,"logger":"LoginService","msg":"Initializing background workers..."}
{"level":30,"time":"2026-03-05T05:17:04.516Z","logId":1772619286844,"logger":"FriendWorker","msg":"FriendWorker starting..."}
{"level":30,"time":"2026-03-05T05:17:04.516Z","logId":1772619286844,"logger":"NotificationWorker","msg":"NotificationWorker starting..."}
{"level":30,"time":"2026-03-05T05:17:04.516Z","logId":1772619286844,"logger":"FeedWorker","msg":"FeedWorker starting..."}
{"level":30,"time":"2026-03-05T05:17:04.516Z","logId":1772619286844,"logger":"SurfWorker","msg":"SurfWorker starting..."}
{"level":50,"time":"2026-03-05T05:17:05.159Z","logId":1772619286844,"logger":"LoginService","row":1,"phone":"longh1248@gmail.com","proxy":"http://103.84.95.54:7890","err":"Client network socket disconnected before secure TLS connection was established","msg":"ACCOUNT_PROCESS_ERROR"}
{"level":30,"time":"2026-03-05T05:17:05.159Z","logId":1772619286844,"logger":"LoginService","msg":"LOGIN summary: success=0 alreadyOk=0 relogin=0 fail=1"}
{"level":30,"time":"2026-03-05T05:18:04.529Z","logId":1772619286844,"logger":"LoginService","msg":"Initializing background workers..."}
{"level":30,"time":"2026-03-05T05:18:04.529Z","logId":1772619286844,"logger":"FriendWorker","msg":"FriendWorker starting..."}
{"level":30,"time":"2026-03-05T05:18:04.529Z","logId":1772619286844,"logger":"NotificationWorker","msg":"NotificationWorker starting..."}
{"level":30,"time":"2026-03-05T05:18:04.529Z","logId":1772619286844,"logger":"FeedWorker","msg":"FeedWorker starting..."}
{"level":30,"time":"2026-03-05T05:18:04.529Z","logId":1772619286844,"logger":"SurfWorker","msg":"SurfWorker starting..."}
{"level":30,"time":"2026-03-05T05:18:06.179Z","logId":1772619286844,"logger":"LoginService","msg":"LOGIN summary: success=1 alreadyOk=0 relogin=0 fail=0"}
{"level":30,"time":"2026-03-05T05:19:04.534Z","logId":1772619286844,"logger":"LoginService","msg":"Initializing background workers..."}
{"level":30,"time":"2026-03-05T05:19:04.534Z","logId":1772619286844,"logger":"FriendWorker","msg":"FriendWorker starting..."}
{"level":30,"time":"2026-03-05T05:19:04.534Z","logId":1772619286844,"logger":"NotificationWorker","msg":"NotificationWorker starting..."}
{"level":30,"time":"2026-03-05T05:19:04.534Z","logId":1772619286844,"logger":"FeedWorker","msg":"FeedWorker starting..."}
{"level":30,"time":"2026-03-05T05:19:04.534Z","logId":1772619286844,"logger":"SurfWorker","msg":"SurfWorker starting..."}
{"level":30,"time":"2026-03-05T05:19:05.217Z","logId":1772619286844,"logger":"LoginService","msg":"LOGIN summary: success=1 alreadyOk=0 relogin=0 fail=0"}
{"level":30,"time":"2026-03-05T05:20:04.536Z","logId":1772619286844,"logger":"LoginService","msg":"Initializing background workers..."}
{"level":30,"time":"2026-03-05T05:20:04.536Z","logId":1772619286844,"logger":"FriendWorker","msg":"FriendWorker starting..."}
{"level":30,"time":"2026-03-05T05:20:04.536Z","logId":1772619286844,"logger":"NotificationWorker","msg":"NotificationWorker starting..."}
{"level":30,"time":"2026-03-05T05:20:04.536Z","logId":1772619286844,"logger":"FeedWorker","msg":"FeedWorker starting..."}
{"level":30,"time":"2026-03-05T05:20:04.536Z","logId":1772619286844,"logger":"SurfWorker","msg":"SurfWorker starting..."}
{"level":30,"time":"2026-03-05T05:20:05.359Z","logId":1772619286844,"logger":"LoginService","msg":"LOGIN summary: success=1 alreadyOk=0 relogin=0 fail=0"}
{"level":30,"time":"2026-03-05T05:21:04.558Z","logId":1772619286844,"logger":"LoginService","msg":"Initializing background workers..."}
{"level":30,"time":"2026-03-05T05:21:04.558Z","logId":1772619286844,"logger":"FriendWorker","msg":"FriendWorker starting..."}
{"level":30,"time":"2026-03-05T05:21:04.558Z","logId":1772619286844,"logger":"NotificationWorker","msg":"NotificationWorker starting..."}
{"level":30,"time":"2026-03-05T05:21:04.558Z","logId":1772619286844,"logger":"FeedWorker","msg":"FeedWorker starting..."}
{"level":30,"time":"2026-03-05T05:21:04.558Z","logId":1772619286844,"logger":"SurfWorker","msg":"SurfWorker starting..."}
{"level":50,"time":"2026-03-05T05:21:04.757Z","logId":1772619286844,"logger":"LoginService","row":1,"phone":"longh1248@gmail.com","proxy":"http://103.84.95.54:7890","err":"read ECONNRESET","msg":"ACCOUNT_PROCESS_ERROR"}
{"level":30,"time":"2026-03-05T05:21:04.757Z","logId":1772619286844,"logger":"LoginService","msg":"LOGIN summary: success=0 alreadyOk=0 relogin=0 fail=1"}
{"level":30,"time":"2026-03-05T05:22:04.564Z","logId":1772619286844,"logger":"LoginService","msg":"Initializing background workers..."}
{"level":30,"time":"2026-03-05T05:22:04.565Z","logId":1772619286844,"logger":"FriendWorker","msg":"FriendWorker starting..."}
{"level":30,"time":"2026-03-05T05:22:04.565Z","logId":1772619286844,"logger":"NotificationWorker","msg":"NotificationWorker starting..."}
{"level":30,"time":"2026-03-05T05:22:04.565Z","logId":1772619286844,"logger":"FeedWorker","msg":"FeedWorker starting..."}
{"level":30,"time":"2026-03-05T05:22:04.565Z","logId":1772619286844,"logger":"SurfWorker","msg":"SurfWorker starting..."}
{"level":30,"time":"2026-03-05T05:22:05.531Z","logId":1772619286844,"logger":"LoginService","msg":"LOGIN summary: success=1 alreadyOk=0 relogin=0 fail=0"}
{"level":30,"time":"2026-03-05T05:23:04.573Z","logId":1772619286844,"logger":"LoginService","msg":"Initializing background workers..."}
{"level":30,"time":"2026-03-05T05:23:04.573Z","logId":1772619286844,"logger":"FriendWorker","msg":"FriendWorker starting..."}
{"level":30,"time":"2026-03-05T05:23:04.573Z","logId":1772619286844,"logger":"NotificationWorker","msg":"NotificationWorker starting..."}
{"level":30,"time":"2026-03-05T05:23:04.573Z","logId":1772619286844,"logger":"FeedWorker","msg":"FeedWorker starting..."}
{"level":30,"time":"2026-03-05T05:23:04.573Z","logId":1772619286844,"logger":"SurfWorker","msg":"SurfWorker starting..."}
{"level":50,"time":"2026-03-05T05:23:04.734Z","logId":1772619286844,"logger":"LoginService","row":1,"phone":"longh1248@gmail.com","proxy":"http://103.84.95.54:7890","err":"read ECONNRESET","msg":"ACCOUNT_PROCESS_ERROR"}
{"level":30,"time":"2026-03-05T05:23:04.734Z","logId":1772619286844,"logger":"LoginService","msg":"LOGIN summary: success=0 alreadyOk=0 relogin=0 fail=1"}
{"level":30,"time":"2026-03-05T05:24:04.579Z","logId":1772619286844,"logger":"LoginService","msg":"Initializing background workers..."}
{"level":30,"time":"2026-03-05T05:24:04.579Z","logId":1772619286844,"logger":"FriendWorker","msg":"FriendWorker starting..."}
{"level":30,"time":"2026-03-05T05:24:04.579Z","logId":1772619286844,"logger":"NotificationWorker","msg":"NotificationWorker starting..."}
{"level":30,"time":"2026-03-05T05:24:04.579Z","logId":1772619286844,"logger":"FeedWorker","msg":"FeedWorker starting..."}
{"level":30,"time":"2026-03-05T05:24:04.579Z","logId":1772619286844,"logger":"SurfWorker","msg":"SurfWorker starting..."}
{"level":50,"time":"2026-03-05T05:24:06.363Z","logId":1772619286844,"logger":"LoginService","row":1,"phone":"longh1248@gmail.com","proxy":"http://103.84.95.54:7890","err":"Client network socket disconnected before secure TLS connection was established","msg":"ACCOUNT_PROCESS_ERROR"}
{"level":30,"time":"2026-03-05T05:24:06.363Z","logId":1772619286844,"logger":"LoginService","msg":"LOGIN summary: success=0 alreadyOk=0 relogin=0 fail=1"}
{"level":30,"time":"2026-03-05T05:25:04.593Z","logId":1772619286844,"logger":"LoginService","msg":"Initializing background workers..."}
{"level":30,"time":"2026-03-05T05:25:04.593Z","logId":1772619286844,"logger":"FriendWorker","msg":"FriendWorker starting..."}
{"level":30,"time":"2026-03-05T05:25:04.593Z","logId":1772619286844,"logger":"NotificationWorker","msg":"NotificationWorker starting..."}
{"level":30,"time":"2026-03-05T05:25:04.593Z","logId":1772619286844,"logger":"FeedWorker","msg":"FeedWorker starting..."}
{"level":30,"time":"2026-03-05T05:25:04.593Z","logId":1772619286844,"logger":"SurfWorker","msg":"SurfWorker starting..."}
{"level":30,"time":"2026-03-05T05:25:05.534Z","logId":1772619286844,"logger":"LoginService","msg":"LOGIN summary: success=1 alreadyOk=0 relogin=0 fail=0"}
{"level":30,"time":"2026-03-05T05:26:04.608Z","logId":1772619286844,"logger":"LoginService","msg":"Initializing background workers..."}
{"level":30,"time":"2026-03-05T05:26:04.608Z","logId":1772619286844,"logger":"FriendWorker","msg":"FriendWorker starting..."}
{"level":30,"time":"2026-03-05T05:26:04.608Z","logId":1772619286844,"logger":"NotificationWorker","msg":"NotificationWorker starting..."}
{"level":30,"time":"2026-03-05T05:26:04.608Z","logId":1772619286844,"logger":"FeedWorker","msg":"FeedWorker starting..."}
{"level":30,"time":"2026-03-05T05:26:04.608Z","logId":1772619286844,"logger":"SurfWorker","msg":"SurfWorker starting..."}
{"level":50,"time":"2026-03-05T05:26:05.305Z","logId":1772619286844,"logger":"LoginService","row":1,"phone":"longh1248@gmail.com","proxy":"http://103.84.95.54:7890","err":"Client network socket disconnected before secure TLS connection was established","msg":"ACCOUNT_PROCESS_ERROR"}
{"level":30,"time":"2026-03-05T05:26:05.305Z","logId":1772619286844,"logger":"LoginService","msg":"LOGIN summary: success=0 alreadyOk=0 relogin=0 fail=1"}
{"level":30,"time":"2026-03-05T05:27:04.617Z","logId":1772619286844,"logger":"LoginService","msg":"Initializing background workers..."}
{"level":30,"time":"2026-03-05T05:27:04.617Z","logId":1772619286844,"logger":"FriendWorker","msg":"FriendWorker starting..."}
{"level":30,"time":"2026-03-05T05:27:04.617Z","logId":1772619286844,"logger":"NotificationWorker","msg":"NotificationWorker starting..."}
{"level":30,"time":"2026-03-05T05:27:04.617Z","logId":1772619286844,"logger":"FeedWorker","msg":"FeedWorker starting..."}
{"level":30,"time":"2026-03-05T05:27:04.617Z","logId":1772619286844,"logger":"SurfWorker","msg":"SurfWorker starting..."}
{"level":50,"time":"2026-03-05T05:27:04.957Z","logId":1772619286844,"logger":"LoginService","row":1,"phone":"longh1248@gmail.com","proxy":"http://103.84.95.54:7890","err":"Client network socket disconnected before secure TLS connection was established","msg":"ACCOUNT_PROCESS_ERROR"}
{"level":30,"time":"2026-03-05T05:27:04.957Z","logId":1772619286844,"logger":"LoginService","msg":"LOGIN summary: success=0 alreadyOk=0 relogin=0 fail=1"}
{"level":30,"time":"2026-03-05T05:28:04.633Z","logId":1772619286844,"logger":"LoginService","msg":"Initializing background workers..."}
{"level":30,"time":"2026-03-05T05:28:04.633Z","logId":1772619286844,"logger":"FriendWorker","msg":"FriendWorker starting..."}
{"level":30,"time":"2026-03-05T05:28:04.633Z","logId":1772619286844,"logger":"NotificationWorker","msg":"NotificationWorker starting..."}
{"level":30,"time":"2026-03-05T05:28:04.633Z","logId":1772619286844,"logger":"FeedWorker","msg":"FeedWorker starting..."}
{"level":30,"time":"2026-03-05T05:28:04.633Z","logId":1772619286844,"logger":"SurfWorker","msg":"SurfWorker starting..."}
{"level":50,"time":"2026-03-05T05:28:05.871Z","logId":1772619286844,"logger":"LoginService","row":1,"phone":"longh1248@gmail.com","proxy":"http://103.84.95.54:7890","err":"Client network socket disconnected before secure TLS connection was established","msg":"ACCOUNT_PROCESS_ERROR"}
{"level":30,"time":"2026-03-05T05:28:05.872Z","logId":1772619286844,"logger":"LoginService","msg":"LOGIN summary: success=0 alreadyOk=0 relogin=0 fail=1"}
{"level":30,"time":"2026-03-05T05:29:04.649Z","logId":1772619286844,"logger":"LoginService","msg":"Initializing background workers..."}
{"level":30,"time":"2026-03-05T05:29:04.649Z","logId":1772619286844,"logger":"FriendWorker","msg":"FriendWorker starting..."}
{"level":30,"time":"2026-03-05T05:29:04.649Z","logId":1772619286844,"logger":"NotificationWorker","msg":"NotificationWorker starting..."}
{"level":30,"time":"2026-03-05T05:29:04.649Z","logId":1772619286844,"logger":"FeedWorker","msg":"FeedWorker starting..."}
{"level":30,"time":"2026-03-05T05:29:04.649Z","logId":1772619286844,"logger":"SurfWorker","msg":"SurfWorker starting..."}
{"level":30,"time":"2026-03-05T05:29:06.282Z","logId":1772619286844,"logger":"LoginService","msg":"LOGIN summary: success=1 alreadyOk=0 relogin=0 fail=0"}
{"level":30,"time":"2026-03-05T05:30:04.650Z","logId":1772619286844,"logger":"LoginService","msg":"Initializing background workers..."}
{"level":30,"time":"2026-03-05T05:30:04.650Z","logId":1772619286844,"logger":"FriendWorker","msg":"FriendWorker starting..."}
{"level":30,"time":"2026-03-05T05:30:04.650Z","logId":1772619286844,"logger":"NotificationWorker","msg":"NotificationWorker starting..."}
{"level":30,"time":"2026-03-05T05:30:04.650Z","logId":1772619286844,"logger":"FeedWorker","msg":"FeedWorker starting..."}
{"level":30,"time":"2026-03-05T05:30:04.650Z","logId":1772619286844,"logger":"SurfWorker","msg":"SurfWorker starting..."}
{"level":50,"time":"2026-03-05T05:30:05.277Z","logId":1772619286844,"logger":"LoginService","row":1,"phone":"longh1248@gmail.com","proxy":"http://103.84.95.54:7890","err":"Client network socket disconnected before secure TLS connection was established","msg":"ACCOUNT_PROCESS_ERROR"}
{"level":30,"time":"2026-03-05T05:30:05.277Z","logId":1772619286844,"logger":"LoginService","msg":"LOGIN summary: success=0 alreadyOk=0 relogin=0 fail=1"}
{"level":30,"time":"2026-03-05T05:47:48.806Z","logId":1772619286844,"logger":"LoginService","msg":"Initializing background workers..."}
{"level":30,"time":"2026-03-05T05:47:48.806Z","logId":1772619286844,"logger":"FriendWorker","msg":"FriendWorker starting..."}
{"level":30,"time":"2026-03-05T05:47:48.806Z","logId":1772619286844,"logger":"NotificationWorker","msg":"NotificationWorker starting..."}
{"level":30,"time":"2026-03-05T05:47:48.806Z","logId":1772619286844,"logger":"FeedWorker","msg":"FeedWorker starting..."}
{"level":30,"time":"2026-03-05T05:47:48.806Z","logId":1772619286844,"logger":"SurfWorker","msg":"SurfWorker starting..."}
{"level":50,"time":"2026-03-05T05:47:50.906Z","logId":1772619286844,"logger":"LoginService","row":1,"phone":"longh1248@gmail.com","proxy":"http://103.84.95.54:7890","err":"Client network socket disconnected before secure TLS connection was established","msg":"ACCOUNT_PROCESS_ERROR"}
{"level":30,"time":"2026-03-05T05:47:50.906Z","logId":1772619286844,"logger":"LoginService","msg":"LOGIN summary: success=0 alreadyOk=0 relogin=0 fail=1"}
{"level":30,"time":"2026-03-05T05:48:48.817Z","logId":1772619286844,"logger":"LoginService","msg":"Initializing background workers..."}
{"level":30,"time":"2026-03-05T05:48:48.818Z","logId":1772619286844,"logger":"FriendWorker","msg":"FriendWorker starting..."}
{"level":30,"time":"2026-03-05T05:48:48.818Z","logId":1772619286844,"logger":"NotificationWorker","msg":"NotificationWorker starting..."}
{"level":30,"time":"2026-03-05T05:48:48.818Z","logId":1772619286844,"logger":"FeedWorker","msg":"FeedWorker starting..."}
{"level":30,"time":"2026-03-05T05:48:48.818Z","logId":1772619286844,"logger":"SurfWorker","msg":"SurfWorker starting..."}
{"level":50,"time":"2026-03-05T05:48:49.011Z","logId":1772619286844,"logger":"LoginService","row":1,"phone":"longh1248@gmail.com","proxy":"http://103.84.95.54:7890","err":"read ECONNRESET","msg":"ACCOUNT_PROCESS_ERROR"}
{"level":30,"time":"2026-03-05T05:48:49.011Z","logId":1772619286844,"logger":"LoginService","msg":"LOGIN summary: success=0 alreadyOk=0 relogin=0 fail=1"}
{"level":30,"time":"2026-03-05T05:49:48.829Z","logId":1772619286844,"logger":"LoginService","msg":"Initializing background workers..."}
{"level":30,"time":"2026-03-05T05:49:48.829Z","logId":1772619286844,"logger":"FriendWorker","msg":"FriendWorker starting..."}
{"level":30,"time":"2026-03-05T05:49:48.829Z","logId":1772619286844,"logger":"NotificationWorker","msg":"NotificationWorker starting..."}
{"level":30,"time":"2026-03-05T05:49:48.829Z","logId":1772619286844,"logger":"FeedWorker","msg":"FeedWorker starting..."}
{"level":30,"time":"2026-03-05T05:49:48.829Z","logId":1772619286844,"logger":"SurfWorker","msg":"SurfWorker starting..."}
{"level":50,"time":"2026-03-05T05:49:50.038Z","logId":1772619286844,"logger":"LoginService","row":1,"phone":"longh1248@gmail.com","proxy":"http://103.84.95.54:7890","err":"Client network socket disconnected before secure TLS connection was established","msg":"ACCOUNT_PROCESS_ERROR"}
{"level":30,"time":"2026-03-05T05:49:50.038Z","logId":1772619286844,"logger":"LoginService","msg":"LOGIN summary: success=0 alreadyOk=0 relogin=0 fail=1"}
{"level":30,"time":"2026-03-05T05:50:48.835Z","logId":1772619286844,"logger":"LoginService","msg":"Initializing background workers..."}
{"level":30,"time":"2026-03-05T05:50:48.835Z","logId":1772619286844,"logger":"FriendWorker","msg":"FriendWorker starting..."}
{"level":30,"time":"2026-03-05T05:50:48.835Z","logId":1772619286844,"logger":"NotificationWorker","msg":"NotificationWorker starting..."}
{"level":30,"time":"2026-03-05T05:50:48.835Z","logId":1772619286844,"logger":"FeedWorker","msg":"FeedWorker starting..."}
{"level":30,"time":"2026-03-05T05:50:48.835Z","logId":1772619286844,"logger":"SurfWorker","msg":"SurfWorker starting..."}
{"level":50,"time":"2026-03-05T05:50:49.138Z","logId":1772619286844,"logger":"LoginService","row":1,"phone":"longh1248@gmail.com","proxy":"http://103.84.95.54:7890","err":"Client network socket disconnected before secure TLS connection was established","msg":"ACCOUNT_PROCESS_ERROR"}
{"level":30,"time":"2026-03-05T05:50:49.138Z","logId":1772619286844,"logger":"LoginService","msg":"LOGIN summary: success=0 alreadyOk=0 relogin=0 fail=1"}
{"level":30,"time":"2026-03-05T05:51:48.841Z","logId":1772619286844,"logger":"LoginService","msg":"Initializing background workers..."}
{"level":30,"time":"2026-03-05T05:51:48.841Z","logId":1772619286844,"logger":"FriendWorker","msg":"FriendWorker starting..."}
{"level":30,"time":"2026-03-05T05:51:48.841Z","logId":1772619286844,"logger":"NotificationWorker","msg":"NotificationWorker starting..."}
{"level":30,"time":"2026-03-05T05:51:48.841Z","logId":1772619286844,"logger":"FeedWorker","msg":"FeedWorker starting..."}
{"level":30,"time":"2026-03-05T05:51:48.841Z","logId":1772619286844,"logger":"SurfWorker","msg":"SurfWorker starting..."}
{"level":30,"time":"2026-03-05T05:51:49.405Z","logId":1772619286844,"logger":"LoginService","msg":"LOGIN summary: success=1 alreadyOk=0 relogin=1 fail=0"}
{"level":30,"time":"2026-03-05T05:52:48.848Z","logId":1772619286844,"logger":"LoginService","msg":"Initializing background workers..."}
{"level":30,"time":"2026-03-05T05:52:48.848Z","logId":1772619286844,"logger":"FriendWorker","msg":"FriendWorker starting..."}
{"level":30,"time":"2026-03-05T05:52:48.848Z","logId":1772619286844,"logger":"NotificationWorker","msg":"NotificationWorker starting..."}
{"level":30,"time":"2026-03-05T05:52:48.848Z","logId":1772619286844,"logger":"FeedWorker","msg":"FeedWorker starting..."}
{"level":30,"time":"2026-03-05T05:52:48.848Z","logId":1772619286844,"logger":"SurfWorker","msg":"SurfWorker starting..."}
{"level":50,"time":"2026-03-05T05:52:49.181Z","logId":1772619286844,"logger":"LoginService","row":1,"phone":"longh1248@gmail.com","proxy":"http://103.84.95.54:7890","err":"Client network socket disconnected before secure TLS connection was established","msg":"ACCOUNT_PROCESS_ERROR"}
{"level":30,"time":"2026-03-05T05:52:49.181Z","logId":1772619286844,"logger":"LoginService","msg":"LOGIN summary: success=0 alreadyOk=0 relogin=0 fail=1"}
{"level":30,"time":"2026-03-05T05:53:48.860Z","logId":1772619286844,"logger":"LoginService","msg":"Initializing background workers..."}
{"level":30,"time":"2026-03-05T05:53:48.860Z","logId":1772619286844,"logger":"FriendWorker","msg":"FriendWorker starting..."}
{"level":30,"time":"2026-03-05T05:53:48.860Z","logId":1772619286844,"logger":"NotificationWorker","msg":"NotificationWorker starting..."}
{"level":30,"time":"2026-03-05T05:53:48.860Z","logId":1772619286844,"logger":"FeedWorker","msg":"FeedWorker starting..."}
{"level":30,"time":"2026-03-05T05:53:48.860Z","logId":1772619286844,"logger":"SurfWorker","msg":"SurfWorker starting..."}
{"level":30,"time":"2026-03-05T05:53:49.434Z","logId":1772619286844,"logger":"LoginService","msg":"LOGIN summary: success=1 alreadyOk=0 relogin=1 fail=0"}
{"level":30,"time":"2026-03-05T05:54:48.868Z","logId":1772619286844,"logger":"LoginService","msg":"Initializing background workers..."}
{"level":30,"time":"2026-03-05T05:54:48.868Z","logId":1772619286844,"logger":"FriendWorker","msg":"FriendWorker starting..."}
{"level":30,"time":"2026-03-05T05:54:48.868Z","logId":1772619286844,"logger":"NotificationWorker","msg":"NotificationWorker starting..."}
{"level":30,"time":"2026-03-05T05:54:48.868Z","logId":1772619286844,"logger":"FeedWorker","msg":"FeedWorker starting..."}
{"level":30,"time":"2026-03-05T05:54:48.868Z","logId":1772619286844,"logger":"SurfWorker","msg":"SurfWorker starting..."}
{"level":30,"time":"2026-03-05T05:54:49.371Z","logId":1772619286844,"logger":"LoginService","msg":"LOGIN summary: success=1 alreadyOk=0 relogin=1 fail=0"}
{"level":30,"time":"2026-03-05T05:55:48.875Z","logId":1772619286844,"logger":"LoginService","msg":"Initializing background workers..."}
{"level":30,"time":"2026-03-05T05:55:48.875Z","logId":1772619286844,"logger":"FriendWorker","msg":"FriendWorker starting..."}
{"level":30,"time":"2026-03-05T05:55:48.875Z","logId":1772619286844,"logger":"NotificationWorker","msg":"NotificationWorker starting..."}
{"level":30,"time":"2026-03-05T05:55:48.875Z","logId":1772619286844,"logger":"FeedWorker","msg":"FeedWorker starting..."}
{"level":30,"time":"2026-03-05T05:55:48.875Z","logId":1772619286844,"logger":"SurfWorker","msg":"SurfWorker starting..."}
{"level":30,"time":"2026-03-05T05:55:56.591Z","logId":1772619286844,"logger":"LoginService","msg":"LOGIN summary: success=1 alreadyOk=0 relogin=1 fail=0"}
{"level":30,"time":"2026-03-05T05:56:48.884Z","logId":1772619286844,"logger":"LoginService","msg":"Initializing background workers..."}
{"level":30,"time":"2026-03-05T05:56:48.884Z","logId":1772619286844,"logger":"FriendWorker","msg":"FriendWorker starting..."}
{"level":30,"time":"2026-03-05T05:56:48.884Z","logId":1772619286844,"logger":"NotificationWorker","msg":"NotificationWorker starting..."}
{"level":30,"time":"2026-03-05T05:56:48.884Z","logId":1772619286844,"logger":"FeedWorker","msg":"FeedWorker starting..."}
{"level":30,"time":"2026-03-05T05:56:48.884Z","logId":1772619286844,"logger":"SurfWorker","msg":"SurfWorker starting..."}
{"level":30,"time":"2026-03-05T05:56:49.429Z","logId":1772619286844,"logger":"LoginService","msg":"LOGIN summary: success=1 alreadyOk=0 relogin=0 fail=0"}
{"level":30,"time":"2026-03-05T05:57:48.889Z","logId":1772619286844,"logger":"LoginService","msg":"Initializing background workers..."}
{"level":30,"time":"2026-03-05T05:57:48.889Z","logId":1772619286844,"logger":"FriendWorker","msg":"FriendWorker starting..."}
{"level":30,"time":"2026-03-05T05:57:48.889Z","logId":1772619286844,"logger":"NotificationWorker","msg":"NotificationWorker starting..."}
{"level":30,"time":"2026-03-05T05:57:48.889Z","logId":1772619286844,"logger":"FeedWorker","msg":"FeedWorker starting..."}
{"level":30,"time":"2026-03-05T05:57:48.889Z","logId":1772619286844,"logger":"SurfWorker","msg":"SurfWorker starting..."}
{"level":30,"time":"2026-03-05T05:57:49.415Z","logId":1772619286844,"logger":"LoginService","msg":"LOGIN summary: success=1 alreadyOk=0 relogin=1 fail=0"}
{"level":30,"time":"2026-03-05T05:58:48.891Z","logId":1772619286844,"logger":"LoginService","msg":"Initializing background workers..."}
{"level":30,"time":"2026-03-05T05:58:48.891Z","logId":1772619286844,"logger":"FriendWorker","msg":"FriendWorker starting..."}
{"level":30,"time":"2026-03-05T05:58:48.891Z","logId":1772619286844,"logger":"NotificationWorker","msg":"NotificationWorker starting..."}
{"level":30,"time":"2026-03-05T05:58:48.891Z","logId":1772619286844,"logger":"FeedWorker","msg":"FeedWorker starting..."}
{"level":30,"time":"2026-03-05T05:58:48.891Z","logId":1772619286844,"logger":"SurfWorker","msg":"SurfWorker starting..."}
{"level":30,"time":"2026-03-05T05:58:49.530Z","logId":1772619286844,"logger":"LoginService","msg":"LOGIN summary: success=1 alreadyOk=0 relogin=1 fail=0"}
{"level":30,"time":"2026-03-05T05:59:48.930Z","logId":1772619286844,"logger":"LoginService","msg":"Initializing background workers..."}
{"level":30,"time":"2026-03-05T05:59:48.930Z","logId":1772619286844,"logger":"FriendWorker","msg":"FriendWorker starting..."}
{"level":30,"time":"2026-03-05T05:59:48.930Z","logId":1772619286844,"logger":"NotificationWorker","msg":"NotificationWorker starting..."}
{"level":30,"time":"2026-03-05T05:59:48.930Z","logId":1772619286844,"logger":"FeedWorker","msg":"FeedWorker starting..."}
{"level":30,"time":"2026-03-05T05:59:48.930Z","logId":1772619286844,"logger":"SurfWorker","msg":"SurfWorker starting..."}
{"level":30,"time":"2026-03-05T05:59:49.740Z","logId":1772619286844,"logger":"LoginService","msg":"LOGIN summary: success=1 alreadyOk=0 relogin=0 fail=0"}
{"level":30,"time":"2026-03-05T06:00:48.945Z","logId":1772619286844,"logger":"LoginService","msg":"Initializing background workers..."}
{"level":30,"time":"2026-03-05T06:00:48.945Z","logId":1772619286844,"logger":"FriendWorker","msg":"FriendWorker starting..."}
{"level":30,"time":"2026-03-05T06:00:48.945Z","logId":1772619286844,"logger":"NotificationWorker","msg":"NotificationWorker starting..."}
{"level":30,"time":"2026-03-05T06:00:48.945Z","logId":1772619286844,"logger":"FeedWorker","msg":"FeedWorker starting..."}
{"level":30,"time":"2026-03-05T06:00:48.945Z","logId":1772619286844,"logger":"SurfWorker","msg":"SurfWorker starting..."}
{"level":50,"time":"2026-03-05T06:00:51.186Z","logId":1772619286844,"logger":"LoginService","row":1,"phone":"longh1248@gmail.com","proxy":"http://103.84.95.54:7890","err":"read ECONNRESET","msg":"ACCOUNT_PROCESS_ERROR"}
{"level":30,"time":"2026-03-05T06:00:51.186Z","logId":1772619286844,"logger":"LoginService","msg":"LOGIN summary: success=0 alreadyOk=0 relogin=0 fail=1"}
{"level":30,"time":"2026-03-05T06:01:48.963Z","logId":1772619286844,"logger":"LoginService","msg":"Initializing background workers..."}
{"level":30,"time":"2026-03-05T06:01:48.963Z","logId":1772619286844,"logger":"FriendWorker","msg":"FriendWorker starting..."}
{"level":30,"time":"2026-03-05T06:01:48.963Z","logId":1772619286844,"logger":"NotificationWorker","msg":"NotificationWorker starting..."}
{"level":30,"time":"2026-03-05T06:01:48.963Z","logId":1772619286844,"logger":"FeedWorker","msg":"FeedWorker starting..."}
{"level":30,"time":"2026-03-05T06:01:48.963Z","logId":1772619286844,"logger":"SurfWorker","msg":"SurfWorker starting..."}
{"level":30,"time":"2026-03-05T06:01:49.618Z","logId":1772619286844,"logger":"LoginService","msg":"LOGIN summary: success=1 alreadyOk=0 relogin=0 fail=0"}
{"level":30,"time":"2026-03-05T06:02:48.977Z","logId":1772619286844,"logger":"LoginService","msg":"Initializing background workers..."}
{"level":30,"time":"2026-03-05T06:02:48.977Z","logId":1772619286844,"logger":"FriendWorker","msg":"FriendWorker starting..."}
{"level":30,"time":"2026-03-05T06:02:48.977Z","logId":1772619286844,"logger":"NotificationWorker","msg":"NotificationWorker starting..."}
{"level":30,"time":"2026-03-05T06:02:48.977Z","logId":1772619286844,"logger":"FeedWorker","msg":"FeedWorker starting..."}
{"level":30,"time":"2026-03-05T06:02:48.977Z","logId":1772619286844,"logger":"SurfWorker","msg":"SurfWorker starting..."}
{"level":50,"time":"2026-03-05T06:02:49.112Z","logId":1772619286844,"logger":"LoginService","row":1,"phone":"longh1248@gmail.com","proxy":"http://103.84.95.54:7890","err":"Client network socket disconnected before secure TLS connection was established","msg":"ACCOUNT_PROCESS_ERROR"}
{"level":30,"time":"2026-03-05T06:02:49.112Z","logId":1772619286844,"logger":"LoginService","msg":"LOGIN summary: success=0 alreadyOk=0 relogin=0 fail=1"}
{"level":30,"time":"2026-03-05T06:03:48.978Z","logId":1772619286844,"logger":"LoginService","msg":"Initializing background workers..."}
{"level":30,"time":"2026-03-05T06:03:48.978Z","logId":1772619286844,"logger":"FriendWorker","msg":"FriendWorker starting..."}
{"level":30,"time":"2026-03-05T06:03:48.978Z","logId":1772619286844,"logger":"NotificationWorker","msg":"NotificationWorker starting..."}
{"level":30,"time":"2026-03-05T06:03:48.978Z","logId":1772619286844,"logger":"FeedWorker","msg":"FeedWorker starting..."}
{"level":30,"time":"2026-03-05T06:03:48.978Z","logId":1772619286844,"logger":"SurfWorker","msg":"SurfWorker starting..."}
{"level":30,"time":"2026-03-05T06:03:49.997Z","logId":1772619286844,"logger":"LoginService","msg":"LOGIN summary: success=1 alreadyOk=0 relogin=1 fail=0"}
{"level":30,"time":"2026-03-05T06:04:48.991Z","logId":1772619286844,"logger":"LoginService","msg":"Initializing background workers..."}
{"level":30,"time":"2026-03-05T06:04:48.991Z","logId":1772619286844,"logger":"FriendWorker","msg":"FriendWorker starting..."}
{"level":30,"time":"2026-03-05T06:04:48.991Z","logId":1772619286844,"logger":"NotificationWorker","msg":"NotificationWorker starting..."}
{"level":30,"time":"2026-03-05T06:04:48.991Z","logId":1772619286844,"logger":"FeedWorker","msg":"FeedWorker starting..."}
{"level":30,"time":"2026-03-05T06:04:48.991Z","logId":1772619286844,"logger":"SurfWorker","msg":"SurfWorker starting..."}
{"level":30,"time":"2026-03-05T06:04:50.824Z","logId":1772619286844,"logger":"LoginService","msg":"LOGIN summary: success=1 alreadyOk=0 relogin=0 fail=0"}
{"level":30,"time":"2026-03-05T06:05:48.995Z","logId":1772619286844,"logger":"LoginService","msg":"Initializing background workers..."}
{"level":30,"time":"2026-03-05T06:05:48.995Z","logId":1772619286844,"logger":"FriendWorker","msg":"FriendWorker starting..."}
{"level":30,"time":"2026-03-05T06:05:48.996Z","logId":1772619286844,"logger":"NotificationWorker","msg":"NotificationWorker starting..."}
{"level":30,"time":"2026-03-05T06:05:48.996Z","logId":1772619286844,"logger":"FeedWorker","msg":"FeedWorker starting..."}
{"level":30,"time":"2026-03-05T06:05:48.996Z","logId":1772619286844,"logger":"SurfWorker","msg":"SurfWorker starting..."}
{"level":30,"time":"2026-03-05T06:05:49.493Z","logId":1772619286844,"logger":"LoginService","msg":"LOGIN summary: success=1 alreadyOk=0 relogin=0 fail=0"}
{"level":30,"time":"2026-03-05T06:06:49.010Z","logId":1772619286844,"logger":"LoginService","msg":"Initializing background workers..."}
{"level":30,"time":"2026-03-05T06:06:49.010Z","logId":1772619286844,"logger":"FriendWorker","msg":"FriendWorker starting..."}
{"level":30,"time":"2026-03-05T06:06:49.010Z","logId":1772619286844,"logger":"NotificationWorker","msg":"NotificationWorker starting..."}
{"level":30,"time":"2026-03-05T06:06:49.010Z","logId":1772619286844,"logger":"FeedWorker","msg":"FeedWorker starting..."}
{"level":30,"time":"2026-03-05T06:06:49.010Z","logId":1772619286844,"logger":"SurfWorker","msg":"SurfWorker starting..."}
{"level":30,"time":"2026-03-05T06:06:49.660Z","logId":1772619286844,"logger":"LoginService","msg":"LOGIN summary: success=1 alreadyOk=0 relogin=1 fail=0"}
{"level":30,"time":"2026-03-05T06:07:49.014Z","logId":1772619286844,"logger":"LoginService","msg":"Initializing background workers..."}
{"level":30,"time":"2026-03-05T06:07:49.014Z","logId":1772619286844,"logger":"FriendWorker","msg":"FriendWorker starting..."}
{"level":30,"time":"2026-03-05T06:07:49.014Z","logId":1772619286844,"logger":"NotificationWorker","msg":"NotificationWorker starting..."}
{"level":30,"time":"2026-03-05T06:07:49.014Z","logId":1772619286844,"logger":"FeedWorker","msg":"FeedWorker starting..."}
{"level":30,"time":"2026-03-05T06:07:49.014Z","logId":1772619286844,"logger":"SurfWorker","msg":"SurfWorker starting..."}
{"level":50,"time":"2026-03-05T06:07:49.290Z","logId":1772619286844,"logger":"LoginService","row":1,"phone":"longh1248@gmail.com","proxy":"http://103.84.95.54:7890","err":"Client network socket disconnected before secure TLS connection was established","msg":"ACCOUNT_PROCESS_ERROR"}
{"level":30,"time":"2026-03-05T06:07:49.290Z","logId":1772619286844,"logger":"LoginService","msg":"LOGIN summary: success=0 alreadyOk=0 relogin=0 fail=1"}
{"level":30,"time":"2026-03-05T06:08:49.019Z","logId":1772619286844,"logger":"LoginService","msg":"Initializing background workers..."}
{"level":30,"time":"2026-03-05T06:08:49.019Z","logId":1772619286844,"logger":"FriendWorker","msg":"FriendWorker starting..."}
{"level":30,"time":"2026-03-05T06:08:49.019Z","logId":1772619286844,"logger":"NotificationWorker","msg":"NotificationWorker starting..."}
{"level":30,"time":"2026-03-05T06:08:49.019Z","logId":1772619286844,"logger":"FeedWorker","msg":"FeedWorker starting..."}
{"level":30,"time":"2026-03-05T06:08:49.019Z","logId":1772619286844,"logger":"SurfWorker","msg":"SurfWorker starting..."}
{"level":50,"time":"2026-03-05T06:08:49.166Z","logId":1772619286844,"logger":"LoginService","row":1,"phone":"longh1248@gmail.com","proxy":"http://103.84.95.54:7890","err":"Client network socket disconnected before secure TLS connection was established","msg":"ACCOUNT_PROCESS_ERROR"}
{"level":30,"time":"2026-03-05T06:08:49.166Z","logId":1772619286844,"logger":"LoginService","msg":"LOGIN summary: success=0 alreadyOk=0 relogin=0 fail=1"}
{"level":30,"time":"2026-03-05T06:09:49.028Z","logId":1772619286844,"logger":"LoginService","msg":"Initializing background workers..."}
{"level":30,"time":"2026-03-05T06:09:49.028Z","logId":1772619286844,"logger":"FriendWorker","msg":"FriendWorker starting..."}
{"level":30,"time":"2026-03-05T06:09:49.028Z","logId":1772619286844,"logger":"NotificationWorker","msg":"NotificationWorker starting..."}
{"level":30,"time":"2026-03-05T06:09:49.028Z","logId":1772619286844,"logger":"FeedWorker","msg":"FeedWorker starting..."}
{"level":30,"time":"2026-03-05T06:09:49.028Z","logId":1772619286844,"logger":"SurfWorker","msg":"SurfWorker starting..."}
{"level":30,"time":"2026-03-05T06:09:50.593Z","logId":1772619286844,"logger":"LoginService","msg":"LOGIN summary: success=1 alreadyOk=0 relogin=1 fail=0"}
{"level":30,"time":"2026-03-05T06:10:49.040Z","logId":1772619286844,"logger":"LoginService","msg":"Initializing background workers..."}
{"level":30,"time":"2026-03-05T06:10:49.040Z","logId":1772619286844,"logger":"FriendWorker","msg":"FriendWorker starting..."}
{"level":30,"time":"2026-03-05T06:10:49.040Z","logId":1772619286844,"logger":"NotificationWorker","msg":"NotificationWorker starting..."}
{"level":30,"time":"2026-03-05T06:10:49.040Z","logId":1772619286844,"logger":"FeedWorker","msg":"FeedWorker starting..."}
{"level":30,"time":"2026-03-05T06:10:49.040Z","logId":1772619286844,"logger":"SurfWorker","msg":"SurfWorker starting..."}
{"level":30,"time":"2026-03-05T06:10:49.903Z","logId":1772619286844,"logger":"LoginService","msg":"LOGIN summary: success=1 alreadyOk=0 relogin=0 fail=0"}
{"level":30,"time":"2026-03-05T06:11:49.054Z","logId":1772619286844,"logger":"LoginService","msg":"Initializing background workers..."}
{"level":30,"time":"2026-03-05T06:11:49.054Z","logId":1772619286844,"logger":"FriendWorker","msg":"FriendWorker starting..."}
{"level":30,"time":"2026-03-05T06:11:49.054Z","logId":1772619286844,"logger":"NotificationWorker","msg":"NotificationWorker starting..."}
{"level":30,"time":"2026-03-05T06:11:49.054Z","logId":1772619286844,"logger":"FeedWorker","msg":"FeedWorker starting..."}
{"level":30,"time":"2026-03-05T06:11:49.054Z","logId":1772619286844,"logger":"SurfWorker","msg":"SurfWorker starting..."}
{"level":30,"time":"2026-03-05T06:11:49.808Z","logId":1772619286844,"logger":"LoginService","msg":"LOGIN summary: success=1 alreadyOk=0 relogin=1 fail=0"}
{"level":30,"time":"2026-03-05T06:12:49.070Z","logId":1772619286844,"logger":"LoginService","msg":"Initializing background workers..."}
{"level":30,"time":"2026-03-05T06:12:49.070Z","logId":1772619286844,"logger":"FriendWorker","msg":"FriendWorker starting..."}
{"level":30,"time":"2026-03-05T06:12:49.070Z","logId":1772619286844,"logger":"NotificationWorker","msg":"NotificationWorker starting..."}
{"level":30,"time":"2026-03-05T06:12:49.070Z","logId":1772619286844,"logger":"FeedWorker","msg":"FeedWorker starting..."}
{"level":30,"time":"2026-03-05T06:12:49.070Z","logId":1772619286844,"logger":"SurfWorker","msg":"SurfWorker starting..."}
{"level":30,"time":"2026-03-05T06:12:50.148Z","logId":1772619286844,"logger":"LoginService","msg":"LOGIN summary: success=1 alreadyOk=0 relogin=0 fail=0"}
{"level":30,"time":"2026-03-05T06:13:49.080Z","logId":1772619286844,"logger":"LoginService","msg":"Initializing background workers..."}
{"level":30,"time":"2026-03-05T06:13:49.080Z","logId":1772619286844,"logger":"FriendWorker","msg":"FriendWorker starting..."}
{"level":30,"time":"2026-03-05T06:13:49.080Z","logId":1772619286844,"logger":"NotificationWorker","msg":"NotificationWorker starting..."}
{"level":30,"time":"2026-03-05T06:13:49.080Z","logId":1772619286844,"logger":"FeedWorker","msg":"FeedWorker starting..."}
{"level":30,"time":"2026-03-05T06:13:49.081Z","logId":1772619286844,"logger":"SurfWorker","msg":"SurfWorker starting..."}
{"level":30,"time":"2026-03-05T06:13:49.609Z","logId":1772619286844,"logger":"LoginService","msg":"LOGIN summary: success=1 alreadyOk=0 relogin=1 fail=0"}
{"level":30,"time":"2026-03-05T06:14:49.090Z","logId":1772619286844,"logger":"LoginService","msg":"Initializing background workers..."}
{"level":30,"time":"2026-03-05T06:14:49.090Z","logId":1772619286844,"logger":"FriendWorker","msg":"FriendWorker starting..."}
{"level":30,"time":"2026-03-05T06:14:49.090Z","logId":1772619286844,"logger":"NotificationWorker","msg":"NotificationWorker starting..."}
{"level":30,"time":"2026-03-05T06:14:49.090Z","logId":1772619286844,"logger":"FeedWorker","msg":"FeedWorker starting..."}
{"level":30,"time":"2026-03-05T06:14:49.090Z","logId":1772619286844,"logger":"SurfWorker","msg":"SurfWorker starting..."}
{"level":30,"time":"2026-03-05T06:14:49.627Z","logId":1772619286844,"logger":"LoginService","msg":"LOGIN summary: success=1 alreadyOk=0 relogin=1 fail=0"}
{"level":30,"time":"2026-03-05T06:15:49.105Z","logId":1772619286844,"logger":"LoginService","msg":"Initializing background workers..."}
{"level":30,"time":"2026-03-05T06:15:49.105Z","logId":1772619286844,"logger":"FriendWorker","msg":"FriendWorker starting..."}
{"level":30,"time":"2026-03-05T06:15:49.105Z","logId":1772619286844,"logger":"NotificationWorker","msg":"NotificationWorker starting..."}
{"level":30,"time":"2026-03-05T06:15:49.105Z","logId":1772619286844,"logger":"FeedWorker","msg":"FeedWorker starting..."}
{"level":30,"time":"2026-03-05T06:15:49.105Z","logId":1772619286844,"logger":"SurfWorker","msg":"SurfWorker starting..."}
{"level":30,"time":"2026-03-05T06:15:49.769Z","logId":1772619286844,"logger":"LoginService","msg":"LOGIN summary: success=1 alreadyOk=0 relogin=1 fail=0"}
{"level":30,"time":"2026-03-05T06:16:49.118Z","logId":1772619286844,"logger":"LoginService","msg":"Initializing background workers..."}
{"level":30,"time":"2026-03-05T06:16:49.118Z","logId":1772619286844,"logger":"FriendWorker","msg":"FriendWorker starting..."}
{"level":30,"time":"2026-03-05T06:16:49.118Z","logId":1772619286844,"logger":"NotificationWorker","msg":"NotificationWorker starting..."}
{"level":30,"time":"2026-03-05T06:16:49.118Z","logId":1772619286844,"logger":"FeedWorker","msg":"FeedWorker starting..."}
{"level":30,"time":"2026-03-05T06:16:49.118Z","logId":1772619286844,"logger":"SurfWorker","msg":"SurfWorker starting..."}
{"level":50,"time":"2026-03-05T06:16:49.411Z","logId":1772619286844,"logger":"LoginService","row":1,"phone":"longh1248@gmail.com","proxy":"http://103.84.95.54:7890","err":"Client network socket disconnected before secure TLS connection was established","msg":"ACCOUNT_PROCESS_ERROR"}
{"level":30,"time":"2026-03-05T06:16:49.411Z","logId":1772619286844,"logger":"LoginService","msg":"LOGIN summary: success=0 alreadyOk=0 relogin=0 fail=1"}
{"level":30,"time":"2026-03-05T06:17:49.271Z","logId":1772619286844,"logger":"LoginService","msg":"Initializing background workers..."}
{"level":30,"time":"2026-03-05T06:17:49.271Z","logId":1772619286844,"logger":"FriendWorker","msg":"FriendWorker starting..."}
{"level":30,"time":"2026-03-05T06:17:49.271Z","logId":1772619286844,"logger":"NotificationWorker","msg":"NotificationWorker starting..."}
{"level":30,"time":"2026-03-05T06:17:49.271Z","logId":1772619286844,"logger":"FeedWorker","msg":"FeedWorker starting..."}
{"level":30,"time":"2026-03-05T06:17:49.271Z","logId":1772619286844,"logger":"SurfWorker","msg":"SurfWorker starting..."}
{"level":30,"time":"2026-03-05T06:17:49.970Z","logId":1772619286844,"logger":"LoginService","msg":"LOGIN summary: success=1 alreadyOk=0 relogin=0 fail=0"}
{"level":30,"time":"2026-03-05T06:18:49.273Z","logId":1772619286844,"logger":"LoginService","msg":"Initializing background workers..."}
{"level":30,"time":"2026-03-05T06:18:49.273Z","logId":1772619286844,"logger":"FriendWorker","msg":"FriendWorker starting..."}
{"level":30,"time":"2026-03-05T06:18:49.273Z","logId":1772619286844,"logger":"NotificationWorker","msg":"NotificationWorker starting..."}
{"level":30,"time":"2026-03-05T06:18:49.273Z","logId":1772619286844,"logger":"FeedWorker","msg":"FeedWorker starting..."}
{"level":30,"time":"2026-03-05T06:18:49.273Z","logId":1772619286844,"logger":"SurfWorker","msg":"SurfWorker starting..."}
{"level":50,"time":"2026-03-05T06:18:49.455Z","logId":1772619286844,"logger":"LoginService","row":1,"phone":"longh1248@gmail.com","proxy":"http://103.84.95.54:7890","err":"read ECONNRESET","msg":"ACCOUNT_PROCESS_ERROR"}
{"level":30,"time":"2026-03-05T06:18:49.455Z","logId":1772619286844,"logger":"LoginService","msg":"LOGIN summary: success=0 alreadyOk=0 relogin=0 fail=1"}
{"level":30,"time":"2026-03-05T06:19:49.275Z","logId":1772619286844,"logger":"LoginService","msg":"Initializing background workers..."}
{"level":30,"time":"2026-03-05T06:19:49.275Z","logId":1772619286844,"logger":"FriendWorker","msg":"FriendWorker starting..."}
{"level":30,"time":"2026-03-05T06:19:49.275Z","logId":1772619286844,"logger":"NotificationWorker","msg":"NotificationWorker starting..."}
{"level":30,"time":"2026-03-05T06:19:49.275Z","logId":1772619286844,"logger":"FeedWorker","msg":"FeedWorker starting..."}
{"level":30,"time":"2026-03-05T06:19:49.275Z","logId":1772619286844,"logger":"SurfWorker","msg":"SurfWorker starting..."}
{"level":50,"time":"2026-03-05T06:19:49.480Z","logId":1772619286844,"logger":"LoginService","row":1,"phone":"longh1248@gmail.com","proxy":"http://103.84.95.54:7890","err":"read ECONNRESET","msg":"ACCOUNT_PROCESS_ERROR"}
{"level":30,"time":"2026-03-05T06:19:49.480Z","logId":1772619286844,"logger":"LoginService","msg":"LOGIN summary: success=0 alreadyOk=0 relogin=0 fail=1"}
{"level":30,"time":"2026-03-05T06:20:49.291Z","logId":1772619286844,"logger":"LoginService","msg":"Initializing background workers..."}
{"level":30,"time":"2026-03-05T06:20:49.291Z","logId":1772619286844,"logger":"FriendWorker","msg":"FriendWorker starting..."}
{"level":30,"time":"2026-03-05T06:20:49.291Z","logId":1772619286844,"logger":"NotificationWorker","msg":"NotificationWorker starting..."}
{"level":30,"time":"2026-03-05T06:20:49.291Z","logId":1772619286844,"logger":"FeedWorker","msg":"FeedWorker starting..."}
{"level":30,"time":"2026-03-05T06:20:49.291Z","logId":1772619286844,"logger":"SurfWorker","msg":"SurfWorker starting..."}
{"level":30,"time":"2026-03-05T06:20:49.878Z","logId":1772619286844,"logger":"LoginService","msg":"LOGIN summary: success=1 alreadyOk=0 relogin=0 fail=0"}
{"level":30,"time":"2026-03-05T06:21:49.298Z","logId":1772619286844,"logger":"LoginService","msg":"Initializing background workers..."}
{"level":30,"time":"2026-03-05T06:21:49.298Z","logId":1772619286844,"logger":"FriendWorker","msg":"FriendWorker starting..."}
{"level":30,"time":"2026-03-05T06:21:49.298Z","logId":1772619286844,"logger":"NotificationWorker","msg":"NotificationWorker starting..."}
{"level":30,"time":"2026-03-05T06:21:49.298Z","logId":1772619286844,"logger":"FeedWorker","msg":"FeedWorker starting..."}
{"level":30,"time":"2026-03-05T06:21:49.298Z","logId":1772619286844,"logger":"SurfWorker","msg":"SurfWorker starting..."}
{"level":30,"time":"2026-03-05T06:21:49.855Z","logId":1772619286844,"logger":"LoginService","msg":"LOGIN summary: success=1 alreadyOk=0 relogin=0 fail=0"}
{"level":30,"time":"2026-03-05T06:22:49.303Z","logId":1772619286844,"logger":"LoginService","msg":"Initializing background workers..."}
{"level":30,"time":"2026-03-05T06:22:49.304Z","logId":1772619286844,"logger":"FriendWorker","msg":"FriendWorker starting..."}
{"level":30,"time":"2026-03-05T06:22:49.304Z","logId":1772619286844,"logger":"NotificationWorker","msg":"NotificationWorker starting..."}
{"level":30,"time":"2026-03-05T06:22:49.304Z","logId":1772619286844,"logger":"FeedWorker","msg":"FeedWorker starting..."}
{"level":30,"time":"2026-03-05T06:22:49.304Z","logId":1772619286844,"logger":"SurfWorker","msg":"SurfWorker starting..."}
{"level":30,"time":"2026-03-05T06:22:51.099Z","logId":1772619286844,"logger":"LoginService","msg":"LOGIN summary: success=1 alreadyOk=0 relogin=0 fail=0"}
{"level":30,"time":"2026-03-05T06:23:49.312Z","logId":1772619286844,"logger":"LoginService","msg":"Initializing background workers..."}
{"level":30,"time":"2026-03-05T06:23:49.312Z","logId":1772619286844,"logger":"FriendWorker","msg":"FriendWorker starting..."}
{"level":30,"time":"2026-03-05T06:23:49.312Z","logId":1772619286844,"logger":"NotificationWorker","msg":"NotificationWorker starting..."}
{"level":30,"time":"2026-03-05T06:23:49.312Z","logId":1772619286844,"logger":"FeedWorker","msg":"FeedWorker starting..."}
{"level":30,"time":"2026-03-05T06:23:49.312Z","logId":1772619286844,"logger":"SurfWorker","msg":"SurfWorker starting..."}
{"level":30,"time":"2026-03-05T06:23:50.616Z","logId":1772619286844,"logger":"LoginService","msg":"LOGIN summary: success=1 alreadyOk=0 relogin=0 fail=0"}
{"level":30,"time":"2026-03-05T06:24:49.314Z","logId":1772619286844,"logger":"LoginService","msg":"Initializing background workers..."}
{"level":30,"time":"2026-03-05T06:24:49.314Z","logId":1772619286844,"logger":"FriendWorker","msg":"FriendWorker starting..."}
{"level":30,"time":"2026-03-05T06:24:49.314Z","logId":1772619286844,"logger":"NotificationWorker","msg":"NotificationWorker starting..."}
{"level":30,"time":"2026-03-05T06:24:49.314Z","logId":1772619286844,"logger":"FeedWorker","msg":"FeedWorker starting..."}
{"level":30,"time":"2026-03-05T06:24:49.314Z","logId":1772619286844,"logger":"SurfWorker","msg":"SurfWorker starting..."}
{"level":50,"time":"2026-03-05T06:24:49.567Z","logId":1772619286844,"logger":"LoginService","row":1,"phone":"longh1248@gmail.com","proxy":"http://103.84.95.54:7890","err":"read ECONNRESET","msg":"ACCOUNT_PROCESS_ERROR"}
{"level":30,"time":"2026-03-05T06:24:49.567Z","logId":1772619286844,"logger":"LoginService","msg":"LOGIN summary: success=0 alreadyOk=0 relogin=0 fail=1"}
{"level":30,"time":"2026-03-05T06:25:49.317Z","logId":1772619286844,"logger":"LoginService","msg":"Initializing background workers..."}
{"level":30,"time":"2026-03-05T06:25:49.318Z","logId":1772619286844,"logger":"FriendWorker","msg":"FriendWorker starting..."}
{"level":30,"time":"2026-03-05T06:25:49.318Z","logId":1772619286844,"logger":"NotificationWorker","msg":"NotificationWorker starting..."}
{"level":30,"time":"2026-03-05T06:25:49.318Z","logId":1772619286844,"logger":"FeedWorker","msg":"FeedWorker starting..."}
{"level":30,"time":"2026-03-05T06:25:49.318Z","logId":1772619286844,"logger":"SurfWorker","msg":"SurfWorker starting..."}
{"level":50,"time":"2026-03-05T06:25:50.032Z","logId":1772619286844,"logger":"LoginService","row":1,"phone":"longh1248@gmail.com","proxy":"http://103.84.95.54:7890","err":"Client network socket disconnected before secure TLS connection was established","msg":"ACCOUNT_PROCESS_ERROR"}
{"level":30,"time":"2026-03-05T06:25:50.032Z","logId":1772619286844,"logger":"LoginService","msg":"LOGIN summary: success=0 alreadyOk=0 relogin=0 fail=1"}
{"level":30,"time":"2026-03-05T06:26:49.332Z","logId":1772619286844,"logger":"LoginService","msg":"Initializing background workers..."}
{"level":30,"time":"2026-03-05T06:26:49.332Z","logId":1772619286844,"logger":"FriendWorker","msg":"FriendWorker starting..."}
{"level":30,"time":"2026-03-05T06:26:49.332Z","logId":1772619286844,"logger":"NotificationWorker","msg":"NotificationWorker starting..."}
{"level":30,"time":"2026-03-05T06:26:49.332Z","logId":1772619286844,"logger":"FeedWorker","msg":"FeedWorker starting..."}
{"level":30,"time":"2026-03-05T06:26:49.332Z","logId":1772619286844,"logger":"SurfWorker","msg":"SurfWorker starting..."}
{"level":50,"time":"2026-03-05T06:26:49.581Z","logId":1772619286844,"logger":"LoginService","row":1,"phone":"longh1248@gmail.com","proxy":"http://103.84.95.54:7890","err":"read ECONNRESET","msg":"ACCOUNT_PROCESS_ERROR"}
{"level":30,"time":"2026-03-05T06:26:49.581Z","logId":1772619286844,"logger":"LoginService","msg":"LOGIN summary: success=0 alreadyOk=0 relogin=0 fail=1"}
{"level":30,"time":"2026-03-05T06:27:49.335Z","logId":1772619286844,"logger":"LoginService","msg":"Initializing background workers..."}
{"level":30,"time":"2026-03-05T06:27:49.335Z","logId":1772619286844,"logger":"FriendWorker","msg":"FriendWorker starting..."}
{"level":30,"time":"2026-03-05T06:27:49.335Z","logId":1772619286844,"logger":"NotificationWorker","msg":"NotificationWorker starting..."}
{"level":30,"time":"2026-03-05T06:27:49.335Z","logId":1772619286844,"logger":"FeedWorker","msg":"FeedWorker starting..."}
{"level":30,"time":"2026-03-05T06:27:49.335Z","logId":1772619286844,"logger":"SurfWorker","msg":"SurfWorker starting..."}
{"level":30,"time":"2026-03-05T06:27:49.833Z","logId":1772619286844,"logger":"LoginService","msg":"LOGIN summary: success=1 alreadyOk=0 relogin=1 fail=0"}
{"level":30,"time":"2026-03-05T06:28:49.344Z","logId":1772619286844,"logger":"LoginService","msg":"Initializing background workers..."}
{"level":30,"time":"2026-03-05T06:28:49.344Z","logId":1772619286844,"logger":"FriendWorker","msg":"FriendWorker starting..."}
{"level":30,"time":"2026-03-05T06:28:49.344Z","logId":1772619286844,"logger":"NotificationWorker","msg":"NotificationWorker starting..."}
{"level":30,"time":"2026-03-05T06:28:49.344Z","logId":1772619286844,"logger":"FeedWorker","msg":"FeedWorker starting..."}
{"level":30,"time":"2026-03-05T06:28:49.344Z","logId":1772619286844,"logger":"SurfWorker","msg":"SurfWorker starting..."}
{"level":50,"time":"2026-03-05T06:28:49.532Z","logId":1772619286844,"logger":"LoginService","row":1,"phone":"longh1248@gmail.com","proxy":"http://103.84.95.54:7890","err":"read ECONNRESET","msg":"ACCOUNT_PROCESS_ERROR"}
{"level":30,"time":"2026-03-05T06:28:49.532Z","logId":1772619286844,"logger":"LoginService","msg":"LOGIN summary: success=0 alreadyOk=0 relogin=0 fail=1"}
{"level":30,"time":"2026-03-05T06:29:49.354Z","logId":1772619286844,"logger":"LoginService","msg":"Initializing background workers..."}
{"level":30,"time":"2026-03-05T06:29:49.354Z","logId":1772619286844,"logger":"FriendWorker","msg":"FriendWorker starting..."}
{"level":30,"time":"2026-03-05T06:29:49.354Z","logId":1772619286844,"logger":"NotificationWorker","msg":"NotificationWorker starting..."}
{"level":30,"time":"2026-03-05T06:29:49.354Z","logId":1772619286844,"logger":"FeedWorker","msg":"FeedWorker starting..."}
{"level":30,"time":"2026-03-05T06:29:49.354Z","logId":1772619286844,"logger":"SurfWorker","msg":"SurfWorker starting..."}
{"level":30,"time":"2026-03-05T06:29:49.855Z","logId":1772619286844,"logger":"LoginService","msg":"LOGIN summary: success=1 alreadyOk=0 relogin=1 fail=0"}
{"level":30,"time":"2026-03-05T06:30:49.358Z","logId":1772619286844,"logger":"LoginService","msg":"Initializing background workers..."}
{"level":30,"time":"2026-03-05T06:30:49.358Z","logId":1772619286844,"logger":"FriendWorker","msg":"FriendWorker starting..."}
{"level":30,"time":"2026-03-05T06:30:49.358Z","logId":1772619286844,"logger":"NotificationWorker","msg":"NotificationWorker starting..."}
{"level":30,"time":"2026-03-05T06:30:49.358Z","logId":1772619286844,"logger":"FeedWorker","msg":"FeedWorker starting..."}
{"level":30,"time":"2026-03-05T06:30:49.358Z","logId":1772619286844,"logger":"SurfWorker","msg":"SurfWorker starting..."}
{"level":30,"time":"2026-03-05T06:30:50.503Z","logId":1772619286844,"logger":"LoginService","msg":"LOGIN summary: success=1 alreadyOk=0 relogin=1 fail=0"}
{"level":30,"time":"2026-03-05T06:31:49.360Z","logId":1772619286844,"logger":"LoginService","msg":"Initializing background workers..."}
{"level":30,"time":"2026-03-05T06:31:49.360Z","logId":1772619286844,"logger":"FriendWorker","msg":"FriendWorker starting..."}
{"level":30,"time":"2026-03-05T06:31:49.360Z","logId":1772619286844,"logger":"NotificationWorker","msg":"NotificationWorker starting..."}
{"level":30,"time":"2026-03-05T06:31:49.360Z","logId":1772619286844,"logger":"FeedWorker","msg":"FeedWorker starting..."}
{"level":30,"time":"2026-03-05T06:31:49.360Z","logId":1772619286844,"logger":"SurfWorker","msg":"SurfWorker starting..."}
{"level":30,"time":"2026-03-05T06:31:50.420Z","logId":1772619286844,"logger":"LoginService","msg":"LOGIN summary: success=1 alreadyOk=0 relogin=0 fail=0"}
{"level":30,"time":"2026-03-05T06:32:49.376Z","logId":1772619286844,"logger":"LoginService","msg":"Initializing background workers..."}
{"level":30,"time":"2026-03-05T06:32:49.376Z","logId":1772619286844,"logger":"FriendWorker","msg":"FriendWorker starting..."}
{"level":30,"time":"2026-03-05T06:32:49.376Z","logId":1772619286844,"logger":"NotificationWorker","msg":"NotificationWorker starting..."}
{"level":30,"time":"2026-03-05T06:32:49.376Z","logId":1772619286844,"logger":"FeedWorker","msg":"FeedWorker starting..."}
{"level":30,"time":"2026-03-05T06:32:49.376Z","logId":1772619286844,"logger":"SurfWorker","msg":"SurfWorker starting..."}
{"level":30,"time":"2026-03-05T06:32:50.081Z","logId":1772619286844,"logger":"LoginService","msg":"LOGIN summary: success=1 alreadyOk=0 relogin=0 fail=0"}
{"level":30,"time":"2026-03-05T06:33:49.391Z","logId":1772619286844,"logger":"LoginService","msg":"Initializing background workers..."}
{"level":30,"time":"2026-03-05T06:33:49.391Z","logId":1772619286844,"logger":"FriendWorker","msg":"FriendWorker starting..."}
{"level":30,"time":"2026-03-05T06:33:49.391Z","logId":1772619286844,"logger":"NotificationWorker","msg":"NotificationWorker starting..."}
{"level":30,"time":"2026-03-05T06:33:49.391Z","logId":1772619286844,"logger":"FeedWorker","msg":"FeedWorker starting..."}
{"level":30,"time":"2026-03-05T06:33:49.391Z","logId":1772619286844,"logger":"SurfWorker","msg":"SurfWorker starting..."}
{"level":30,"time":"2026-03-05T06:33:49.928Z","logId":1772619286844,"logger":"LoginService","msg":"LOGIN summary: success=1 alreadyOk=0 relogin=1 fail=0"}
{"level":30,"time":"2026-03-05T06:34:49.392Z","logId":1772619286844,"logger":"LoginService","msg":"Initializing background workers..."}
{"level":30,"time":"2026-03-05T06:34:49.392Z","logId":1772619286844,"logger":"FriendWorker","msg":"FriendWorker starting..."}
{"level":30,"time":"2026-03-05T06:34:49.392Z","logId":1772619286844,"logger":"NotificationWorker","msg":"NotificationWorker starting..."}
{"level":30,"time":"2026-03-05T06:34:49.392Z","logId":1772619286844,"logger":"FeedWorker","msg":"FeedWorker starting..."}
{"level":30,"time":"2026-03-05T06:34:49.392Z","logId":1772619286844,"logger":"SurfWorker","msg":"SurfWorker starting..."}
{"level":50,"time":"2026-03-05T06:34:50.284Z","logId":1772619286844,"logger":"LoginService","row":1,"phone":"longh1248@gmail.com","proxy":"http://103.84.95.54:7890","err":"Client network socket disconnected before secure TLS connection was established","msg":"ACCOUNT_PROCESS_ERROR"}
{"level":30,"time":"2026-03-05T06:34:50.284Z","logId":1772619286844,"logger":"LoginService","msg":"LOGIN summary: success=0 alreadyOk=0 relogin=0 fail=1"}
{"level":30,"time":"2026-03-05T06:35:49.395Z","logId":1772619286844,"logger":"LoginService","msg":"Initializing background workers..."}
{"level":30,"time":"2026-03-05T06:35:49.395Z","logId":1772619286844,"logger":"FriendWorker","msg":"FriendWorker starting..."}
{"level":30,"time":"2026-03-05T06:35:49.395Z","logId":1772619286844,"logger":"NotificationWorker","msg":"NotificationWorker starting..."}
{"level":30,"time":"2026-03-05T06:35:49.395Z","logId":1772619286844,"logger":"FeedWorker","msg":"FeedWorker starting..."}
{"level":30,"time":"2026-03-05T06:35:49.395Z","logId":1772619286844,"logger":"SurfWorker","msg":"SurfWorker starting..."}
{"level":30,"time":"2026-03-05T06:35:51.276Z","logId":1772619286844,"logger":"LoginService","msg":"LOGIN summary: success=1 alreadyOk=0 relogin=1 fail=0"}
{"level":30,"time":"2026-03-05T06:36:49.395Z","logId":1772619286844,"logger":"LoginService","msg":"Initializing background workers..."}
{"level":30,"time":"2026-03-05T06:36:49.396Z","logId":1772619286844,"logger":"FriendWorker","msg":"FriendWorker starting..."}
{"level":30,"time":"2026-03-05T06:36:49.396Z","logId":1772619286844,"logger":"NotificationWorker","msg":"NotificationWorker starting..."}
{"level":30,"time":"2026-03-05T06:36:49.396Z","logId":1772619286844,"logger":"FeedWorker","msg":"FeedWorker starting..."}
{"level":30,"time":"2026-03-05T06:36:49.396Z","logId":1772619286844,"logger":"SurfWorker","msg":"SurfWorker starting..."}
{"level":30,"time":"2026-03-05T06:36:50.229Z","logId":1772619286844,"logger":"LoginService","msg":"LOGIN summary: success=1 alreadyOk=0 relogin=1 fail=0"}
{"level":30,"time":"2026-03-05T06:37:49.398Z","logId":1772619286844,"logger":"LoginService","msg":"Initializing background workers..."}
{"level":30,"time":"2026-03-05T06:37:49.398Z","logId":1772619286844,"logger":"FriendWorker","msg":"FriendWorker starting..."}
{"level":30,"time":"2026-03-05T06:37:49.398Z","logId":1772619286844,"logger":"NotificationWorker","msg":"NotificationWorker starting..."}
{"level":30,"time":"2026-03-05T06:37:49.398Z","logId":1772619286844,"logger":"FeedWorker","msg":"FeedWorker starting..."}
{"level":30,"time":"2026-03-05T06:37:49.398Z","logId":1772619286844,"logger":"SurfWorker","msg":"SurfWorker starting..."}
{"level":50,"time":"2026-03-05T06:37:49.604Z","logId":1772619286844,"logger":"LoginService","row":1,"phone":"longh1248@gmail.com","proxy":"http://103.84.95.54:7890","err":"read ECONNRESET","msg":"ACCOUNT_PROCESS_ERROR"}
{"level":30,"time":"2026-03-05T06:37:49.604Z","logId":1772619286844,"logger":"LoginService","msg":"LOGIN summary: success=0 alreadyOk=0 relogin=0 fail=1"}
{"level":30,"time":"2026-03-05T06:38:49.401Z","logId":1772619286844,"logger":"LoginService","msg":"Initializing background workers..."}
{"level":30,"time":"2026-03-05T06:38:49.401Z","logId":1772619286844,"logger":"FriendWorker","msg":"FriendWorker starting..."}
{"level":30,"time":"2026-03-05T06:38:49.401Z","logId":1772619286844,"logger":"NotificationWorker","msg":"NotificationWorker starting..."}
{"level":30,"time":"2026-03-05T06:38:49.401Z","logId":1772619286844,"logger":"FeedWorker","msg":"FeedWorker starting..."}
{"level":30,"time":"2026-03-05T06:38:49.401Z","logId":1772619286844,"logger":"SurfWorker","msg":"SurfWorker starting..."}
{"level":50,"time":"2026-03-05T06:38:49.864Z","logId":1772619286844,"logger":"LoginService","row":1,"phone":"longh1248@gmail.com","proxy":"http://103.84.95.54:7890","err":"read ECONNRESET","msg":"ACCOUNT_PROCESS_ERROR"}
{"level":30,"time":"2026-03-05T06:38:49.865Z","logId":1772619286844,"logger":"LoginService","msg":"LOGIN summary: success=0 alreadyOk=0 relogin=0 fail=1"}
{"level":30,"time":"2026-03-05T06:39:49.403Z","logId":1772619286844,"logger":"LoginService","msg":"Initializing background workers..."}
{"level":30,"time":"2026-03-05T06:39:49.403Z","logId":1772619286844,"logger":"FriendWorker","msg":"FriendWorker starting..."}
{"level":30,"time":"2026-03-05T06:39:49.403Z","logId":1772619286844,"logger":"NotificationWorker","msg":"NotificationWorker starting..."}
{"level":30,"time":"2026-03-05T06:39:49.403Z","logId":1772619286844,"logger":"FeedWorker","msg":"FeedWorker starting..."}
{"level":30,"time":"2026-03-05T06:39:49.403Z","logId":1772619286844,"logger":"SurfWorker","msg":"SurfWorker starting..."}
{"level":50,"time":"2026-03-05T06:39:49.599Z","logId":1772619286844,"logger":"LoginService","row":1,"phone":"longh1248@gmail.com","proxy":"http://103.84.95.54:7890","err":"Client network socket disconnected before secure TLS connection was established","msg":"ACCOUNT_PROCESS_ERROR"}
{"level":30,"time":"2026-03-05T06:39:49.599Z","logId":1772619286844,"logger":"LoginService","msg":"LOGIN summary: success=0 alreadyOk=0 relogin=0 fail=1"}
{"level":30,"time":"2026-03-05T06:40:49.404Z","logId":1772619286844,"logger":"LoginService","msg":"Initializing background workers..."}
{"level":30,"time":"2026-03-05T06:40:49.404Z","logId":1772619286844,"logger":"FriendWorker","msg":"FriendWorker starting..."}
{"level":30,"time":"2026-03-05T06:40:49.404Z","logId":1772619286844,"logger":"NotificationWorker","msg":"NotificationWorker starting..."}
{"level":30,"time":"2026-03-05T06:40:49.404Z","logId":1772619286844,"logger":"FeedWorker","msg":"FeedWorker starting..."}
{"level":30,"time":"2026-03-05T06:40:49.404Z","logId":1772619286844,"logger":"SurfWorker","msg":"SurfWorker starting..."}
{"level":30,"time":"2026-03-05T06:40:50.533Z","logId":1772619286844,"logger":"LoginService","msg":"LOGIN summary: success=1 alreadyOk=0 relogin=1 fail=0"}
{"level":30,"time":"2026-03-05T06:41:49.417Z","logId":1772619286844,"logger":"LoginService","msg":"Initializing background workers..."}
{"level":30,"time":"2026-03-05T06:41:49.417Z","logId":1772619286844,"logger":"FriendWorker","msg":"FriendWorker starting..."}
{"level":30,"time":"2026-03-05T06:41:49.417Z","logId":1772619286844,"logger":"NotificationWorker","msg":"NotificationWorker starting..."}
{"level":30,"time":"2026-03-05T06:41:49.417Z","logId":1772619286844,"logger":"FeedWorker","msg":"FeedWorker starting..."}
{"level":30,"time":"2026-03-05T06:41:49.417Z","logId":1772619286844,"logger":"SurfWorker","msg":"SurfWorker starting..."}
{"level":30,"time":"2026-03-05T06:41:50.560Z","logId":1772619286844,"logger":"LoginService","msg":"LOGIN summary: success=1 alreadyOk=0 relogin=0 fail=0"}
{"level":30,"time":"2026-03-05T06:42:49.427Z","logId":1772619286844,"logger":"LoginService","msg":"Initializing background workers..."}
{"level":30,"time":"2026-03-05T06:42:49.427Z","logId":1772619286844,"logger":"FriendWorker","msg":"FriendWorker starting..."}
{"level":30,"time":"2026-03-05T06:42:49.427Z","logId":1772619286844,"logger":"NotificationWorker","msg":"NotificationWorker starting..."}
{"level":30,"time":"2026-03-05T06:42:49.427Z","logId":1772619286844,"logger":"FeedWorker","msg":"FeedWorker starting..."}
{"level":30,"time":"2026-03-05T06:42:49.427Z","logId":1772619286844,"logger":"SurfWorker","msg":"SurfWorker starting..."}
{"level":30,"time":"2026-03-05T06:42:50.347Z","logId":1772619286844,"logger":"LoginService","msg":"LOGIN summary: success=1 alreadyOk=0 relogin=0 fail=0"}
{"level":30,"time":"2026-03-05T06:43:49.434Z","logId":1772619286844,"logger":"LoginService","msg":"Initializing background workers..."}
{"level":30,"time":"2026-03-05T06:43:49.434Z","logId":1772619286844,"logger":"FriendWorker","msg":"FriendWorker starting..."}
{"level":30,"time":"2026-03-05T06:43:49.434Z","logId":1772619286844,"logger":"NotificationWorker","msg":"NotificationWorker starting..."}
{"level":30,"time":"2026-03-05T06:43:49.434Z","logId":1772619286844,"logger":"FeedWorker","msg":"FeedWorker starting..."}
{"level":30,"time":"2026-03-05T06:43:49.434Z","logId":1772619286844,"logger":"SurfWorker","msg":"SurfWorker starting..."}
{"level":30,"time":"2026-03-05T06:43:49.905Z","logId":1772619286844,"logger":"LoginService","msg":"LOGIN summary: success=1 alreadyOk=0 relogin=0 fail=0"}
{"level":30,"time":"2026-03-05T06:44:49.449Z","logId":1772619286844,"logger":"LoginService","msg":"Initializing background workers..."}
{"level":30,"time":"2026-03-05T06:44:49.449Z","logId":1772619286844,"logger":"FriendWorker","msg":"FriendWorker starting..."}
{"level":30,"time":"2026-03-05T06:44:49.449Z","logId":1772619286844,"logger":"NotificationWorker","msg":"NotificationWorker starting..."}
{"level":30,"time":"2026-03-05T06:44:49.449Z","logId":1772619286844,"logger":"FeedWorker","msg":"FeedWorker starting..."}
{"level":30,"time":"2026-03-05T06:44:49.449Z","logId":1772619286844,"logger":"SurfWorker","msg":"SurfWorker starting..."}
{"level":30,"time":"2026-03-05T06:44:50.012Z","logId":1772619286844,"logger":"LoginService","msg":"LOGIN summary: success=1 alreadyOk=0 relogin=1 fail=0"}
{"level":30,"time":"2026-03-05T06:45:49.457Z","logId":1772619286844,"logger":"LoginService","msg":"Initializing background workers..."}
{"level":30,"time":"2026-03-05T06:45:49.457Z","logId":1772619286844,"logger":"FriendWorker","msg":"FriendWorker starting..."}
{"level":30,"time":"2026-03-05T06:45:49.457Z","logId":1772619286844,"logger":"NotificationWorker","msg":"NotificationWorker starting..."}
{"level":30,"time":"2026-03-05T06:45:49.457Z","logId":1772619286844,"logger":"FeedWorker","msg":"FeedWorker starting..."}
{"level":30,"time":"2026-03-05T06:45:49.457Z","logId":1772619286844,"logger":"SurfWorker","msg":"SurfWorker starting..."}
{"level":30,"time":"2026-03-05T06:45:50.595Z","logId":1772619286844,"logger":"LoginService","msg":"LOGIN summary: success=1 alreadyOk=0 relogin=1 fail=0"}
{"level":30,"time":"2026-03-05T06:46:49.470Z","logId":1772619286844,"logger":"LoginService","msg":"Initializing background workers..."}
{"level":30,"time":"2026-03-05T06:46:49.470Z","logId":1772619286844,"logger":"FriendWorker","msg":"FriendWorker starting..."}
{"level":30,"time":"2026-03-05T06:46:49.470Z","logId":1772619286844,"logger":"NotificationWorker","msg":"NotificationWorker starting..."}
{"level":30,"time":"2026-03-05T06:46:49.470Z","logId":1772619286844,"logger":"FeedWorker","msg":"FeedWorker starting..."}
{"level":30,"time":"2026-03-05T06:46:49.470Z","logId":1772619286844,"logger":"SurfWorker","msg":"SurfWorker starting..."}
{"level":30,"time":"2026-03-05T06:46:50.735Z","logId":1772619286844,"logger":"LoginService","msg":"LOGIN summary: success=1 alreadyOk=0 relogin=1 fail=0"}
{"level":30,"time":"2026-03-05T06:47:49.476Z","logId":1772619286844,"logger":"LoginService","msg":"Initializing background workers..."}
{"level":30,"time":"2026-03-05T06:47:49.476Z","logId":1772619286844,"logger":"FriendWorker","msg":"FriendWorker starting..."}
{"level":30,"time":"2026-03-05T06:47:49.476Z","logId":1772619286844,"logger":"NotificationWorker","msg":"NotificationWorker starting..."}
{"level":30,"time":"2026-03-05T06:47:49.476Z","logId":1772619286844,"logger":"FeedWorker","msg":"FeedWorker starting..."}
{"level":30,"time":"2026-03-05T06:47:49.476Z","logId":1772619286844,"logger":"SurfWorker","msg":"SurfWorker starting..."}
{"level":50,"time":"2026-03-05T06:47:50.337Z","logId":1772619286844,"logger":"LoginService","row":1,"phone":"longh1248@gmail.com","proxy":"http://103.84.95.54:7890","err":"Client network socket disconnected before secure TLS connection was established","msg":"ACCOUNT_PROCESS_ERROR"}
{"level":30,"time":"2026-03-05T06:47:50.337Z","logId":1772619286844,"logger":"LoginService","msg":"LOGIN summary: success=0 alreadyOk=0 relogin=0 fail=1"}
{"level":30,"time":"2026-03-05T06:48:49.490Z","logId":1772619286844,"logger":"LoginService","msg":"Initializing background workers..."}
{"level":30,"time":"2026-03-05T06:48:49.490Z","logId":1772619286844,"logger":"FriendWorker","msg":"FriendWorker starting..."}
{"level":30,"time":"2026-03-05T06:48:49.490Z","logId":1772619286844,"logger":"NotificationWorker","msg":"NotificationWorker starting..."}
{"level":30,"time":"2026-03-05T06:48:49.490Z","logId":1772619286844,"logger":"FeedWorker","msg":"FeedWorker starting..."}
{"level":30,"time":"2026-03-05T06:48:49.490Z","logId":1772619286844,"logger":"SurfWorker","msg":"SurfWorker starting..."}
{"level":50,"time":"2026-03-05T06:48:49.674Z","logId":1772619286844,"logger":"LoginService","row":1,"phone":"longh1248@gmail.com","proxy":"http://103.84.95.54:7890","err":"read ECONNRESET","msg":"ACCOUNT_PROCESS_ERROR"}
{"level":30,"time":"2026-03-05T06:48:49.674Z","logId":1772619286844,"logger":"LoginService","msg":"LOGIN summary: success=0 alreadyOk=0 relogin=0 fail=1"}
{"level":30,"time":"2026-03-05T06:49:49.493Z","logId":1772619286844,"logger":"LoginService","msg":"Initializing background workers..."}
{"level":30,"time":"2026-03-05T06:49:49.493Z","logId":1772619286844,"logger":"FriendWorker","msg":"FriendWorker starting..."}
{"level":30,"time":"2026-03-05T06:49:49.493Z","logId":1772619286844,"logger":"NotificationWorker","msg":"NotificationWorker starting..."}
{"level":30,"time":"2026-03-05T06:49:49.493Z","logId":1772619286844,"logger":"FeedWorker","msg":"FeedWorker starting..."}
{"level":30,"time":"2026-03-05T06:49:49.493Z","logId":1772619286844,"logger":"SurfWorker","msg":"SurfWorker starting..."}
{"level":50,"time":"2026-03-05T06:49:50.428Z","logId":1772619286844,"logger":"LoginService","row":1,"phone":"longh1248@gmail.com","proxy":"http://103.84.95.54:7890","err":"Client network socket disconnected before secure TLS connection was established","msg":"ACCOUNT_PROCESS_ERROR"}
{"level":30,"time":"2026-03-05T06:49:50.428Z","logId":1772619286844,"logger":"LoginService","msg":"LOGIN summary: success=0 alreadyOk=0 relogin=0 fail=1"}
{"level":30,"time":"2026-03-05T06:50:49.508Z","logId":1772619286844,"logger":"LoginService","msg":"Initializing background workers..."}
{"level":30,"time":"2026-03-05T06:50:49.508Z","logId":1772619286844,"logger":"FriendWorker","msg":"FriendWorker starting..."}
{"level":30,"time":"2026-03-05T06:50:49.508Z","logId":1772619286844,"logger":"NotificationWorker","msg":"NotificationWorker starting..."}
{"level":30,"time":"2026-03-05T06:50:49.508Z","logId":1772619286844,"logger":"FeedWorker","msg":"FeedWorker starting..."}
{"level":30,"time":"2026-03-05T06:50:49.508Z","logId":1772619286844,"logger":"SurfWorker","msg":"SurfWorker starting..."}
{"level":30,"time":"2026-03-05T06:50:50.914Z","logId":1772619286844,"logger":"LoginService","msg":"LOGIN summary: success=1 alreadyOk=0 relogin=1 fail=0"}
{"level":30,"time":"2026-03-05T06:51:49.512Z","logId":1772619286844,"logger":"LoginService","msg":"Initializing background workers..."}
{"level":30,"time":"2026-03-05T06:51:49.512Z","logId":1772619286844,"logger":"FriendWorker","msg":"FriendWorker starting..."}
{"level":30,"time":"2026-03-05T06:51:49.512Z","logId":1772619286844,"logger":"NotificationWorker","msg":"NotificationWorker starting..."}
{"level":30,"time":"2026-03-05T06:51:49.512Z","logId":1772619286844,"logger":"FeedWorker","msg":"FeedWorker starting..."}
{"level":30,"time":"2026-03-05T06:51:49.512Z","logId":1772619286844,"logger":"SurfWorker","msg":"SurfWorker starting..."}
{"level":50,"time":"2026-03-05T06:51:49.655Z","logId":1772619286844,"logger":"LoginService","row":1,"phone":"longh1248@gmail.com","proxy":"http://103.84.95.54:7890","err":"Client network socket disconnected before secure TLS connection was established","msg":"ACCOUNT_PROCESS_ERROR"}
{"level":30,"time":"2026-03-05T06:51:49.655Z","logId":1772619286844,"logger":"LoginService","msg":"LOGIN summary: success=0 alreadyOk=0 relogin=0 fail=1"}
{"level":30,"time":"2026-03-05T06:52:49.512Z","logId":1772619286844,"logger":"LoginService","msg":"Initializing background workers..."}
{"level":30,"time":"2026-03-05T06:52:49.512Z","logId":1772619286844,"logger":"FriendWorker","msg":"FriendWorker starting..."}
{"level":30,"time":"2026-03-05T06:52:49.512Z","logId":1772619286844,"logger":"NotificationWorker","msg":"NotificationWorker starting..."}
{"level":30,"time":"2026-03-05T06:52:49.512Z","logId":1772619286844,"logger":"FeedWorker","msg":"FeedWorker starting..."}
{"level":30,"time":"2026-03-05T06:52:49.512Z","logId":1772619286844,"logger":"SurfWorker","msg":"SurfWorker starting..."}
{"level":50,"time":"2026-03-05T06:52:49.928Z","logId":1772619286844,"logger":"LoginService","row":1,"phone":"longh1248@gmail.com","proxy":"http://103.84.95.54:7890","err":"Client network socket disconnected before secure TLS connection was established","msg":"ACCOUNT_PROCESS_ERROR"}
{"level":30,"time":"2026-03-05T06:52:49.928Z","logId":1772619286844,"logger":"LoginService","msg":"LOGIN summary: success=0 alreadyOk=0 relogin=0 fail=1"}
{"level":30,"time":"2026-03-05T06:53:49.516Z","logId":1772619286844,"logger":"LoginService","msg":"Initializing background workers..."}
{"level":30,"time":"2026-03-05T06:53:49.516Z","logId":1772619286844,"logger":"FriendWorker","msg":"FriendWorker starting..."}
{"level":30,"time":"2026-03-05T06:53:49.516Z","logId":1772619286844,"logger":"NotificationWorker","msg":"NotificationWorker starting..."}
{"level":30,"time":"2026-03-05T06:53:49.516Z","logId":1772619286844,"logger":"FeedWorker","msg":"FeedWorker starting..."}
{"level":30,"time":"2026-03-05T06:53:49.516Z","logId":1772619286844,"logger":"SurfWorker","msg":"SurfWorker starting..."}
{"level":50,"time":"2026-03-05T06:53:50.723Z","logId":1772619286844,"logger":"LoginService","row":1,"phone":"longh1248@gmail.com","proxy":"http://103.84.95.54:7890","err":"Client network socket disconnected before secure TLS connection was established","msg":"ACCOUNT_PROCESS_ERROR"}
{"level":30,"time":"2026-03-05T06:53:50.723Z","logId":1772619286844,"logger":"LoginService","msg":"LOGIN summary: success=0 alreadyOk=0 relogin=0 fail=1"}
{"level":30,"time":"2026-03-05T06:54:49.527Z","logId":1772619286844,"logger":"LoginService","msg":"Initializing background workers..."}
{"level":30,"time":"2026-03-05T06:54:49.527Z","logId":1772619286844,"logger":"FriendWorker","msg":"FriendWorker starting..."}
{"level":30,"time":"2026-03-05T06:54:49.527Z","logId":1772619286844,"logger":"NotificationWorker","msg":"NotificationWorker starting..."}
{"level":30,"time":"2026-03-05T06:54:49.527Z","logId":1772619286844,"logger":"FeedWorker","msg":"FeedWorker starting..."}
{"level":30,"time":"2026-03-05T06:54:49.527Z","logId":1772619286844,"logger":"SurfWorker","msg":"SurfWorker starting..."}
{"level":30,"time":"2026-03-05T06:54:50.070Z","logId":1772619286844,"logger":"LoginService","msg":"LOGIN summary: success=1 alreadyOk=0 relogin=1 fail=0"}
{"level":30,"time":"2026-03-05T06:55:49.545Z","logId":1772619286844,"logger":"LoginService","msg":"Initializing background workers..."}
{"level":30,"time":"2026-03-05T06:55:49.545Z","logId":1772619286844,"logger":"FriendWorker","msg":"FriendWorker starting..."}
{"level":30,"time":"2026-03-05T06:55:49.545Z","logId":1772619286844,"logger":"NotificationWorker","msg":"NotificationWorker starting..."}
{"level":30,"time":"2026-03-05T06:55:49.545Z","logId":1772619286844,"logger":"FeedWorker","msg":"FeedWorker starting..."}
{"level":30,"time":"2026-03-05T06:55:49.545Z","logId":1772619286844,"logger":"SurfWorker","msg":"SurfWorker starting..."}
{"level":50,"time":"2026-03-05T06:55:49.758Z","logId":1772619286844,"logger":"LoginService","row":1,"phone":"longh1248@gmail.com","proxy":"http://103.84.95.54:7890","err":"Client network socket disconnected before secure TLS connection was established","msg":"ACCOUNT_PROCESS_ERROR"}
{"level":30,"time":"2026-03-05T06:55:49.758Z","logId":1772619286844,"logger":"LoginService","msg":"LOGIN summary: success=0 alreadyOk=0 relogin=0 fail=1"}
{"level":30,"time":"2026-03-05T06:56:49.555Z","logId":1772619286844,"logger":"LoginService","msg":"Initializing background workers..."}
{"level":30,"time":"2026-03-05T06:56:49.556Z","logId":1772619286844,"logger":"FriendWorker","msg":"FriendWorker starting..."}
{"level":30,"time":"2026-03-05T06:56:49.556Z","logId":1772619286844,"logger":"NotificationWorker","msg":"NotificationWorker starting..."}
{"level":30,"time":"2026-03-05T06:56:49.556Z","logId":1772619286844,"logger":"FeedWorker","msg":"FeedWorker starting..."}
{"level":30,"time":"2026-03-05T06:56:49.556Z","logId":1772619286844,"logger":"SurfWorker","msg":"SurfWorker starting..."}
{"level":50,"time":"2026-03-05T06:56:50.704Z","logId":1772619286844,"logger":"LoginService","row":1,"phone":"longh1248@gmail.com","proxy":"http://103.84.95.54:7890","err":"Client network socket disconnected before secure TLS connection was established","msg":"ACCOUNT_PROCESS_ERROR"}
{"level":30,"time":"2026-03-05T06:56:50.704Z","logId":1772619286844,"logger":"LoginService","msg":"LOGIN summary: success=0 alreadyOk=0 relogin=0 fail=1"}
{"level":30,"time":"2026-03-05T06:57:49.569Z","logId":1772619286844,"logger":"LoginService","msg":"Initializing background workers..."}
{"level":30,"time":"2026-03-05T06:57:49.569Z","logId":1772619286844,"logger":"FriendWorker","msg":"FriendWorker starting..."}
{"level":30,"time":"2026-03-05T06:57:49.569Z","logId":1772619286844,"logger":"NotificationWorker","msg":"NotificationWorker starting..."}
{"level":30,"time":"2026-03-05T06:57:49.569Z","logId":1772619286844,"logger":"FeedWorker","msg":"FeedWorker starting..."}
{"level":30,"time":"2026-03-05T06:57:49.569Z","logId":1772619286844,"logger":"SurfWorker","msg":"SurfWorker starting..."}
{"level":30,"time":"2026-03-05T06:57:50.160Z","logId":1772619286844,"logger":"LoginService","msg":"LOGIN summary: success=1 alreadyOk=0 relogin=1 fail=0"}
{"level":30,"time":"2026-03-05T06:58:49.583Z","logId":1772619286844,"logger":"LoginService","msg":"Initializing background workers..."}
{"level":30,"time":"2026-03-05T06:58:49.583Z","logId":1772619286844,"logger":"FriendWorker","msg":"FriendWorker starting..."}
{"level":30,"time":"2026-03-05T06:58:49.583Z","logId":1772619286844,"logger":"NotificationWorker","msg":"NotificationWorker starting..."}
{"level":30,"time":"2026-03-05T06:58:49.583Z","logId":1772619286844,"logger":"FeedWorker","msg":"FeedWorker starting..."}
{"level":30,"time":"2026-03-05T06:58:49.583Z","logId":1772619286844,"logger":"SurfWorker","msg":"SurfWorker starting..."}
{"level":30,"time":"2026-03-05T06:58:50.165Z","logId":1772619286844,"logger":"LoginService","msg":"LOGIN summary: success=1 alreadyOk=0 relogin=1 fail=0"}
{"level":30,"time":"2026-03-05T06:59:49.589Z","logId":1772619286844,"logger":"LoginService","msg":"Initializing background workers..."}
{"level":30,"time":"2026-03-05T06:59:49.589Z","logId":1772619286844,"logger":"FriendWorker","msg":"FriendWorker starting..."}
{"level":30,"time":"2026-03-05T06:59:49.589Z","logId":1772619286844,"logger":"NotificationWorker","msg":"NotificationWorker starting..."}
{"level":30,"time":"2026-03-05T06:59:49.589Z","logId":1772619286844,"logger":"FeedWorker","msg":"FeedWorker starting..."}
{"level":30,"time":"2026-03-05T06:59:49.589Z","logId":1772619286844,"logger":"SurfWorker","msg":"SurfWorker starting..."}
{"level":30,"time":"2026-03-05T06:59:50.340Z","logId":1772619286844,"logger":"LoginService","msg":"LOGIN summary: success=1 alreadyOk=0 relogin=1 fail=0"}
{"level":30,"time":"2026-03-05T07:00:49.592Z","logId":1772619286844,"logger":"LoginService","msg":"Initializing background workers..."}
{"level":30,"time":"2026-03-05T07:00:49.592Z","logId":1772619286844,"logger":"FriendWorker","msg":"FriendWorker starting..."}
{"level":30,"time":"2026-03-05T07:00:49.592Z","logId":1772619286844,"logger":"NotificationWorker","msg":"NotificationWorker starting..."}
{"level":30,"time":"2026-03-05T07:00:49.592Z","logId":1772619286844,"logger":"FeedWorker","msg":"FeedWorker starting..."}
{"level":30,"time":"2026-03-05T07:00:49.592Z","logId":1772619286844,"logger":"SurfWorker","msg":"SurfWorker starting..."}
{"level":30,"time":"2026-03-05T07:00:50.299Z","logId":1772619286844,"logger":"LoginService","msg":"LOGIN summary: success=1 alreadyOk=0 relogin=0 fail=0"}
{"level":30,"time":"2026-03-05T07:01:49.607Z","logId":1772619286844,"logger":"LoginService","msg":"Initializing background workers..."}
{"level":30,"time":"2026-03-05T07:01:49.607Z","logId":1772619286844,"logger":"FriendWorker","msg":"FriendWorker starting..."}
{"level":30,"time":"2026-03-05T07:01:49.607Z","logId":1772619286844,"logger":"NotificationWorker","msg":"NotificationWorker starting..."}
{"level":30,"time":"2026-03-05T07:01:49.607Z","logId":1772619286844,"logger":"FeedWorker","msg":"FeedWorker starting..."}
{"level":30,"time":"2026-03-05T07:01:49.607Z","logId":1772619286844,"logger":"SurfWorker","msg":"SurfWorker starting..."}
{"level":30,"time":"2026-03-05T07:01:50.540Z","logId":1772619286844,"logger":"LoginService","msg":"LOGIN summary: success=1 alreadyOk=0 relogin=0 fail=0"}
{"level":30,"time":"2026-03-05T07:02:49.623Z","logId":1772619286844,"logger":"LoginService","msg":"Initializing background workers..."}
{"level":30,"time":"2026-03-05T07:02:49.623Z","logId":1772619286844,"logger":"FriendWorker","msg":"FriendWorker starting..."}
{"level":30,"time":"2026-03-05T07:02:49.623Z","logId":1772619286844,"logger":"NotificationWorker","msg":"NotificationWorker starting..."}
{"level":30,"time":"2026-03-05T07:02:49.623Z","logId":1772619286844,"logger":"FeedWorker","msg":"FeedWorker starting..."}
{"level":30,"time":"2026-03-05T07:02:49.623Z","logId":1772619286844,"logger":"SurfWorker","msg":"SurfWorker starting..."}
{"level":50,"time":"2026-03-05T07:02:49.813Z","logId":1772619286844,"logger":"LoginService","row":1,"phone":"longh1248@gmail.com","proxy":"http://103.84.95.54:7890","err":"read ECONNRESET","msg":"ACCOUNT_PROCESS_ERROR"}
{"level":30,"time":"2026-03-05T07:02:49.813Z","logId":1772619286844,"logger":"LoginService","msg":"LOGIN summary: success=0 alreadyOk=0 relogin=0 fail=1"}
{"level":30,"time":"2026-03-05T07:03:49.625Z","logId":1772619286844,"logger":"LoginService","msg":"Initializing background workers..."}
{"level":30,"time":"2026-03-05T07:03:49.625Z","logId":1772619286844,"logger":"FriendWorker","msg":"FriendWorker starting..."}
{"level":30,"time":"2026-03-05T07:03:49.625Z","logId":1772619286844,"logger":"NotificationWorker","msg":"NotificationWorker starting..."}
{"level":30,"time":"2026-03-05T07:03:49.625Z","logId":1772619286844,"logger":"FeedWorker","msg":"FeedWorker starting..."}
{"level":30,"time":"2026-03-05T07:03:49.625Z","logId":1772619286844,"logger":"SurfWorker","msg":"SurfWorker starting..."}
{"level":50,"time":"2026-03-05T07:03:50.502Z","logId":1772619286844,"logger":"LoginService","row":1,"phone":"longh1248@gmail.com","proxy":"http://103.84.95.54:7890","err":"Client network socket disconnected before secure TLS connection was established","msg":"ACCOUNT_PROCESS_ERROR"}
{"level":30,"time":"2026-03-05T07:03:50.502Z","logId":1772619286844,"logger":"LoginService","msg":"LOGIN summary: success=0 alreadyOk=0 relogin=0 fail=1"}
{"level":30,"time":"2026-03-05T07:04:49.638Z","logId":1772619286844,"logger":"LoginService","msg":"Initializing background workers..."}
{"level":30,"time":"2026-03-05T07:04:49.638Z","logId":1772619286844,"logger":"FriendWorker","msg":"FriendWorker starting..."}
{"level":30,"time":"2026-03-05T07:04:49.638Z","logId":1772619286844,"logger":"NotificationWorker","msg":"NotificationWorker starting..."}
{"level":30,"time":"2026-03-05T07:04:49.638Z","logId":1772619286844,"logger":"FeedWorker","msg":"FeedWorker starting..."}
{"level":30,"time":"2026-03-05T07:04:49.638Z","logId":1772619286844,"logger":"SurfWorker","msg":"SurfWorker starting..."}
{"level":50,"time":"2026-03-05T07:04:50.754Z","logId":1772619286844,"logger":"LoginService","row":1,"phone":"longh1248@gmail.com","proxy":"http://103.84.95.54:7890","err":"Client network socket disconnected before secure TLS connection was established","msg":"ACCOUNT_PROCESS_ERROR"}
{"level":30,"time":"2026-03-05T07:04:50.754Z","logId":1772619286844,"logger":"LoginService","msg":"LOGIN summary: success=0 alreadyOk=0 relogin=0 fail=1"}
{"level":30,"time":"2026-03-05T07:05:49.650Z","logId":1772619286844,"logger":"LoginService","msg":"Initializing background workers..."}
{"level":30,"time":"2026-03-05T07:05:49.650Z","logId":1772619286844,"logger":"FriendWorker","msg":"FriendWorker starting..."}
{"level":30,"time":"2026-03-05T07:05:49.650Z","logId":1772619286844,"logger":"NotificationWorker","msg":"NotificationWorker starting..."}
{"level":30,"time":"2026-03-05T07:05:49.650Z","logId":1772619286844,"logger":"FeedWorker","msg":"FeedWorker starting..."}
{"level":30,"time":"2026-03-05T07:05:49.650Z","logId":1772619286844,"logger":"SurfWorker","msg":"SurfWorker starting..."}
{"level":50,"time":"2026-03-05T07:05:49.842Z","logId":1772619286844,"logger":"LoginService","row":1,"phone":"longh1248@gmail.com","proxy":"http://103.84.95.54:7890","err":"read ECONNRESET","msg":"ACCOUNT_PROCESS_ERROR"}
{"level":30,"time":"2026-03-05T07:05:49.842Z","logId":1772619286844,"logger":"LoginService","msg":"LOGIN summary: success=0 alreadyOk=0 relogin=0 fail=1"}
{"level":30,"time":"2026-03-05T07:06:49.658Z","logId":1772619286844,"logger":"LoginService","msg":"Initializing background workers..."}
{"level":30,"time":"2026-03-05T07:06:49.658Z","logId":1772619286844,"logger":"FriendWorker","msg":"FriendWorker starting..."}
{"level":30,"time":"2026-03-05T07:06:49.658Z","logId":1772619286844,"logger":"NotificationWorker","msg":"NotificationWorker starting..."}
{"level":30,"time":"2026-03-05T07:06:49.658Z","logId":1772619286844,"logger":"FeedWorker","msg":"FeedWorker starting..."}
{"level":30,"time":"2026-03-05T07:06:49.658Z","logId":1772619286844,"logger":"SurfWorker","msg":"SurfWorker starting..."}
{"level":30,"time":"2026-03-05T07:06:50.182Z","logId":1772619286844,"logger":"LoginService","msg":"LOGIN summary: success=1 alreadyOk=0 relogin=1 fail=0"}
{"level":30,"time":"2026-03-05T07:07:49.663Z","logId":1772619286844,"logger":"LoginService","msg":"Initializing background workers..."}
{"level":30,"time":"2026-03-05T07:07:49.663Z","logId":1772619286844,"logger":"FriendWorker","msg":"FriendWorker starting..."}
{"level":30,"time":"2026-03-05T07:07:49.663Z","logId":1772619286844,"logger":"NotificationWorker","msg":"NotificationWorker starting..."}
{"level":30,"time":"2026-03-05T07:07:49.663Z","logId":1772619286844,"logger":"FeedWorker","msg":"FeedWorker starting..."}
{"level":30,"time":"2026-03-05T07:07:49.663Z","logId":1772619286844,"logger":"SurfWorker","msg":"SurfWorker starting..."}
{"level":30,"time":"2026-03-05T07:07:50.323Z","logId":1772619286844,"logger":"LoginService","msg":"LOGIN summary: success=1 alreadyOk=0 relogin=1 fail=0"}
{"level":30,"time":"2026-03-05T07:08:49.666Z","logId":1772619286844,"logger":"LoginService","msg":"Initializing background workers..."}
{"level":30,"time":"2026-03-05T07:08:49.666Z","logId":1772619286844,"logger":"FriendWorker","msg":"FriendWorker starting..."}
{"level":30,"time":"2026-03-05T07:08:49.666Z","logId":1772619286844,"logger":"NotificationWorker","msg":"NotificationWorker starting..."}
{"level":30,"time":"2026-03-05T07:08:49.666Z","logId":1772619286844,"logger":"FeedWorker","msg":"FeedWorker starting..."}
{"level":30,"time":"2026-03-05T07:08:49.666Z","logId":1772619286844,"logger":"SurfWorker","msg":"SurfWorker starting..."}
{"level":30,"time":"2026-03-05T07:08:50.266Z","logId":1772619286844,"logger":"LoginService","msg":"LOGIN summary: success=1 alreadyOk=0 relogin=1 fail=0"}
{"level":30,"time":"2026-03-05T07:09:49.681Z","logId":1772619286844,"logger":"LoginService","msg":"Initializing background workers..."}
{"level":30,"time":"2026-03-05T07:09:49.681Z","logId":1772619286844,"logger":"FriendWorker","msg":"FriendWorker starting..."}
{"level":30,"time":"2026-03-05T07:09:49.681Z","logId":1772619286844,"logger":"NotificationWorker","msg":"NotificationWorker starting..."}
{"level":30,"time":"2026-03-05T07:09:49.681Z","logId":1772619286844,"logger":"FeedWorker","msg":"FeedWorker starting..."}
{"level":30,"time":"2026-03-05T07:09:49.681Z","logId":1772619286844,"logger":"SurfWorker","msg":"SurfWorker starting..."}
{"level":30,"time":"2026-03-05T07:09:50.394Z","logId":1772619286844,"logger":"LoginService","msg":"LOGIN summary: success=1 alreadyOk=0 relogin=1 fail=0"}
{"level":30,"time":"2026-03-05T07:10:49.696Z","logId":1772619286844,"logger":"LoginService","msg":"Initializing background workers..."}
{"level":30,"time":"2026-03-05T07:10:49.696Z","logId":1772619286844,"logger":"FriendWorker","msg":"FriendWorker starting..."}
{"level":30,"time":"2026-03-05T07:10:49.697Z","logId":1772619286844,"logger":"NotificationWorker","msg":"NotificationWorker starting..."}
{"level":30,"time":"2026-03-05T07:10:49.697Z","logId":1772619286844,"logger":"FeedWorker","msg":"FeedWorker starting..."}
{"level":30,"time":"2026-03-05T07:10:49.697Z","logId":1772619286844,"logger":"SurfWorker","msg":"SurfWorker starting..."}
{"level":30,"time":"2026-03-05T07:10:50.310Z","logId":1772619286844,"logger":"LoginService","msg":"LOGIN summary: success=1 alreadyOk=0 relogin=0 fail=0"}
{"level":30,"time":"2026-03-05T07:11:49.709Z","logId":1772619286844,"logger":"LoginService","msg":"Initializing background workers..."}
{"level":30,"time":"2026-03-05T07:11:49.709Z","logId":1772619286844,"logger":"FriendWorker","msg":"FriendWorker starting..."}
{"level":30,"time":"2026-03-05T07:11:49.709Z","logId":1772619286844,"logger":"NotificationWorker","msg":"NotificationWorker starting..."}
{"level":30,"time":"2026-03-05T07:11:49.709Z","logId":1772619286844,"logger":"FeedWorker","msg":"FeedWorker starting..."}
{"level":30,"time":"2026-03-05T07:11:49.709Z","logId":1772619286844,"logger":"SurfWorker","msg":"SurfWorker starting..."}
{"level":50,"time":"2026-03-05T07:11:50.037Z","logId":1772619286844,"logger":"LoginService","row":1,"phone":"longh1248@gmail.com","proxy":"http://103.84.95.54:7890","err":"read ECONNRESET","msg":"ACCOUNT_PROCESS_ERROR"}
{"level":30,"time":"2026-03-05T07:11:50.038Z","logId":1772619286844,"logger":"LoginService","msg":"LOGIN summary: success=0 alreadyOk=0 relogin=0 fail=1"}
{"level":30,"time":"2026-03-05T07:12:49.720Z","logId":1772619286844,"logger":"LoginService","msg":"Initializing background workers..."}
{"level":30,"time":"2026-03-05T07:12:49.720Z","logId":1772619286844,"logger":"FriendWorker","msg":"FriendWorker starting..."}
{"level":30,"time":"2026-03-05T07:12:49.720Z","logId":1772619286844,"logger":"NotificationWorker","msg":"NotificationWorker starting..."}
{"level":30,"time":"2026-03-05T07:12:49.720Z","logId":1772619286844,"logger":"FeedWorker","msg":"FeedWorker starting..."}
{"level":30,"time":"2026-03-05T07:12:49.720Z","logId":1772619286844,"logger":"SurfWorker","msg":"SurfWorker starting..."}
{"level":30,"time":"2026-03-05T07:12:50.331Z","logId":1772619286844,"logger":"LoginService","msg":"LOGIN summary: success=1 alreadyOk=0 relogin=1 fail=0"}
{"level":30,"time":"2026-03-05T07:13:49.734Z","logId":1772619286844,"logger":"LoginService","msg":"Initializing background workers..."}
{"level":30,"time":"2026-03-05T07:13:49.734Z","logId":1772619286844,"logger":"FriendWorker","msg":"FriendWorker starting..."}
{"level":30,"time":"2026-03-05T07:13:49.734Z","logId":1772619286844,"logger":"NotificationWorker","msg":"NotificationWorker starting..."}
{"level":30,"time":"2026-03-05T07:13:49.734Z","logId":1772619286844,"logger":"FeedWorker","msg":"FeedWorker starting..."}
{"level":30,"time":"2026-03-05T07:13:49.734Z","logId":1772619286844,"logger":"SurfWorker","msg":"SurfWorker starting..."}
{"level":30,"time":"2026-03-05T07:13:50.641Z","logId":1772619286844,"logger":"LoginService","msg":"LOGIN summary: success=1 alreadyOk=0 relogin=1 fail=0"}
{"level":30,"time":"2026-03-05T07:14:49.738Z","logId":1772619286844,"logger":"LoginService","msg":"Initializing background workers..."}
{"level":30,"time":"2026-03-05T07:14:49.738Z","logId":1772619286844,"logger":"FriendWorker","msg":"FriendWorker starting..."}
{"level":30,"time":"2026-03-05T07:14:49.738Z","logId":1772619286844,"logger":"NotificationWorker","msg":"NotificationWorker starting..."}
{"level":30,"time":"2026-03-05T07:14:49.738Z","logId":1772619286844,"logger":"FeedWorker","msg":"FeedWorker starting..."}
{"level":30,"time":"2026-03-05T07:14:49.738Z","logId":1772619286844,"logger":"SurfWorker","msg":"SurfWorker starting..."}
{"level":50,"time":"2026-03-05T07:14:49.908Z","logId":1772619286844,"logger":"LoginService","row":1,"phone":"longh1248@gmail.com","proxy":"http://103.84.95.54:7890","err":"read ECONNRESET","msg":"ACCOUNT_PROCESS_ERROR"}
{"level":30,"time":"2026-03-05T07:14:49.908Z","logId":1772619286844,"logger":"LoginService","msg":"LOGIN summary: success=0 alreadyOk=0 relogin=0 fail=1"}
{"level":30,"time":"2026-03-05T07:15:49.740Z","logId":1772619286844,"logger":"LoginService","msg":"Initializing background workers..."}
{"level":30,"time":"2026-03-05T07:15:49.740Z","logId":1772619286844,"logger":"FriendWorker","msg":"FriendWorker starting..."}
{"level":30,"time":"2026-03-05T07:15:49.740Z","logId":1772619286844,"logger":"NotificationWorker","msg":"NotificationWorker starting..."}
{"level":30,"time":"2026-03-05T07:15:49.740Z","logId":1772619286844,"logger":"FeedWorker","msg":"FeedWorker starting..."}
{"level":30,"time":"2026-03-05T07:15:49.740Z","logId":1772619286844,"logger":"SurfWorker","msg":"SurfWorker starting..."}
{"level":30,"time":"2026-03-05T07:15:50.775Z","logId":1772619286844,"logger":"LoginService","msg":"LOGIN summary: success=1 alreadyOk=0 relogin=1 fail=0"}
{"level":30,"time":"2026-03-05T07:16:49.755Z","logId":1772619286844,"logger":"LoginService","msg":"Initializing background workers..."}
{"level":30,"time":"2026-03-05T07:16:49.755Z","logId":1772619286844,"logger":"FriendWorker","msg":"FriendWorker starting..."}
{"level":30,"time":"2026-03-05T07:16:49.755Z","logId":1772619286844,"logger":"NotificationWorker","msg":"NotificationWorker starting..."}
{"level":30,"time":"2026-03-05T07:16:49.755Z","logId":1772619286844,"logger":"FeedWorker","msg":"FeedWorker starting..."}
{"level":30,"time":"2026-03-05T07:16:49.755Z","logId":1772619286844,"logger":"SurfWorker","msg":"SurfWorker starting..."}
{"level":30,"time":"2026-03-05T07:16:50.310Z","logId":1772619286844,"logger":"LoginService","msg":"LOGIN summary: success=1 alreadyOk=0 relogin=1 fail=0"}
{"level":30,"time":"2026-03-05T07:17:49.757Z","logId":1772619286844,"logger":"LoginService","msg":"Initializing background workers..."}
{"level":30,"time":"2026-03-05T07:17:49.757Z","logId":1772619286844,"logger":"FriendWorker","msg":"FriendWorker starting..."}
{"level":30,"time":"2026-03-05T07:17:49.757Z","logId":1772619286844,"logger":"NotificationWorker","msg":"NotificationWorker starting..."}
{"level":30,"time":"2026-03-05T07:17:49.757Z","logId":1772619286844,"logger":"FeedWorker","msg":"FeedWorker starting..."}
{"level":30,"time":"2026-03-05T07:17:49.757Z","logId":1772619286844,"logger":"SurfWorker","msg":"SurfWorker starting..."}
{"level":30,"time":"2026-03-05T07:17:50.561Z","logId":1772619286844,"logger":"LoginService","msg":"LOGIN summary: success=1 alreadyOk=0 relogin=1 fail=0"}
{"level":30,"time":"2026-03-05T07:18:49.771Z","logId":1772619286844,"logger":"LoginService","msg":"Initializing background workers..."}
{"level":30,"time":"2026-03-05T07:18:49.772Z","logId":1772619286844,"logger":"FriendWorker","msg":"FriendWorker starting..."}
{"level":30,"time":"2026-03-05T07:18:49.772Z","logId":1772619286844,"logger":"NotificationWorker","msg":"NotificationWorker starting..."}
{"level":30,"time":"2026-03-05T07:18:49.772Z","logId":1772619286844,"logger":"FeedWorker","msg":"FeedWorker starting..."}
{"level":30,"time":"2026-03-05T07:18:49.772Z","logId":1772619286844,"logger":"SurfWorker","msg":"SurfWorker starting..."}
{"level":30,"time":"2026-03-05T07:18:51.517Z","logId":1772619286844,"logger":"LoginService","msg":"LOGIN summary: success=1 alreadyOk=0 relogin=0 fail=0"}
{"level":30,"time":"2026-03-05T07:19:49.778Z","logId":1772619286844,"logger":"LoginService","msg":"Initializing background workers..."}
{"level":30,"time":"2026-03-05T07:19:49.778Z","logId":1772619286844,"logger":"FriendWorker","msg":"FriendWorker starting..."}
{"level":30,"time":"2026-03-05T07:19:49.778Z","logId":1772619286844,"logger":"NotificationWorker","msg":"NotificationWorker starting..."}
{"level":30,"time":"2026-03-05T07:19:49.778Z","logId":1772619286844,"logger":"FeedWorker","msg":"FeedWorker starting..."}
{"level":30,"time":"2026-03-05T07:19:49.778Z","logId":1772619286844,"logger":"SurfWorker","msg":"SurfWorker starting..."}
{"level":30,"time":"2026-03-05T07:19:50.612Z","logId":1772619286844,"logger":"LoginService","msg":"LOGIN summary: success=1 alreadyOk=0 relogin=1 fail=0"}
{"level":30,"time":"2026-03-05T07:20:49.779Z","logId":1772619286844,"logger":"LoginService","msg":"Initializing background workers..."}
{"level":30,"time":"2026-03-05T07:20:49.779Z","logId":1772619286844,"logger":"FriendWorker","msg":"FriendWorker starting..."}
{"level":30,"time":"2026-03-05T07:20:49.779Z","logId":1772619286844,"logger":"NotificationWorker","msg":"NotificationWorker starting..."}
{"level":30,"time":"2026-03-05T07:20:49.779Z","logId":1772619286844,"logger":"FeedWorker","msg":"FeedWorker starting..."}
{"level":30,"time":"2026-03-05T07:20:49.779Z","logId":1772619286844,"logger":"SurfWorker","msg":"SurfWorker starting..."}
{"level":50,"time":"2026-03-05T07:20:49.902Z","logId":1772619286844,"logger":"LoginService","row":1,"phone":"longh1248@gmail.com","proxy":"http://103.84.95.54:7890","err":"Client network socket disconnected before secure TLS connection was established","msg":"ACCOUNT_PROCESS_ERROR"}
{"level":30,"time":"2026-03-05T07:20:49.902Z","logId":1772619286844,"logger":"LoginService","msg":"LOGIN summary: success=0 alreadyOk=0 relogin=0 fail=1"}
{"level":30,"time":"2026-03-05T07:21:49.789Z","logId":1772619286844,"logger":"LoginService","msg":"Initializing background workers..."}
{"level":30,"time":"2026-03-05T07:21:49.790Z","logId":1772619286844,"logger":"FriendWorker","msg":"FriendWorker starting..."}
{"level":30,"time":"2026-03-05T07:21:49.790Z","logId":1772619286844,"logger":"NotificationWorker","msg":"NotificationWorker starting..."}
{"level":30,"time":"2026-03-05T07:21:49.790Z","logId":1772619286844,"logger":"FeedWorker","msg":"FeedWorker starting..."}
{"level":30,"time":"2026-03-05T07:21:49.790Z","logId":1772619286844,"logger":"SurfWorker","msg":"SurfWorker starting..."}
{"level":50,"time":"2026-03-05T07:21:50.001Z","logId":1772619286844,"logger":"LoginService","row":1,"phone":"longh1248@gmail.com","proxy":"http://103.84.95.54:7890","err":"Client network socket disconnected before secure TLS connection was established","msg":"ACCOUNT_PROCESS_ERROR"}
{"level":30,"time":"2026-03-05T07:21:50.001Z","logId":1772619286844,"logger":"LoginService","msg":"LOGIN summary: success=0 alreadyOk=0 relogin=0 fail=1"}
{"level":30,"time":"2026-03-05T07:22:49.797Z","logId":1772619286844,"logger":"LoginService","msg":"Initializing background workers..."}
{"level":30,"time":"2026-03-05T07:22:49.797Z","logId":1772619286844,"logger":"FriendWorker","msg":"FriendWorker starting..."}
{"level":30,"time":"2026-03-05T07:22:49.797Z","logId":1772619286844,"logger":"NotificationWorker","msg":"NotificationWorker starting..."}
{"level":30,"time":"2026-03-05T07:22:49.797Z","logId":1772619286844,"logger":"FeedWorker","msg":"FeedWorker starting..."}
{"level":30,"time":"2026-03-05T07:22:49.797Z","logId":1772619286844,"logger":"SurfWorker","msg":"SurfWorker starting..."}
{"level":30,"time":"2026-03-05T07:22:50.386Z","logId":1772619286844,"logger":"LoginService","msg":"LOGIN summary: success=1 alreadyOk=0 relogin=1 fail=0"}
{"level":30,"time":"2026-03-05T07:23:49.807Z","logId":1772619286844,"logger":"LoginService","msg":"Initializing background workers..."}
{"level":30,"time":"2026-03-05T07:23:49.807Z","logId":1772619286844,"logger":"FriendWorker","msg":"FriendWorker starting..."}
{"level":30,"time":"2026-03-05T07:23:49.807Z","logId":1772619286844,"logger":"NotificationWorker","msg":"NotificationWorker starting..."}
{"level":30,"time":"2026-03-05T07:23:49.807Z","logId":1772619286844,"logger":"FeedWorker","msg":"FeedWorker starting..."}
{"level":30,"time":"2026-03-05T07:23:49.807Z","logId":1772619286844,"logger":"SurfWorker","msg":"SurfWorker starting..."}
{"level":30,"time":"2026-03-05T07:23:53.833Z","logId":1772619286844,"logger":"LoginService","msg":"LOGIN summary: success=1 alreadyOk=0 relogin=1 fail=0"}
{"level":30,"time":"2026-03-05T07:24:49.810Z","logId":1772619286844,"logger":"LoginService","msg":"Initializing background workers..."}
{"level":30,"time":"2026-03-05T07:24:49.810Z","logId":1772619286844,"logger":"FriendWorker","msg":"FriendWorker starting..."}
{"level":30,"time":"2026-03-05T07:24:49.810Z","logId":1772619286844,"logger":"NotificationWorker","msg":"NotificationWorker starting..."}
{"level":30,"time":"2026-03-05T07:24:49.810Z","logId":1772619286844,"logger":"FeedWorker","msg":"FeedWorker starting..."}
{"level":30,"time":"2026-03-05T07:24:49.811Z","logId":1772619286844,"logger":"SurfWorker","msg":"SurfWorker starting..."}
{"level":30,"time":"2026-03-05T07:24:50.356Z","logId":1772619286844,"logger":"LoginService","msg":"LOGIN summary: success=1 alreadyOk=0 relogin=0 fail=0"}
{"level":30,"time":"2026-03-05T07:25:49.818Z","logId":1772619286844,"logger":"LoginService","msg":"Initializing background workers..."}
{"level":30,"time":"2026-03-05T07:25:49.818Z","logId":1772619286844,"logger":"FriendWorker","msg":"FriendWorker starting..."}
{"level":30,"time":"2026-03-05T07:25:49.819Z","logId":1772619286844,"logger":"NotificationWorker","msg":"NotificationWorker starting..."}
{"level":30,"time":"2026-03-05T07:25:49.819Z","logId":1772619286844,"logger":"FeedWorker","msg":"FeedWorker starting..."}
{"level":30,"time":"2026-03-05T07:25:49.819Z","logId":1772619286844,"logger":"SurfWorker","msg":"SurfWorker starting..."}
{"level":30,"time":"2026-03-05T07:25:50.339Z","logId":1772619286844,"logger":"LoginService","msg":"LOGIN summary: success=1 alreadyOk=0 relogin=1 fail=0"}
{"level":30,"time":"2026-03-05T07:26:49.833Z","logId":1772619286844,"logger":"LoginService","msg":"Initializing background workers..."}
{"level":30,"time":"2026-03-05T07:26:49.833Z","logId":1772619286844,"logger":"FriendWorker","msg":"FriendWorker starting..."}
{"level":30,"time":"2026-03-05T07:26:49.833Z","logId":1772619286844,"logger":"NotificationWorker","msg":"NotificationWorker starting..."}
{"level":30,"time":"2026-03-05T07:26:49.833Z","logId":1772619286844,"logger":"FeedWorker","msg":"FeedWorker starting..."}
{"level":30,"time":"2026-03-05T07:26:49.833Z","logId":1772619286844,"logger":"SurfWorker","msg":"SurfWorker starting..."}
{"level":30,"time":"2026-03-05T07:26:50.506Z","logId":1772619286844,"logger":"LoginService","msg":"LOGIN summary: success=1 alreadyOk=0 relogin=1 fail=0"}
{"level":30,"time":"2026-03-05T07:27:49.833Z","logId":1772619286844,"logger":"LoginService","msg":"Initializing background workers..."}
{"level":30,"time":"2026-03-05T07:27:49.833Z","logId":1772619286844,"logger":"FriendWorker","msg":"FriendWorker starting..."}
{"level":30,"time":"2026-03-05T07:27:49.833Z","logId":1772619286844,"logger":"NotificationWorker","msg":"NotificationWorker starting..."}
{"level":30,"time":"2026-03-05T07:27:49.833Z","logId":1772619286844,"logger":"FeedWorker","msg":"FeedWorker starting..."}
{"level":30,"time":"2026-03-05T07:27:49.833Z","logId":1772619286844,"logger":"SurfWorker","msg":"SurfWorker starting..."}
{"level":50,"time":"2026-03-05T07:27:50.023Z","logId":1772619286844,"logger":"LoginService","row":1,"phone":"longh1248@gmail.com","proxy":"http://103.84.95.54:7890","err":"read ECONNRESET","msg":"ACCOUNT_PROCESS_ERROR"}
{"level":30,"time":"2026-03-05T07:27:50.023Z","logId":1772619286844,"logger":"LoginService","msg":"LOGIN summary: success=0 alreadyOk=0 relogin=0 fail=1"}
{"level":30,"time":"2026-03-05T07:28:49.837Z","logId":1772619286844,"logger":"LoginService","msg":"Initializing background workers..."}
{"level":30,"time":"2026-03-05T07:28:49.837Z","logId":1772619286844,"logger":"FriendWorker","msg":"FriendWorker starting..."}
{"level":30,"time":"2026-03-05T07:28:49.837Z","logId":1772619286844,"logger":"NotificationWorker","msg":"NotificationWorker starting..."}
{"level":30,"time":"2026-03-05T07:28:49.837Z","logId":1772619286844,"logger":"FeedWorker","msg":"FeedWorker starting..."}
{"level":30,"time":"2026-03-05T07:28:49.837Z","logId":1772619286844,"logger":"SurfWorker","msg":"SurfWorker starting..."}
{"level":50,"time":"2026-03-05T07:28:50.256Z","logId":1772619286844,"logger":"LoginService","row":1,"phone":"longh1248@gmail.com","proxy":"http://103.84.95.54:7890","err":"<!DOCTYPE html>\n<!--[if lt IE 7]> <html class=\"no-js ie6 oldie\" lang=\"en-US\"> <![endif]-->\n<!--[if IE 7]>    <html class=\"no-js ie7 oldie\" lang=\"en-US\"> <![endif]-->\n<!--[if IE 8]>    <html class=\"no-js ie8 oldie\" lang=\"en-US\"> <![endif]-->\n<!--[if gt IE 8]><!--> <html class=\"no-js\" lang=\"en-US\"> <!--<![endif]-->\n<head>\n\n<title>eric.pro.vn | 502: Bad gateway</title>\n<meta charset=\"UTF-8\" />\n<meta http-equiv=\"Content-Type\" content=\"text/html; charset=UTF-8\" />\n<meta http-equiv=\"X-UA-Compatible\" content=\"IE=Edge\" />\n<meta name=\"robots\" content=\"noindex, nofollow\" />\n<meta name=\"viewport\" content=\"width=device-width,initial-scale=1\" />\n<link rel=\"stylesheet\" id=\"cf_styles-css\" href=\"/cdn-cgi/styles/main.css\" />\n</head>\n<body>\n<div id=\"cf-wrapper\">\n    <div id=\"cf-error-details\" class=\"p-0\">\n        <header class=\"mx-auto pt-10 lg:pt-6 lg:px-8 w-240 lg:w-full mb-8\">\n            <h1 class=\"inline-block sm:block sm:mb-2 font-light text-60 lg:text-4xl text-black-dark leading-tight mr-2\">\n                <span class=\"inline-block\">Bad gateway</span>\n                <span class=\"code-label\">Error code 502</span>\n            </h1>\n            <div>\n                Visit <a href=\"https://www.cloudflare.com/5xx-error-landing?utm_source=errorcode_502&utm_campaign=social.eric.pro.vn\" target=\"_blank\" rel=\"noopener noreferrer\">cloudflare.com</a> for more information.\n            </div>\n            <div class=\"mt-3\">2026-03-05 07:28:48 UTC</div>\n        </header>\n        <div class=\"my-8 bg-gradient-gray\">\n            <div class=\"w-240 lg:w-full mx-auto\">\n                <div class=\"clearfix md:px-8\">\n                    <div id=\"cf-browser-status\" class=\" relative w-1/3 md:w-full py-15 md:p-0 md:py-8 md:text-left md:border-solid md:border-0 md:border-b md:border-gray-400 overflow-hidden float-left md:float-none text-center\">\n  <div class=\"relative mb-10 md:m-0\">\n    \n    <span class=\"cf-icon-browser block md:hidden h-20 bg-center bg-no-repeat\"></span>\n    <span class=\"cf-icon-ok w-12 h-12 absolute left-1/2 md:left-auto md:right-0 md:top-0 -ml-6 -bottom-4\"></span>\n    \n  </div>\n  <span class=\"md:block w-full truncate\">You</span>\n  <h3 class=\"md:inline-block mt-3 md:mt-0 text-2xl text-gray-600 font-light leading-1.3\">\n  \n    Browser\n  \n  </h3>\n  \n  <span class=\"leading-1.3 text-2xl text-green-success\">Working</span>\n  \n</div>\n                    <div id=\"cf-cloudflare-status\" class=\" relative w-1/3 md:w-full py-15 md:p-0 md:py-8 md:text-left md:border-solid md:border-0 md:border-b md:border-gray-400 overflow-hidden float-left md:float-none text-center\">\n  <div class=\"relative mb-10 md:m-0\">\n    <a href=\"https://www.cloudflare.com/5xx-error-landing?utm_source=errorcode_502&#38;utm_campaign=social.eric.pro.vn\" target=\"_blank\" rel=\"noopener noreferrer\">\n    <span class=\"cf-icon-cloud block md:hidden h-20 bg-center bg-no-repeat\"></span>\n    <span class=\"cf-icon-ok w-12 h-12 absolute left-1/2 md:left-auto md:right-0 md:top-0 -ml-6 -bottom-4\"></span>\n    </a>\n  </div>\n  <span class=\"md:block w-full truncate\">Hong Kong</span>\n  <h3 class=\"md:inline-block mt-3 md:mt-0 text-2xl text-gray-600 font-light leading-1.3\">\n  <a href=\"https://www.cloudflare.com/5xx-error-landing?utm_source=errorcode_502&utm_campaign=social.eric.pro.vn\" target=\"_blank\" rel=\"noopener noreferrer\">\n    Cloudflare\n  </a>\n  </h3>\n  \n  <span class=\"leading-1.3 text-2xl text-green-success\">Working</span>\n  \n</div>\n                    <div id=\"cf-host-status\" class=\"cf-error-source relative w-1/3 md:w-full py-15 md:p-0 md:py-8 md:text-left md:border-solid md:border-0 md:border-b md:border-gray-400 overflow-hidden float-left md:float-none text-center\">\n  <div class=\"relative mb-10 md:m-0\">\n    \n    <span class=\"cf-icon-server block md:hidden h-20 bg-center bg-no-repeat\"></span>\n    <span class=\"cf-icon-error w-12 h-12 absolute left-1/2 md:left-auto md:right-0 md:top-0 -ml-6 -bottom-4\"></span>\n    \n  </div>\n  <span class=\"md:block w-full truncate\">social.eric.pro.vn</span>\n  <h3 class=\"md:inline-block mt-3 md:mt-0 text-2xl text-gray-600 font-light leading-1.3\">\n  \n    Host\n  \n  </h3>\n  \n  <span class=\"leading-1.3 text-2xl text-red-error\">Error</span>\n  \n</div>\n                </div>\n            </div>\n        </div>\n\n        <div class=\"w-240 lg:w-full mx-auto mb-8 lg:px-8\">\n            <div class=\"clearfix\">\n                <div class=\"w-1/2 md:w-full float-left pr-6 md:pb-10 md:pr-0 leading-relaxed\">\n                    <h2 class=\"text-3xl font-normal leading-1.3 mb-4\">What happened?</h2>\n                    <p>The web server reported a bad gateway error.</p>\n                </div>\n                <div class=\"w-1/2 md:w-full float-left leading-relaxed\">\n                    <h2 class=\"text-3xl font-normal leading-1.3 mb-4\">What can I do?</h2>\n                    <p class=\"mb-6\">Please try again in a few minutes.</p>\n                </div>\n            </div>\n        </div>\n\n        <div class=\"cf-error-footer cf-wrapper w-240 lg:w-full py-10 sm:py-4 sm:px-8 mx-auto text-center sm:text-left border-solid border-0 border-t border-gray-300\">\n    <p class=\"text-13\">\n      <span class=\"cf-footer-item sm:block sm:mb-1\">Cloudflare Ray ID: <strong class=\"font-semibold\">9d7767f08de96682</strong></span>\n      <span class=\"cf-footer-separator sm:hidden\">&bull;</span>\n      <span id=\"cf-footer-item-ip\" class=\"cf-footer-item hidden sm:block sm:mb-1\">\n        Your IP:\n        <button type=\"button\" id=\"cf-footer-ip-reveal\" class=\"cf-footer-ip-reveal-btn\">Click to reveal</button>\n        <span class=\"hidden\" id=\"cf-footer-ip\">103.84.95.54</span>\n        <span class=\"cf-footer-separator sm:hidden\">&bull;</span>\n      </span>\n      <span class=\"cf-footer-item sm:block sm:mb-1\"><span>Performance &amp; security by</span> <a rel=\"noopener noreferrer\" href=\"https://www.cloudflare.com/5xx-error-landing?utm_source=errorcode_502&#38;utm_campaign=social.eric.pro.vn\" id=\"brand_link\" target=\"_blank\">Cloudflare</a></span>\n      \n    </p>\n    <script>(function(){function d(){var b=a.getElementById(\"cf-footer-item-ip\"),c=a.getElementById(\"cf-footer-ip-reveal\");b&&\"classList\"in b&&(b.classList.remove(\"hidden\"),c.addEventListener(\"click\",function(){c.classList.add(\"hidden\");a.getElementById(\"cf-footer-ip\").classList.remove(\"hidden\")}))}var a=document;document.addEventListener&&a.addEventListener(\"DOMContentLoaded\",d)})();</script>\n  </div><!-- /.error-footer -->\n\n    </div>\n</div>\n</body>\n</html>","msg":"ACCOUNT_PROCESS_ERROR"}
{"level":30,"time":"2026-03-05T07:28:50.256Z","logId":1772619286844,"logger":"LoginService","msg":"LOGIN summary: success=0 alreadyOk=0 relogin=0 fail=1"}
{"level":30,"time":"2026-03-05T07:29:49.839Z","logId":1772619286844,"logger":"LoginService","msg":"Initializing background workers..."}
{"level":30,"time":"2026-03-05T07:29:49.839Z","logId":1772619286844,"logger":"FriendWorker","msg":"FriendWorker starting..."}
{"level":30,"time":"2026-03-05T07:29:49.839Z","logId":1772619286844,"logger":"NotificationWorker","msg":"NotificationWorker starting..."}
{"level":30,"time":"2026-03-05T07:29:49.839Z","logId":1772619286844,"logger":"FeedWorker","msg":"FeedWorker starting..."}
{"level":30,"time":"2026-03-05T07:29:49.839Z","logId":1772619286844,"logger":"SurfWorker","msg":"SurfWorker starting..."}
{"level":30,"time":"2026-03-05T07:29:50.547Z","logId":1772619286844,"logger":"LoginService","msg":"LOGIN summary: success=1 alreadyOk=0 relogin=0 fail=0"}
{"level":30,"time":"2026-03-05T07:30:49.856Z","logId":1772619286844,"logger":"LoginService","msg":"Initializing background workers..."}
{"level":30,"time":"2026-03-05T07:30:49.856Z","logId":1772619286844,"logger":"FriendWorker","msg":"FriendWorker starting..."}
{"level":30,"time":"2026-03-05T07:30:49.856Z","logId":1772619286844,"logger":"NotificationWorker","msg":"NotificationWorker starting..."}
{"level":30,"time":"2026-03-05T07:30:49.856Z","logId":1772619286844,"logger":"FeedWorker","msg":"FeedWorker starting..."}
{"level":30,"time":"2026-03-05T07:30:49.856Z","logId":1772619286844,"logger":"SurfWorker","msg":"SurfWorker starting..."}
{"level":30,"time":"2026-03-05T07:30:50.395Z","logId":1772619286844,"logger":"LoginService","msg":"LOGIN summary: success=1 alreadyOk=0 relogin=1 fail=0"}
{"level":30,"time":"2026-03-05T07:31:49.860Z","logId":1772619286844,"logger":"LoginService","msg":"Initializing background workers..."}
{"level":30,"time":"2026-03-05T07:31:49.860Z","logId":1772619286844,"logger":"FriendWorker","msg":"FriendWorker starting..."}
{"level":30,"time":"2026-03-05T07:31:49.860Z","logId":1772619286844,"logger":"NotificationWorker","msg":"NotificationWorker starting..."}
{"level":30,"time":"2026-03-05T07:31:49.860Z","logId":1772619286844,"logger":"FeedWorker","msg":"FeedWorker starting..."}
{"level":30,"time":"2026-03-05T07:31:49.860Z","logId":1772619286844,"logger":"SurfWorker","msg":"SurfWorker starting..."}
{"level":30,"time":"2026-03-05T07:31:51.660Z","logId":1772619286844,"logger":"LoginService","msg":"LOGIN summary: success=1 alreadyOk=0 relogin=1 fail=0"}
{"level":30,"time":"2026-03-05T07:32:49.861Z","logId":1772619286844,"logger":"LoginService","msg":"Initializing background workers..."}
{"level":30,"time":"2026-03-05T07:32:49.861Z","logId":1772619286844,"logger":"FriendWorker","msg":"FriendWorker starting..."}
{"level":30,"time":"2026-03-05T07:32:49.861Z","logId":1772619286844,"logger":"NotificationWorker","msg":"NotificationWorker starting..."}
{"level":30,"time":"2026-03-05T07:32:49.861Z","logId":1772619286844,"logger":"FeedWorker","msg":"FeedWorker starting..."}
{"level":30,"time":"2026-03-05T07:32:49.861Z","logId":1772619286844,"logger":"SurfWorker","msg":"SurfWorker starting..."}
{"level":30,"time":"2026-03-05T07:32:50.627Z","logId":1772619286844,"logger":"LoginService","msg":"LOGIN summary: success=1 alreadyOk=0 relogin=0 fail=0"}
{"level":30,"time":"2026-03-05T07:33:49.873Z","logId":1772619286844,"logger":"LoginService","msg":"Initializing background workers..."}
{"level":30,"time":"2026-03-05T07:33:49.873Z","logId":1772619286844,"logger":"FriendWorker","msg":"FriendWorker starting..."}
{"level":30,"time":"2026-03-05T07:33:49.873Z","logId":1772619286844,"logger":"NotificationWorker","msg":"NotificationWorker starting..."}
{"level":30,"time":"2026-03-05T07:33:49.873Z","logId":1772619286844,"logger":"FeedWorker","msg":"FeedWorker starting..."}
{"level":30,"time":"2026-03-05T07:33:49.873Z","logId":1772619286844,"logger":"SurfWorker","msg":"SurfWorker starting..."}
{"level":50,"time":"2026-03-05T07:33:50.035Z","logId":1772619286844,"logger":"LoginService","row":1,"phone":"longh1248@gmail.com","proxy":"http://103.84.95.54:7890","err":"Client network socket disconnected before secure TLS connection was established","msg":"ACCOUNT_PROCESS_ERROR"}
{"level":30,"time":"2026-03-05T07:33:50.035Z","logId":1772619286844,"logger":"LoginService","msg":"LOGIN summary: success=0 alreadyOk=0 relogin=0 fail=1"}
{"level":30,"time":"2026-03-05T07:34:49.888Z","logId":1772619286844,"logger":"LoginService","msg":"Initializing background workers..."}
{"level":30,"time":"2026-03-05T07:34:49.888Z","logId":1772619286844,"logger":"FriendWorker","msg":"FriendWorker starting..."}
{"level":30,"time":"2026-03-05T07:34:49.888Z","logId":1772619286844,"logger":"NotificationWorker","msg":"NotificationWorker starting..."}
{"level":30,"time":"2026-03-05T07:34:49.888Z","logId":1772619286844,"logger":"FeedWorker","msg":"FeedWorker starting..."}
{"level":30,"time":"2026-03-05T07:34:49.888Z","logId":1772619286844,"logger":"SurfWorker","msg":"SurfWorker starting..."}
{"level":30,"time":"2026-03-05T07:34:50.626Z","logId":1772619286844,"logger":"LoginService","msg":"LOGIN summary: success=1 alreadyOk=0 relogin=1 fail=0"}
{"level":30,"time":"2026-03-05T07:35:49.890Z","logId":1772619286844,"logger":"LoginService","msg":"Initializing background workers..."}
{"level":30,"time":"2026-03-05T07:35:49.890Z","logId":1772619286844,"logger":"FriendWorker","msg":"FriendWorker starting..."}
{"level":30,"time":"2026-03-05T07:35:49.890Z","logId":1772619286844,"logger":"NotificationWorker","msg":"NotificationWorker starting..."}
{"level":30,"time":"2026-03-05T07:35:49.890Z","logId":1772619286844,"logger":"FeedWorker","msg":"FeedWorker starting..."}
{"level":30,"time":"2026-03-05T07:35:49.890Z","logId":1772619286844,"logger":"SurfWorker","msg":"SurfWorker starting..."}
{"level":30,"time":"2026-03-05T07:35:50.423Z","logId":1772619286844,"logger":"LoginService","msg":"LOGIN summary: success=1 alreadyOk=0 relogin=0 fail=0"}
{"level":30,"time":"2026-03-05T07:36:49.903Z","logId":1772619286844,"logger":"LoginService","msg":"Initializing background workers..."}
{"level":30,"time":"2026-03-05T07:36:49.903Z","logId":1772619286844,"logger":"FriendWorker","msg":"FriendWorker starting..."}
{"level":30,"time":"2026-03-05T07:36:49.903Z","logId":1772619286844,"logger":"NotificationWorker","msg":"NotificationWorker starting..."}
{"level":30,"time":"2026-03-05T07:36:49.903Z","logId":1772619286844,"logger":"FeedWorker","msg":"FeedWorker starting..."}
{"level":30,"time":"2026-03-05T07:36:49.903Z","logId":1772619286844,"logger":"SurfWorker","msg":"SurfWorker starting..."}
{"level":30,"time":"2026-03-05T07:36:50.641Z","logId":1772619286844,"logger":"LoginService","msg":"LOGIN summary: success=1 alreadyOk=0 relogin=1 fail=0"}
{"level":30,"time":"2026-03-05T07:37:49.913Z","logId":1772619286844,"logger":"LoginService","msg":"Initializing background workers..."}
{"level":30,"time":"2026-03-05T07:37:49.914Z","logId":1772619286844,"logger":"FriendWorker","msg":"FriendWorker starting..."}
{"level":30,"time":"2026-03-05T07:37:49.914Z","logId":1772619286844,"logger":"NotificationWorker","msg":"NotificationWorker starting..."}
{"level":30,"time":"2026-03-05T07:37:49.914Z","logId":1772619286844,"logger":"FeedWorker","msg":"FeedWorker starting..."}
{"level":30,"time":"2026-03-05T07:37:49.914Z","logId":1772619286844,"logger":"SurfWorker","msg":"SurfWorker starting..."}
{"level":30,"time":"2026-03-05T07:37:50.444Z","logId":1772619286844,"logger":"LoginService","msg":"LOGIN summary: success=1 alreadyOk=0 relogin=1 fail=0"}
{"level":30,"time":"2026-03-05T07:38:49.914Z","logId":1772619286844,"logger":"LoginService","msg":"Initializing background workers..."}
{"level":30,"time":"2026-03-05T07:38:49.914Z","logId":1772619286844,"logger":"FriendWorker","msg":"FriendWorker starting..."}
{"level":30,"time":"2026-03-05T07:38:49.914Z","logId":1772619286844,"logger":"NotificationWorker","msg":"NotificationWorker starting..."}
{"level":30,"time":"2026-03-05T07:38:49.914Z","logId":1772619286844,"logger":"FeedWorker","msg":"FeedWorker starting..."}
{"level":30,"time":"2026-03-05T07:38:49.914Z","logId":1772619286844,"logger":"SurfWorker","msg":"SurfWorker starting..."}
{"level":30,"time":"2026-03-05T07:38:50.552Z","logId":1772619286844,"logger":"LoginService","msg":"LOGIN summary: success=1 alreadyOk=0 relogin=1 fail=0"}
{"level":30,"time":"2026-03-05T07:39:49.923Z","logId":1772619286844,"logger":"LoginService","msg":"Initializing background workers..."}
{"level":30,"time":"2026-03-05T07:39:49.923Z","logId":1772619286844,"logger":"FriendWorker","msg":"FriendWorker starting..."}
{"level":30,"time":"2026-03-05T07:39:49.923Z","logId":1772619286844,"logger":"NotificationWorker","msg":"NotificationWorker starting..."}
{"level":30,"time":"2026-03-05T07:39:49.923Z","logId":1772619286844,"logger":"FeedWorker","msg":"FeedWorker starting..."}
{"level":30,"time":"2026-03-05T07:39:49.923Z","logId":1772619286844,"logger":"SurfWorker","msg":"SurfWorker starting..."}
{"level":50,"time":"2026-03-05T07:39:50.071Z","logId":1772619286844,"logger":"LoginService","row":1,"phone":"longh1248@gmail.com","proxy":"http://103.84.95.54:7890","err":"Client network socket disconnected before secure TLS connection was established","msg":"ACCOUNT_PROCESS_ERROR"}
{"level":30,"time":"2026-03-05T07:39:50.071Z","logId":1772619286844,"logger":"LoginService","msg":"LOGIN summary: success=0 alreadyOk=0 relogin=0 fail=1"}
{"level":30,"time":"2026-03-05T07:40:49.932Z","logId":1772619286844,"logger":"LoginService","msg":"Initializing background workers..."}
{"level":30,"time":"2026-03-05T07:40:49.932Z","logId":1772619286844,"logger":"FriendWorker","msg":"FriendWorker starting..."}
{"level":30,"time":"2026-03-05T07:40:49.932Z","logId":1772619286844,"logger":"NotificationWorker","msg":"NotificationWorker starting..."}
{"level":30,"time":"2026-03-05T07:40:49.932Z","logId":1772619286844,"logger":"FeedWorker","msg":"FeedWorker starting..."}
{"level":30,"time":"2026-03-05T07:40:49.932Z","logId":1772619286844,"logger":"SurfWorker","msg":"SurfWorker starting..."}
{"level":30,"time":"2026-03-05T07:40:50.717Z","logId":1772619286844,"logger":"LoginService","msg":"LOGIN summary: success=1 alreadyOk=0 relogin=1 fail=0"}
{"level":30,"time":"2026-03-05T07:41:49.946Z","logId":1772619286844,"logger":"LoginService","msg":"Initializing background workers..."}
{"level":30,"time":"2026-03-05T07:41:49.946Z","logId":1772619286844,"logger":"FriendWorker","msg":"FriendWorker starting..."}
{"level":30,"time":"2026-03-05T07:41:49.946Z","logId":1772619286844,"logger":"NotificationWorker","msg":"NotificationWorker starting..."}
{"level":30,"time":"2026-03-05T07:41:49.946Z","logId":1772619286844,"logger":"FeedWorker","msg":"FeedWorker starting..."}
{"level":30,"time":"2026-03-05T07:41:49.946Z","logId":1772619286844,"logger":"SurfWorker","msg":"SurfWorker starting..."}
{"level":30,"time":"2026-03-05T07:41:50.502Z","logId":1772619286844,"logger":"LoginService","msg":"LOGIN summary: success=1 alreadyOk=0 relogin=1 fail=0"}
{"level":30,"time":"2026-03-05T07:42:49.948Z","logId":1772619286844,"logger":"LoginService","msg":"Initializing background workers..."}
{"level":30,"time":"2026-03-05T07:42:49.948Z","logId":1772619286844,"logger":"FriendWorker","msg":"FriendWorker starting..."}
{"level":30,"time":"2026-03-05T07:42:49.948Z","logId":1772619286844,"logger":"NotificationWorker","msg":"NotificationWorker starting..."}
{"level":30,"time":"2026-03-05T07:42:49.948Z","logId":1772619286844,"logger":"FeedWorker","msg":"FeedWorker starting..."}
{"level":30,"time":"2026-03-05T07:42:49.948Z","logId":1772619286844,"logger":"SurfWorker","msg":"SurfWorker starting..."}
{"level":30,"time":"2026-03-05T07:42:52.042Z","logId":1772619286844,"logger":"LoginService","msg":"LOGIN summary: success=1 alreadyOk=0 relogin=1 fail=0"}
{"level":30,"time":"2026-03-05T07:43:49.964Z","logId":1772619286844,"logger":"LoginService","msg":"Initializing background workers..."}
{"level":30,"time":"2026-03-05T07:43:49.964Z","logId":1772619286844,"logger":"FriendWorker","msg":"FriendWorker starting..."}
{"level":30,"time":"2026-03-05T07:43:49.964Z","logId":1772619286844,"logger":"NotificationWorker","msg":"NotificationWorker starting..."}
{"level":30,"time":"2026-03-05T07:43:49.964Z","logId":1772619286844,"logger":"FeedWorker","msg":"FeedWorker starting..."}
{"level":30,"time":"2026-03-05T07:43:49.964Z","logId":1772619286844,"logger":"SurfWorker","msg":"SurfWorker starting..."}
{"level":30,"time":"2026-03-05T07:43:50.898Z","logId":1772619286844,"logger":"LoginService","msg":"LOGIN summary: success=1 alreadyOk=0 relogin=0 fail=0"}
{"level":30,"time":"2026-03-05T07:44:49.971Z","logId":1772619286844,"logger":"LoginService","msg":"Initializing background workers..."}
{"level":30,"time":"2026-03-05T07:44:49.971Z","logId":1772619286844,"logger":"FriendWorker","msg":"FriendWorker starting..."}
{"level":30,"time":"2026-03-05T07:44:49.971Z","logId":1772619286844,"logger":"NotificationWorker","msg":"NotificationWorker starting..."}
{"level":30,"time":"2026-03-05T07:44:49.971Z","logId":1772619286844,"logger":"FeedWorker","msg":"FeedWorker starting..."}
{"level":30,"time":"2026-03-05T07:44:49.971Z","logId":1772619286844,"logger":"SurfWorker","msg":"SurfWorker starting..."}
{"level":50,"time":"2026-03-05T07:45:00.467Z","logId":1772619286844,"logger":"LoginService","row":1,"phone":"longh1248@gmail.com","proxy":"http://103.84.95.54:7890","err":"Client network socket disconnected before secure TLS connection was established","msg":"ACCOUNT_PROCESS_ERROR"}
{"level":30,"time":"2026-03-05T07:45:00.467Z","logId":1772619286844,"logger":"LoginService","msg":"LOGIN summary: success=0 alreadyOk=0 relogin=0 fail=1"}
{"level":30,"time":"2026-03-05T07:45:49.972Z","logId":1772619286844,"logger":"LoginService","msg":"Initializing background workers..."}
{"level":30,"time":"2026-03-05T07:45:49.972Z","logId":1772619286844,"logger":"FriendWorker","msg":"FriendWorker starting..."}
{"level":30,"time":"2026-03-05T07:45:49.972Z","logId":1772619286844,"logger":"NotificationWorker","msg":"NotificationWorker starting..."}
{"level":30,"time":"2026-03-05T07:45:49.972Z","logId":1772619286844,"logger":"FeedWorker","msg":"FeedWorker starting..."}
{"level":30,"time":"2026-03-05T07:45:49.972Z","logId":1772619286844,"logger":"SurfWorker","msg":"SurfWorker starting..."}
{"level":30,"time":"2026-03-05T07:45:54.409Z","logId":1772619286844,"logger":"LoginService","msg":"LOGIN summary: success=1 alreadyOk=0 relogin=1 fail=0"}
{"level":30,"time":"2026-03-05T07:46:49.973Z","logId":1772619286844,"logger":"LoginService","msg":"Initializing background workers..."}
{"level":30,"time":"2026-03-05T07:46:49.973Z","logId":1772619286844,"logger":"FriendWorker","msg":"FriendWorker starting..."}
{"level":30,"time":"2026-03-05T07:46:49.973Z","logId":1772619286844,"logger":"NotificationWorker","msg":"NotificationWorker starting..."}
{"level":30,"time":"2026-03-05T07:46:49.973Z","logId":1772619286844,"logger":"FeedWorker","msg":"FeedWorker starting..."}
{"level":30,"time":"2026-03-05T07:46:49.973Z","logId":1772619286844,"logger":"SurfWorker","msg":"SurfWorker starting..."}
{"level":50,"time":"2026-03-05T07:46:50.848Z","logId":1772619286844,"logger":"LoginService","row":1,"phone":"longh1248@gmail.com","proxy":"http://103.84.95.54:7890","err":"Client network socket disconnected before secure TLS connection was established","msg":"ACCOUNT_PROCESS_ERROR"}
{"level":30,"time":"2026-03-05T07:46:50.848Z","logId":1772619286844,"logger":"LoginService","msg":"LOGIN summary: success=0 alreadyOk=0 relogin=0 fail=1"}
{"level":30,"time":"2026-03-05T07:47:49.974Z","logId":1772619286844,"logger":"LoginService","msg":"Initializing background workers..."}
{"level":30,"time":"2026-03-05T07:47:49.975Z","logId":1772619286844,"logger":"FriendWorker","msg":"FriendWorker starting..."}
{"level":30,"time":"2026-03-05T07:47:49.975Z","logId":1772619286844,"logger":"NotificationWorker","msg":"NotificationWorker starting..."}
{"level":30,"time":"2026-03-05T07:47:49.975Z","logId":1772619286844,"logger":"FeedWorker","msg":"FeedWorker starting..."}
{"level":30,"time":"2026-03-05T07:47:49.975Z","logId":1772619286844,"logger":"SurfWorker","msg":"SurfWorker starting..."}
{"level":50,"time":"2026-03-05T07:47:50.214Z","logId":1772619286844,"logger":"LoginService","row":1,"phone":"longh1248@gmail.com","proxy":"http://103.84.95.54:7890","err":"read ECONNRESET","msg":"ACCOUNT_PROCESS_ERROR"}
{"level":30,"time":"2026-03-05T07:47:50.214Z","logId":1772619286844,"logger":"LoginService","msg":"LOGIN summary: success=0 alreadyOk=0 relogin=0 fail=1"}
{"level":30,"time":"2026-03-05T07:48:49.979Z","logId":1772619286844,"logger":"LoginService","msg":"Initializing background workers..."}
{"level":30,"time":"2026-03-05T07:48:49.979Z","logId":1772619286844,"logger":"FriendWorker","msg":"FriendWorker starting..."}
{"level":30,"time":"2026-03-05T07:48:49.979Z","logId":1772619286844,"logger":"NotificationWorker","msg":"NotificationWorker starting..."}
{"level":30,"time":"2026-03-05T07:48:49.979Z","logId":1772619286844,"logger":"FeedWorker","msg":"FeedWorker starting..."}
{"level":30,"time":"2026-03-05T07:48:49.979Z","logId":1772619286844,"logger":"SurfWorker","msg":"SurfWorker starting..."}
{"level":50,"time":"2026-03-05T07:48:50.093Z","logId":1772619286844,"logger":"LoginService","row":1,"phone":"longh1248@gmail.com","proxy":"http://103.84.95.54:7890","err":"Client network socket disconnected before secure TLS connection was established","msg":"ACCOUNT_PROCESS_ERROR"}
{"level":30,"time":"2026-03-05T07:48:50.093Z","logId":1772619286844,"logger":"LoginService","msg":"LOGIN summary: success=0 alreadyOk=0 relogin=0 fail=1"}
{"level":30,"time":"2026-03-05T07:49:49.982Z","logId":1772619286844,"logger":"LoginService","msg":"Initializing background workers..."}
{"level":30,"time":"2026-03-05T07:49:49.982Z","logId":1772619286844,"logger":"FriendWorker","msg":"FriendWorker starting..."}
{"level":30,"time":"2026-03-05T07:49:49.982Z","logId":1772619286844,"logger":"NotificationWorker","msg":"NotificationWorker starting..."}
{"level":30,"time":"2026-03-05T07:49:49.982Z","logId":1772619286844,"logger":"FeedWorker","msg":"FeedWorker starting..."}
{"level":30,"time":"2026-03-05T07:49:49.982Z","logId":1772619286844,"logger":"SurfWorker","msg":"SurfWorker starting..."}
{"level":50,"time":"2026-03-05T07:49:50.114Z","logId":1772619286844,"logger":"LoginService","row":1,"phone":"longh1248@gmail.com","proxy":"http://103.84.95.54:7890","err":"Client network socket disconnected before secure TLS connection was established","msg":"ACCOUNT_PROCESS_ERROR"}
{"level":30,"time":"2026-03-05T07:49:50.114Z","logId":1772619286844,"logger":"LoginService","msg":"LOGIN summary: success=0 alreadyOk=0 relogin=0 fail=1"}
{"level":30,"time":"2026-03-05T07:50:49.994Z","logId":1772619286844,"logger":"LoginService","msg":"Initializing background workers..."}
{"level":30,"time":"2026-03-05T07:50:49.994Z","logId":1772619286844,"logger":"FriendWorker","msg":"FriendWorker starting..."}
{"level":30,"time":"2026-03-05T07:50:49.994Z","logId":1772619286844,"logger":"NotificationWorker","msg":"NotificationWorker starting..."}
{"level":30,"time":"2026-03-05T07:50:49.994Z","logId":1772619286844,"logger":"FeedWorker","msg":"FeedWorker starting..."}
{"level":30,"time":"2026-03-05T07:50:49.994Z","logId":1772619286844,"logger":"SurfWorker","msg":"SurfWorker starting..."}
{"level":30,"time":"2026-03-05T07:50:50.550Z","logId":1772619286844,"logger":"LoginService","msg":"LOGIN summary: success=1 alreadyOk=0 relogin=1 fail=0"}
{"level":30,"time":"2026-03-05T07:51:49.997Z","logId":1772619286844,"logger":"LoginService","msg":"Initializing background workers..."}
{"level":30,"time":"2026-03-05T07:51:49.997Z","logId":1772619286844,"logger":"FriendWorker","msg":"FriendWorker starting..."}
{"level":30,"time":"2026-03-05T07:51:49.997Z","logId":1772619286844,"logger":"NotificationWorker","msg":"NotificationWorker starting..."}
{"level":30,"time":"2026-03-05T07:51:49.997Z","logId":1772619286844,"logger":"FeedWorker","msg":"FeedWorker starting..."}
{"level":30,"time":"2026-03-05T07:51:49.997Z","logId":1772619286844,"logger":"SurfWorker","msg":"SurfWorker starting..."}
{"level":30,"time":"2026-03-05T07:51:52.332Z","logId":1772619286844,"logger":"LoginService","msg":"LOGIN summary: success=1 alreadyOk=0 relogin=1 fail=0"}
{"level":30,"time":"2026-03-05T07:52:50.008Z","logId":1772619286844,"logger":"LoginService","msg":"Initializing background workers..."}
{"level":30,"time":"2026-03-05T07:52:50.008Z","logId":1772619286844,"logger":"FriendWorker","msg":"FriendWorker starting..."}
{"level":30,"time":"2026-03-05T07:52:50.008Z","logId":1772619286844,"logger":"NotificationWorker","msg":"NotificationWorker starting..."}
{"level":30,"time":"2026-03-05T07:52:50.008Z","logId":1772619286844,"logger":"FeedWorker","msg":"FeedWorker starting..."}
{"level":30,"time":"2026-03-05T07:52:50.008Z","logId":1772619286844,"logger":"SurfWorker","msg":"SurfWorker starting..."}
{"level":50,"time":"2026-03-05T07:52:50.135Z","logId":1772619286844,"logger":"LoginService","row":1,"phone":"longh1248@gmail.com","proxy":"http://103.84.95.54:7890","err":"Client network socket disconnected before secure TLS connection was established","msg":"ACCOUNT_PROCESS_ERROR"}
{"level":30,"time":"2026-03-05T07:52:50.135Z","logId":1772619286844,"logger":"LoginService","msg":"LOGIN summary: success=0 alreadyOk=0 relogin=0 fail=1"}
{"level":30,"time":"2026-03-05T07:53:50.017Z","logId":1772619286844,"logger":"LoginService","msg":"Initializing background workers..."}
{"level":30,"time":"2026-03-05T07:53:50.018Z","logId":1772619286844,"logger":"FriendWorker","msg":"FriendWorker starting..."}
{"level":30,"time":"2026-03-05T07:53:50.018Z","logId":1772619286844,"logger":"NotificationWorker","msg":"NotificationWorker starting..."}
{"level":30,"time":"2026-03-05T07:53:50.018Z","logId":1772619286844,"logger":"FeedWorker","msg":"FeedWorker starting..."}
{"level":30,"time":"2026-03-05T07:53:50.018Z","logId":1772619286844,"logger":"SurfWorker","msg":"SurfWorker starting..."}
{"level":30,"time":"2026-03-05T07:53:51.608Z","logId":1772619286844,"logger":"LoginService","msg":"LOGIN summary: success=1 alreadyOk=0 relogin=1 fail=0"}
{"level":30,"time":"2026-03-05T07:54:50.030Z","logId":1772619286844,"logger":"LoginService","msg":"Initializing background workers..."}
{"level":30,"time":"2026-03-05T07:54:50.030Z","logId":1772619286844,"logger":"FriendWorker","msg":"FriendWorker starting..."}
{"level":30,"time":"2026-03-05T07:54:50.030Z","logId":1772619286844,"logger":"NotificationWorker","msg":"NotificationWorker starting..."}
{"level":30,"time":"2026-03-05T07:54:50.030Z","logId":1772619286844,"logger":"FeedWorker","msg":"FeedWorker starting..."}
{"level":30,"time":"2026-03-05T07:54:50.030Z","logId":1772619286844,"logger":"SurfWorker","msg":"SurfWorker starting..."}
{"level":50,"time":"2026-03-05T07:54:54.506Z","logId":1772619286844,"logger":"LoginService","row":1,"phone":"longh1248@gmail.com","proxy":"http://103.84.95.54:7890","err":"Client network socket disconnected before secure TLS connection was established","msg":"ACCOUNT_PROCESS_ERROR"}
{"level":30,"time":"2026-03-05T07:54:54.506Z","logId":1772619286844,"logger":"LoginService","msg":"LOGIN summary: success=0 alreadyOk=0 relogin=0 fail=1"}
{"level":30,"time":"2026-03-05T07:55:50.031Z","logId":1772619286844,"logger":"LoginService","msg":"Initializing background workers..."}
{"level":30,"time":"2026-03-05T07:55:50.031Z","logId":1772619286844,"logger":"FriendWorker","msg":"FriendWorker starting..."}
{"level":30,"time":"2026-03-05T07:55:50.031Z","logId":1772619286844,"logger":"NotificationWorker","msg":"NotificationWorker starting..."}
{"level":30,"time":"2026-03-05T07:55:50.031Z","logId":1772619286844,"logger":"FeedWorker","msg":"FeedWorker starting..."}
{"level":30,"time":"2026-03-05T07:55:50.031Z","logId":1772619286844,"logger":"SurfWorker","msg":"SurfWorker starting..."}
{"level":30,"time":"2026-03-05T07:55:50.586Z","logId":1772619286844,"logger":"LoginService","msg":"LOGIN summary: success=1 alreadyOk=0 relogin=1 fail=0"}
{"level":30,"time":"2026-03-05T07:56:50.036Z","logId":1772619286844,"logger":"LoginService","msg":"Initializing background workers..."}
{"level":30,"time":"2026-03-05T07:56:50.036Z","logId":1772619286844,"logger":"FriendWorker","msg":"FriendWorker starting..."}
{"level":30,"time":"2026-03-05T07:56:50.036Z","logId":1772619286844,"logger":"NotificationWorker","msg":"NotificationWorker starting..."}
{"level":30,"time":"2026-03-05T07:56:50.036Z","logId":1772619286844,"logger":"FeedWorker","msg":"FeedWorker starting..."}
{"level":30,"time":"2026-03-05T07:56:50.036Z","logId":1772619286844,"logger":"SurfWorker","msg":"SurfWorker starting..."}
{"level":50,"time":"2026-03-05T07:56:50.369Z","logId":1772619286844,"logger":"LoginService","row":1,"phone":"longh1248@gmail.com","proxy":"http://103.84.95.54:7890","err":"<!DOCTYPE html>\n<!--[if lt IE 7]> <html class=\"no-js ie6 oldie\" lang=\"en-US\"> <![endif]-->\n<!--[if IE 7]>    <html class=\"no-js ie7 oldie\" lang=\"en-US\"> <![endif]-->\n<!--[if IE 8]>    <html class=\"no-js ie8 oldie\" lang=\"en-US\"> <![endif]-->\n<!--[if gt IE 8]><!--> <html class=\"no-js\" lang=\"en-US\"> <!--<![endif]-->\n<head>\n\n<title>eric.pro.vn | 502: Bad gateway</title>\n<meta charset=\"UTF-8\" />\n<meta http-equiv=\"Content-Type\" content=\"text/html; charset=UTF-8\" />\n<meta http-equiv=\"X-UA-Compatible\" content=\"IE=Edge\" />\n<meta name=\"robots\" content=\"noindex, nofollow\" />\n<meta name=\"viewport\" content=\"width=device-width,initial-scale=1\" />\n<link rel=\"stylesheet\" id=\"cf_styles-css\" href=\"/cdn-cgi/styles/main.css\" />\n</head>\n<body>\n<div id=\"cf-wrapper\">\n    <div id=\"cf-error-details\" class=\"p-0\">\n        <header class=\"mx-auto pt-10 lg:pt-6 lg:px-8 w-240 lg:w-full mb-8\">\n            <h1 class=\"inline-block sm:block sm:mb-2 font-light text-60 lg:text-4xl text-black-dark leading-tight mr-2\">\n                <span class=\"inline-block\">Bad gateway</span>\n                <span class=\"code-label\">Error code 502</span>\n            </h1>\n            <div>\n                Visit <a href=\"https://www.cloudflare.com/5xx-error-landing?utm_source=errorcode_502&utm_campaign=social.eric.pro.vn\" target=\"_blank\" rel=\"noopener noreferrer\">cloudflare.com</a> for more information.\n            </div>\n            <div class=\"mt-3\">2026-03-05 07:56:48 UTC</div>\n        </header>\n        <div class=\"my-8 bg-gradient-gray\">\n            <div class=\"w-240 lg:w-full mx-auto\">\n                <div class=\"clearfix md:px-8\">\n                    <div id=\"cf-browser-status\" class=\" relative w-1/3 md:w-full py-15 md:p-0 md:py-8 md:text-left md:border-solid md:border-0 md:border-b md:border-gray-400 overflow-hidden float-left md:float-none text-center\">\n  <div class=\"relative mb-10 md:m-0\">\n    \n    <span class=\"cf-icon-browser block md:hidden h-20 bg-center bg-no-repeat\"></span>\n    <span class=\"cf-icon-ok w-12 h-12 absolute left-1/2 md:left-auto md:right-0 md:top-0 -ml-6 -bottom-4\"></span>\n    \n  </div>\n  <span class=\"md:block w-full truncate\">You</span>\n  <h3 class=\"md:inline-block mt-3 md:mt-0 text-2xl text-gray-600 font-light leading-1.3\">\n  \n    Browser\n  \n  </h3>\n  \n  <span class=\"leading-1.3 text-2xl text-green-success\">Working</span>\n  \n</div>\n                    <div id=\"cf-cloudflare-status\" class=\" relative w-1/3 md:w-full py-15 md:p-0 md:py-8 md:text-left md:border-solid md:border-0 md:border-b md:border-gray-400 overflow-hidden float-left md:float-none text-center\">\n  <div class=\"relative mb-10 md:m-0\">\n    <a href=\"https://www.cloudflare.com/5xx-error-landing?utm_source=errorcode_502&#38;utm_campaign=social.eric.pro.vn\" target=\"_blank\" rel=\"noopener noreferrer\">\n    <span class=\"cf-icon-cloud block md:hidden h-20 bg-center bg-no-repeat\"></span>\n    <span class=\"cf-icon-ok w-12 h-12 absolute left-1/2 md:left-auto md:right-0 md:top-0 -ml-6 -bottom-4\"></span>\n    </a>\n  </div>\n  <span class=\"md:block w-full truncate\">Hong Kong</span>\n  <h3 class=\"md:inline-block mt-3 md:mt-0 text-2xl text-gray-600 font-light leading-1.3\">\n  <a href=\"https://www.cloudflare.com/5xx-error-landing?utm_source=errorcode_502&utm_campaign=social.eric.pro.vn\" target=\"_blank\" rel=\"noopener noreferrer\">\n    Cloudflare\n  </a>\n  </h3>\n  \n  <span class=\"leading-1.3 text-2xl text-green-success\">Working</span>\n  \n</div>\n                    <div id=\"cf-host-status\" class=\"cf-error-source relative w-1/3 md:w-full py-15 md:p-0 md:py-8 md:text-left md:border-solid md:border-0 md:border-b md:border-gray-400 overflow-hidden float-left md:float-none text-center\">\n  <div class=\"relative mb-10 md:m-0\">\n    \n    <span class=\"cf-icon-server block md:hidden h-20 bg-center bg-no-repeat\"></span>\n    <span class=\"cf-icon-error w-12 h-12 absolute left-1/2 md:left-auto md:right-0 md:top-0 -ml-6 -bottom-4\"></span>\n    \n  </div>\n  <span class=\"md:block w-full truncate\">social.eric.pro.vn</span>\n  <h3 class=\"md:inline-block mt-3 md:mt-0 text-2xl text-gray-600 font-light leading-1.3\">\n  \n    Host\n  \n  </h3>\n  \n  <span class=\"leading-1.3 text-2xl text-red-error\">Error</span>\n  \n</div>\n                </div>\n            </div>\n        </div>\n\n        <div class=\"w-240 lg:w-full mx-auto mb-8 lg:px-8\">\n            <div class=\"clearfix\">\n                <div class=\"w-1/2 md:w-full float-left pr-6 md:pb-10 md:pr-0 leading-relaxed\">\n                    <h2 class=\"text-3xl font-normal leading-1.3 mb-4\">What happened?</h2>\n                    <p>The web server reported a bad gateway error.</p>\n                </div>\n                <div class=\"w-1/2 md:w-full float-left leading-relaxed\">\n                    <h2 class=\"text-3xl font-normal leading-1.3 mb-4\">What can I do?</h2>\n                    <p class=\"mb-6\">Please try again in a few minutes.</p>\n                </div>\n            </div>\n        </div>\n\n        <div class=\"cf-error-footer cf-wrapper w-240 lg:w-full py-10 sm:py-4 sm:px-8 mx-auto text-center sm:text-left border-solid border-0 border-t border-gray-300\">\n    <p class=\"text-13\">\n      <span class=\"cf-footer-item sm:block sm:mb-1\">Cloudflare Ray ID: <strong class=\"font-semibold\">9d7790f519677a53</strong></span>\n      <span class=\"cf-footer-separator sm:hidden\">&bull;</span>\n      <span id=\"cf-footer-item-ip\" class=\"cf-footer-item hidden sm:block sm:mb-1\">\n        Your IP:\n        <button type=\"button\" id=\"cf-footer-ip-reveal\" class=\"cf-footer-ip-reveal-btn\">Click to reveal</button>\n        <span class=\"hidden\" id=\"cf-footer-ip\">103.84.95.54</span>\n        <span class=\"cf-footer-separator sm:hidden\">&bull;</span>\n      </span>\n      <span class=\"cf-footer-item sm:block sm:mb-1\"><span>Performance &amp; security by</span> <a rel=\"noopener noreferrer\" href=\"https://www.cloudflare.com/5xx-error-landing?utm_source=errorcode_502&#38;utm_campaign=social.eric.pro.vn\" id=\"brand_link\" target=\"_blank\">Cloudflare</a></span>\n      \n    </p>\n    <script>(function(){function d(){var b=a.getElementById(\"cf-footer-item-ip\"),c=a.getElementById(\"cf-footer-ip-reveal\");b&&\"classList\"in b&&(b.classList.remove(\"hidden\"),c.addEventListener(\"click\",function(){c.classList.add(\"hidden\");a.getElementById(\"cf-footer-ip\").classList.remove(\"hidden\")}))}var a=document;document.addEventListener&&a.addEventListener(\"DOMContentLoaded\",d)})();</script>\n  </div><!-- /.error-footer -->\n\n    </div>\n</div>\n</body>\n</html>","msg":"ACCOUNT_PROCESS_ERROR"}
{"level":30,"time":"2026-03-05T07:56:50.369Z","logId":1772619286844,"logger":"LoginService","msg":"LOGIN summary: success=0 alreadyOk=0 relogin=0 fail=1"}
{"level":30,"time":"2026-03-05T07:57:50.054Z","logId":1772619286844,"logger":"LoginService","msg":"Initializing background workers..."}
{"level":30,"time":"2026-03-05T07:57:50.054Z","logId":1772619286844,"logger":"FriendWorker","msg":"FriendWorker starting..."}
{"level":30,"time":"2026-03-05T07:57:50.054Z","logId":1772619286844,"logger":"NotificationWorker","msg":"NotificationWorker starting..."}
{"level":30,"time":"2026-03-05T07:57:50.054Z","logId":1772619286844,"logger":"FeedWorker","msg":"FeedWorker starting..."}
{"level":30,"time":"2026-03-05T07:57:50.054Z","logId":1772619286844,"logger":"SurfWorker","msg":"SurfWorker starting..."}
{"level":30,"time":"2026-03-05T07:57:50.539Z","logId":1772619286844,"logger":"LoginService","msg":"LOGIN summary: success=1 alreadyOk=0 relogin=0 fail=0"}
{"level":30,"time":"2026-03-05T07:58:50.065Z","logId":1772619286844,"logger":"LoginService","msg":"Initializing background workers..."}
{"level":30,"time":"2026-03-05T07:58:50.065Z","logId":1772619286844,"logger":"FriendWorker","msg":"FriendWorker starting..."}
{"level":30,"time":"2026-03-05T07:58:50.065Z","logId":1772619286844,"logger":"NotificationWorker","msg":"NotificationWorker starting..."}
{"level":30,"time":"2026-03-05T07:58:50.065Z","logId":1772619286844,"logger":"FeedWorker","msg":"FeedWorker starting..."}
{"level":30,"time":"2026-03-05T07:58:50.065Z","logId":1772619286844,"logger":"SurfWorker","msg":"SurfWorker starting..."}
{"level":50,"time":"2026-03-05T07:58:50.283Z","logId":1772619286844,"logger":"LoginService","row":1,"phone":"longh1248@gmail.com","proxy":"http://103.84.95.54:7890","err":"Client network socket disconnected before secure TLS connection was established","msg":"ACCOUNT_PROCESS_ERROR"}
{"level":30,"time":"2026-03-05T07:58:50.283Z","logId":1772619286844,"logger":"LoginService","msg":"LOGIN summary: success=0 alreadyOk=0 relogin=0 fail=1"}
{"level":30,"time":"2026-03-05T07:59:50.065Z","logId":1772619286844,"logger":"LoginService","msg":"Initializing background workers..."}
{"level":30,"time":"2026-03-05T07:59:50.065Z","logId":1772619286844,"logger":"FriendWorker","msg":"FriendWorker starting..."}
{"level":30,"time":"2026-03-05T07:59:50.065Z","logId":1772619286844,"logger":"NotificationWorker","msg":"NotificationWorker starting..."}
{"level":30,"time":"2026-03-05T07:59:50.065Z","logId":1772619286844,"logger":"FeedWorker","msg":"FeedWorker starting..."}
{"level":30,"time":"2026-03-05T07:59:50.065Z","logId":1772619286844,"logger":"SurfWorker","msg":"SurfWorker starting..."}
{"level":30,"time":"2026-03-05T07:59:51.615Z","logId":1772619286844,"logger":"LoginService","msg":"LOGIN summary: success=1 alreadyOk=0 relogin=1 fail=0"}
{"level":30,"time":"2026-03-05T08:00:50.074Z","logId":1772619286844,"logger":"LoginService","msg":"Initializing background workers..."}
{"level":30,"time":"2026-03-05T08:00:50.074Z","logId":1772619286844,"logger":"FriendWorker","msg":"FriendWorker starting..."}
{"level":30,"time":"2026-03-05T08:00:50.074Z","logId":1772619286844,"logger":"NotificationWorker","msg":"NotificationWorker starting..."}
{"level":30,"time":"2026-03-05T08:00:50.074Z","logId":1772619286844,"logger":"FeedWorker","msg":"FeedWorker starting..."}
{"level":30,"time":"2026-03-05T08:00:50.075Z","logId":1772619286844,"logger":"SurfWorker","msg":"SurfWorker starting..."}
{"level":30,"time":"2026-03-05T08:00:53.659Z","logId":1772619286844,"logger":"LoginService","msg":"LOGIN summary: success=1 alreadyOk=0 relogin=0 fail=0"}
{"level":30,"time":"2026-03-05T08:01:50.084Z","logId":1772619286844,"logger":"LoginService","msg":"Initializing background workers..."}
{"level":30,"time":"2026-03-05T08:01:50.084Z","logId":1772619286844,"logger":"FriendWorker","msg":"FriendWorker starting..."}
{"level":30,"time":"2026-03-05T08:01:50.085Z","logId":1772619286844,"logger":"NotificationWorker","msg":"NotificationWorker starting..."}
{"level":30,"time":"2026-03-05T08:01:50.085Z","logId":1772619286844,"logger":"FeedWorker","msg":"FeedWorker starting..."}
{"level":30,"time":"2026-03-05T08:01:50.085Z","logId":1772619286844,"logger":"SurfWorker","msg":"SurfWorker starting..."}
{"level":30,"time":"2026-03-05T08:01:51.683Z","logId":1772619286844,"logger":"LoginService","msg":"LOGIN summary: success=1 alreadyOk=0 relogin=0 fail=0"}
{"level":30,"time":"2026-03-05T08:02:50.088Z","logId":1772619286844,"logger":"LoginService","msg":"Initializing background workers..."}
{"level":30,"time":"2026-03-05T08:02:50.088Z","logId":1772619286844,"logger":"FriendWorker","msg":"FriendWorker starting..."}
{"level":30,"time":"2026-03-05T08:02:50.088Z","logId":1772619286844,"logger":"NotificationWorker","msg":"NotificationWorker starting..."}
{"level":30,"time":"2026-03-05T08:02:50.088Z","logId":1772619286844,"logger":"FeedWorker","msg":"FeedWorker starting..."}
{"level":30,"time":"2026-03-05T08:02:50.088Z","logId":1772619286844,"logger":"SurfWorker","msg":"SurfWorker starting..."}
{"level":30,"time":"2026-03-05T08:02:50.592Z","logId":1772619286844,"logger":"LoginService","msg":"LOGIN summary: success=1 alreadyOk=0 relogin=1 fail=0"}
{"level":30,"time":"2026-03-05T08:03:50.103Z","logId":1772619286844,"logger":"LoginService","msg":"Initializing background workers..."}
{"level":30,"time":"2026-03-05T08:03:50.103Z","logId":1772619286844,"logger":"FriendWorker","msg":"FriendWorker starting..."}
{"level":30,"time":"2026-03-05T08:03:50.103Z","logId":1772619286844,"logger":"NotificationWorker","msg":"NotificationWorker starting..."}
{"level":30,"time":"2026-03-05T08:03:50.103Z","logId":1772619286844,"logger":"FeedWorker","msg":"FeedWorker starting..."}
{"level":30,"time":"2026-03-05T08:03:50.103Z","logId":1772619286844,"logger":"SurfWorker","msg":"SurfWorker starting..."}
{"level":30,"time":"2026-03-05T08:03:50.608Z","logId":1772619286844,"logger":"LoginService","msg":"LOGIN summary: success=1 alreadyOk=0 relogin=1 fail=0"}
{"level":30,"time":"2026-03-05T08:04:50.116Z","logId":1772619286844,"logger":"LoginService","msg":"Initializing background workers..."}
{"level":30,"time":"2026-03-05T08:04:50.116Z","logId":1772619286844,"logger":"FriendWorker","msg":"FriendWorker starting..."}
{"level":30,"time":"2026-03-05T08:04:50.116Z","logId":1772619286844,"logger":"NotificationWorker","msg":"NotificationWorker starting..."}
{"level":30,"time":"2026-03-05T08:04:50.116Z","logId":1772619286844,"logger":"FeedWorker","msg":"FeedWorker starting..."}
{"level":30,"time":"2026-03-05T08:04:50.116Z","logId":1772619286844,"logger":"SurfWorker","msg":"SurfWorker starting..."}
{"level":50,"time":"2026-03-05T08:04:51.497Z","logId":1772619286844,"logger":"LoginService","row":1,"phone":"longh1248@gmail.com","proxy":"http://103.84.95.54:7890","err":"Client network socket disconnected before secure TLS connection was established","msg":"ACCOUNT_PROCESS_ERROR"}
{"level":30,"time":"2026-03-05T08:04:51.497Z","logId":1772619286844,"logger":"LoginService","msg":"LOGIN summary: success=0 alreadyOk=0 relogin=0 fail=1"}
{"level":30,"time":"2026-03-05T08:05:50.128Z","logId":1772619286844,"logger":"LoginService","msg":"Initializing background workers..."}
{"level":30,"time":"2026-03-05T08:05:50.128Z","logId":1772619286844,"logger":"FriendWorker","msg":"FriendWorker starting..."}
{"level":30,"time":"2026-03-05T08:05:50.128Z","logId":1772619286844,"logger":"NotificationWorker","msg":"NotificationWorker starting..."}
{"level":30,"time":"2026-03-05T08:05:50.128Z","logId":1772619286844,"logger":"FeedWorker","msg":"FeedWorker starting..."}
{"level":30,"time":"2026-03-05T08:05:50.128Z","logId":1772619286844,"logger":"SurfWorker","msg":"SurfWorker starting..."}
{"level":30,"time":"2026-03-05T08:05:50.649Z","logId":1772619286844,"logger":"LoginService","msg":"LOGIN summary: success=1 alreadyOk=0 relogin=1 fail=0"}
{"level":30,"time":"2026-03-05T08:06:50.147Z","logId":1772619286844,"logger":"LoginService","msg":"Initializing background workers..."}
{"level":30,"time":"2026-03-05T08:06:50.147Z","logId":1772619286844,"logger":"FriendWorker","msg":"FriendWorker starting..."}
{"level":30,"time":"2026-03-05T08:06:50.147Z","logId":1772619286844,"logger":"NotificationWorker","msg":"NotificationWorker starting..."}
{"level":30,"time":"2026-03-05T08:06:50.147Z","logId":1772619286844,"logger":"FeedWorker","msg":"FeedWorker starting..."}
{"level":30,"time":"2026-03-05T08:06:50.147Z","logId":1772619286844,"logger":"SurfWorker","msg":"SurfWorker starting..."}
{"level":50,"time":"2026-03-05T08:06:50.599Z","logId":1772619286844,"logger":"LoginService","row":1,"phone":"longh1248@gmail.com","proxy":"http://103.84.95.54:7890","err":"Client network socket disconnected before secure TLS connection was established","msg":"ACCOUNT_PROCESS_ERROR"}
{"level":30,"time":"2026-03-05T08:06:50.599Z","logId":1772619286844,"logger":"LoginService","msg":"LOGIN summary: success=0 alreadyOk=0 relogin=0 fail=1"}
{"level":30,"time":"2026-03-05T08:07:50.148Z","logId":1772619286844,"logger":"LoginService","msg":"Initializing background workers..."}
{"level":30,"time":"2026-03-05T08:07:50.149Z","logId":1772619286844,"logger":"FriendWorker","msg":"FriendWorker starting..."}
{"level":30,"time":"2026-03-05T08:07:50.149Z","logId":1772619286844,"logger":"NotificationWorker","msg":"NotificationWorker starting..."}
{"level":30,"time":"2026-03-05T08:07:50.149Z","logId":1772619286844,"logger":"FeedWorker","msg":"FeedWorker starting..."}
{"level":30,"time":"2026-03-05T08:07:50.149Z","logId":1772619286844,"logger":"SurfWorker","msg":"SurfWorker starting..."}
{"level":50,"time":"2026-03-05T08:07:50.349Z","logId":1772619286844,"logger":"LoginService","row":1,"phone":"longh1248@gmail.com","proxy":"http://103.84.95.54:7890","err":"read ECONNRESET","msg":"ACCOUNT_PROCESS_ERROR"}
{"level":30,"time":"2026-03-05T08:07:50.349Z","logId":1772619286844,"logger":"LoginService","msg":"LOGIN summary: success=0 alreadyOk=0 relogin=0 fail=1"}
{"level":30,"time":"2026-03-05T08:08:50.156Z","logId":1772619286844,"logger":"LoginService","msg":"Initializing background workers..."}
{"level":30,"time":"2026-03-05T08:08:50.156Z","logId":1772619286844,"logger":"FriendWorker","msg":"FriendWorker starting..."}
{"level":30,"time":"2026-03-05T08:08:50.156Z","logId":1772619286844,"logger":"NotificationWorker","msg":"NotificationWorker starting..."}
{"level":30,"time":"2026-03-05T08:08:50.156Z","logId":1772619286844,"logger":"FeedWorker","msg":"FeedWorker starting..."}
{"level":30,"time":"2026-03-05T08:08:50.156Z","logId":1772619286844,"logger":"SurfWorker","msg":"SurfWorker starting..."}
{"level":50,"time":"2026-03-05T08:08:51.502Z","logId":1772619286844,"logger":"LoginService","row":1,"phone":"longh1248@gmail.com","proxy":"http://103.84.95.54:7890","err":"Client network socket disconnected before secure TLS connection was established","msg":"ACCOUNT_PROCESS_ERROR"}
{"level":30,"time":"2026-03-05T08:08:51.502Z","logId":1772619286844,"logger":"LoginService","msg":"LOGIN summary: success=0 alreadyOk=0 relogin=0 fail=1"}
{"level":30,"time":"2026-03-05T08:09:50.163Z","logId":1772619286844,"logger":"LoginService","msg":"Initializing background workers..."}
{"level":30,"time":"2026-03-05T08:09:50.163Z","logId":1772619286844,"logger":"FriendWorker","msg":"FriendWorker starting..."}
{"level":30,"time":"2026-03-05T08:09:50.164Z","logId":1772619286844,"logger":"NotificationWorker","msg":"NotificationWorker starting..."}
{"level":30,"time":"2026-03-05T08:09:50.164Z","logId":1772619286844,"logger":"FeedWorker","msg":"FeedWorker starting..."}
{"level":30,"time":"2026-03-05T08:09:50.164Z","logId":1772619286844,"logger":"SurfWorker","msg":"SurfWorker starting..."}
{"level":30,"time":"2026-03-05T08:09:51.291Z","logId":1772619286844,"logger":"LoginService","msg":"LOGIN summary: success=1 alreadyOk=0 relogin=1 fail=0"}
{"level":30,"time":"2026-03-05T08:10:50.171Z","logId":1772619286844,"logger":"LoginService","msg":"Initializing background workers..."}
{"level":30,"time":"2026-03-05T08:10:50.171Z","logId":1772619286844,"logger":"FriendWorker","msg":"FriendWorker starting..."}
{"level":30,"time":"2026-03-05T08:10:50.171Z","logId":1772619286844,"logger":"NotificationWorker","msg":"NotificationWorker starting..."}
{"level":30,"time":"2026-03-05T08:10:50.171Z","logId":1772619286844,"logger":"FeedWorker","msg":"FeedWorker starting..."}
{"level":30,"time":"2026-03-05T08:10:50.171Z","logId":1772619286844,"logger":"SurfWorker","msg":"SurfWorker starting..."}
{"level":30,"time":"2026-03-05T08:10:50.821Z","logId":1772619286844,"logger":"LoginService","msg":"LOGIN summary: success=1 alreadyOk=0 relogin=0 fail=0"}
{"level":30,"time":"2026-03-05T08:11:50.174Z","logId":1772619286844,"logger":"LoginService","msg":"Initializing background workers..."}
{"level":30,"time":"2026-03-05T08:11:50.174Z","logId":1772619286844,"logger":"FriendWorker","msg":"FriendWorker starting..."}
{"level":30,"time":"2026-03-05T08:11:50.174Z","logId":1772619286844,"logger":"NotificationWorker","msg":"NotificationWorker starting..."}
{"level":30,"time":"2026-03-05T08:11:50.174Z","logId":1772619286844,"logger":"FeedWorker","msg":"FeedWorker starting..."}
{"level":30,"time":"2026-03-05T08:11:50.174Z","logId":1772619286844,"logger":"SurfWorker","msg":"SurfWorker starting..."}
{"level":50,"time":"2026-03-05T08:11:50.563Z","logId":1772619286844,"logger":"LoginService","row":1,"phone":"longh1248@gmail.com","proxy":"http://103.84.95.54:7890","err":"Client network socket disconnected before secure TLS connection was established","msg":"ACCOUNT_PROCESS_ERROR"}
{"level":30,"time":"2026-03-05T08:11:50.563Z","logId":1772619286844,"logger":"LoginService","msg":"LOGIN summary: success=0 alreadyOk=0 relogin=0 fail=1"}
{"level":30,"time":"2026-03-05T08:12:50.185Z","logId":1772619286844,"logger":"LoginService","msg":"Initializing background workers..."}
{"level":30,"time":"2026-03-05T08:12:50.185Z","logId":1772619286844,"logger":"FriendWorker","msg":"FriendWorker starting..."}
{"level":30,"time":"2026-03-05T08:12:50.185Z","logId":1772619286844,"logger":"NotificationWorker","msg":"NotificationWorker starting..."}
{"level":30,"time":"2026-03-05T08:12:50.185Z","logId":1772619286844,"logger":"FeedWorker","msg":"FeedWorker starting..."}
{"level":30,"time":"2026-03-05T08:12:50.185Z","logId":1772619286844,"logger":"SurfWorker","msg":"SurfWorker starting..."}
{"level":30,"time":"2026-03-05T08:12:51.830Z","logId":1772619286844,"logger":"LoginService","msg":"LOGIN summary: success=1 alreadyOk=0 relogin=1 fail=0"}
{"level":30,"time":"2026-03-05T08:13:50.195Z","logId":1772619286844,"logger":"LoginService","msg":"Initializing background workers..."}
{"level":30,"time":"2026-03-05T08:13:50.195Z","logId":1772619286844,"logger":"FriendWorker","msg":"FriendWorker starting..."}
{"level":30,"time":"2026-03-05T08:13:50.195Z","logId":1772619286844,"logger":"NotificationWorker","msg":"NotificationWorker starting..."}
{"level":30,"time":"2026-03-05T08:13:50.195Z","logId":1772619286844,"logger":"FeedWorker","msg":"FeedWorker starting..."}
{"level":30,"time":"2026-03-05T08:13:50.195Z","logId":1772619286844,"logger":"SurfWorker","msg":"SurfWorker starting..."}
{"level":50,"time":"2026-03-05T08:13:50.858Z","logId":1772619286844,"logger":"LoginService","row":1,"phone":"longh1248@gmail.com","proxy":"http://103.84.95.54:7890","err":"read ECONNRESET","msg":"ACCOUNT_PROCESS_ERROR"}
{"level":30,"time":"2026-03-05T08:13:50.858Z","logId":1772619286844,"logger":"LoginService","msg":"LOGIN summary: success=0 alreadyOk=0 relogin=0 fail=1"}
{"level":30,"time":"2026-03-05T08:14:50.205Z","logId":1772619286844,"logger":"LoginService","msg":"Initializing background workers..."}
{"level":30,"time":"2026-03-05T08:14:50.205Z","logId":1772619286844,"logger":"FriendWorker","msg":"FriendWorker starting..."}
{"level":30,"time":"2026-03-05T08:14:50.205Z","logId":1772619286844,"logger":"NotificationWorker","msg":"NotificationWorker starting..."}
{"level":30,"time":"2026-03-05T08:14:50.205Z","logId":1772619286844,"logger":"FeedWorker","msg":"FeedWorker starting..."}
{"level":30,"time":"2026-03-05T08:14:50.205Z","logId":1772619286844,"logger":"SurfWorker","msg":"SurfWorker starting..."}
{"level":30,"time":"2026-03-05T08:14:50.823Z","logId":1772619286844,"logger":"LoginService","msg":"LOGIN summary: success=1 alreadyOk=0 relogin=1 fail=0"}
{"level":30,"time":"2026-03-05T08:15:50.214Z","logId":1772619286844,"logger":"LoginService","msg":"Initializing background workers..."}
{"level":30,"time":"2026-03-05T08:15:50.214Z","logId":1772619286844,"logger":"FriendWorker","msg":"FriendWorker starting..."}
{"level":30,"time":"2026-03-05T08:15:50.214Z","logId":1772619286844,"logger":"NotificationWorker","msg":"NotificationWorker starting..."}
{"level":30,"time":"2026-03-05T08:15:50.214Z","logId":1772619286844,"logger":"FeedWorker","msg":"FeedWorker starting..."}
{"level":30,"time":"2026-03-05T08:15:50.214Z","logId":1772619286844,"logger":"SurfWorker","msg":"SurfWorker starting..."}
{"level":30,"time":"2026-03-05T08:15:51.117Z","logId":1772619286844,"logger":"LoginService","msg":"LOGIN summary: success=1 alreadyOk=0 relogin=1 fail=0"}
{"level":30,"time":"2026-03-05T08:16:50.217Z","logId":1772619286844,"logger":"LoginService","msg":"Initializing background workers..."}
{"level":30,"time":"2026-03-05T08:16:50.217Z","logId":1772619286844,"logger":"FriendWorker","msg":"FriendWorker starting..."}
{"level":30,"time":"2026-03-05T08:16:50.217Z","logId":1772619286844,"logger":"NotificationWorker","msg":"NotificationWorker starting..."}
{"level":30,"time":"2026-03-05T08:16:50.217Z","logId":1772619286844,"logger":"FeedWorker","msg":"FeedWorker starting..."}
{"level":30,"time":"2026-03-05T08:16:50.217Z","logId":1772619286844,"logger":"SurfWorker","msg":"SurfWorker starting..."}
{"level":30,"time":"2026-03-05T08:16:50.703Z","logId":1772619286844,"logger":"LoginService","msg":"LOGIN summary: success=1 alreadyOk=0 relogin=1 fail=0"}
{"level":30,"time":"2026-03-05T08:17:50.229Z","logId":1772619286844,"logger":"LoginService","msg":"Initializing background workers..."}
{"level":30,"time":"2026-03-05T08:17:50.229Z","logId":1772619286844,"logger":"FriendWorker","msg":"FriendWorker starting..."}
{"level":30,"time":"2026-03-05T08:17:50.229Z","logId":1772619286844,"logger":"NotificationWorker","msg":"NotificationWorker starting..."}
{"level":30,"time":"2026-03-05T08:17:50.229Z","logId":1772619286844,"logger":"FeedWorker","msg":"FeedWorker starting..."}
{"level":30,"time":"2026-03-05T08:17:50.229Z","logId":1772619286844,"logger":"SurfWorker","msg":"SurfWorker starting..."}
{"level":30,"time":"2026-03-05T08:17:50.685Z","logId":1772619286844,"logger":"LoginService","msg":"LOGIN summary: success=1 alreadyOk=0 relogin=1 fail=0"}
{"level":30,"time":"2026-03-05T08:18:50.244Z","logId":1772619286844,"logger":"LoginService","msg":"Initializing background workers..."}
{"level":30,"time":"2026-03-05T08:18:50.244Z","logId":1772619286844,"logger":"FriendWorker","msg":"FriendWorker starting..."}
{"level":30,"time":"2026-03-05T08:18:50.244Z","logId":1772619286844,"logger":"NotificationWorker","msg":"NotificationWorker starting..."}
{"level":30,"time":"2026-03-05T08:18:50.244Z","logId":1772619286844,"logger":"FeedWorker","msg":"FeedWorker starting..."}
{"level":30,"time":"2026-03-05T08:18:50.244Z","logId":1772619286844,"logger":"SurfWorker","msg":"SurfWorker starting..."}
{"level":30,"time":"2026-03-05T08:18:50.781Z","logId":1772619286844,"logger":"LoginService","msg":"LOGIN summary: success=1 alreadyOk=0 relogin=1 fail=0"}
{"level":30,"time":"2026-03-05T08:19:50.257Z","logId":1772619286844,"logger":"LoginService","msg":"Initializing background workers..."}
{"level":30,"time":"2026-03-05T08:19:50.257Z","logId":1772619286844,"logger":"FriendWorker","msg":"FriendWorker starting..."}
{"level":30,"time":"2026-03-05T08:19:50.257Z","logId":1772619286844,"logger":"NotificationWorker","msg":"NotificationWorker starting..."}
{"level":30,"time":"2026-03-05T08:19:50.257Z","logId":1772619286844,"logger":"FeedWorker","msg":"FeedWorker starting..."}
{"level":30,"time":"2026-03-05T08:19:50.257Z","logId":1772619286844,"logger":"SurfWorker","msg":"SurfWorker starting..."}
{"level":30,"time":"2026-03-05T08:19:50.864Z","logId":1772619286844,"logger":"LoginService","msg":"LOGIN summary: success=1 alreadyOk=0 relogin=1 fail=0"}
{"level":30,"time":"2026-03-05T08:20:50.271Z","logId":1772619286844,"logger":"LoginService","msg":"Initializing background workers..."}
{"level":30,"time":"2026-03-05T08:20:50.271Z","logId":1772619286844,"logger":"FriendWorker","msg":"FriendWorker starting..."}
{"level":30,"time":"2026-03-05T08:20:50.271Z","logId":1772619286844,"logger":"NotificationWorker","msg":"NotificationWorker starting..."}
{"level":30,"time":"2026-03-05T08:20:50.271Z","logId":1772619286844,"logger":"FeedWorker","msg":"FeedWorker starting..."}
{"level":30,"time":"2026-03-05T08:20:50.271Z","logId":1772619286844,"logger":"SurfWorker","msg":"SurfWorker starting..."}
{"level":50,"time":"2026-03-05T08:20:50.440Z","logId":1772619286844,"logger":"LoginService","row":1,"phone":"longh1248@gmail.com","proxy":"http://103.84.95.54:7890","err":"Client network socket disconnected before secure TLS connection was established","msg":"ACCOUNT_PROCESS_ERROR"}
{"level":30,"time":"2026-03-05T08:20:50.440Z","logId":1772619286844,"logger":"LoginService","msg":"LOGIN summary: success=0 alreadyOk=0 relogin=0 fail=1"}
{"level":30,"time":"2026-03-05T08:21:50.272Z","logId":1772619286844,"logger":"LoginService","msg":"Initializing background workers..."}
{"level":30,"time":"2026-03-05T08:21:50.272Z","logId":1772619286844,"logger":"FriendWorker","msg":"FriendWorker starting..."}
{"level":30,"time":"2026-03-05T08:21:50.272Z","logId":1772619286844,"logger":"NotificationWorker","msg":"NotificationWorker starting..."}
{"level":30,"time":"2026-03-05T08:21:50.272Z","logId":1772619286844,"logger":"FeedWorker","msg":"FeedWorker starting..."}
{"level":30,"time":"2026-03-05T08:21:50.272Z","logId":1772619286844,"logger":"SurfWorker","msg":"SurfWorker starting..."}
{"level":30,"time":"2026-03-05T08:21:50.769Z","logId":1772619286844,"logger":"LoginService","msg":"LOGIN summary: success=1 alreadyOk=0 relogin=1 fail=0"}
{"level":30,"time":"2026-03-05T08:22:50.274Z","logId":1772619286844,"logger":"LoginService","msg":"Initializing background workers..."}
{"level":30,"time":"2026-03-05T08:22:50.274Z","logId":1772619286844,"logger":"FriendWorker","msg":"FriendWorker starting..."}
{"level":30,"time":"2026-03-05T08:22:50.274Z","logId":1772619286844,"logger":"NotificationWorker","msg":"NotificationWorker starting..."}
{"level":30,"time":"2026-03-05T08:22:50.274Z","logId":1772619286844,"logger":"FeedWorker","msg":"FeedWorker starting..."}
{"level":30,"time":"2026-03-05T08:22:50.274Z","logId":1772619286844,"logger":"SurfWorker","msg":"SurfWorker starting..."}
{"level":50,"time":"2026-03-05T08:22:50.571Z","logId":1772619286844,"logger":"LoginService","row":1,"phone":"longh1248@gmail.com","proxy":"http://103.84.95.54:7890","err":"Client network socket disconnected before secure TLS connection was established","msg":"ACCOUNT_PROCESS_ERROR"}
{"level":30,"time":"2026-03-05T08:22:50.571Z","logId":1772619286844,"logger":"LoginService","msg":"LOGIN summary: success=0 alreadyOk=0 relogin=0 fail=1"}
{"level":30,"time":"2026-03-05T08:23:50.289Z","logId":1772619286844,"logger":"LoginService","msg":"Initializing background workers..."}
{"level":30,"time":"2026-03-05T08:23:50.289Z","logId":1772619286844,"logger":"FriendWorker","msg":"FriendWorker starting..."}
{"level":30,"time":"2026-03-05T08:23:50.290Z","logId":1772619286844,"logger":"NotificationWorker","msg":"NotificationWorker starting..."}
{"level":30,"time":"2026-03-05T08:23:50.290Z","logId":1772619286844,"logger":"FeedWorker","msg":"FeedWorker starting..."}
{"level":30,"time":"2026-03-05T08:23:50.290Z","logId":1772619286844,"logger":"SurfWorker","msg":"SurfWorker starting..."}
{"level":50,"time":"2026-03-05T08:23:50.424Z","logId":1772619286844,"logger":"LoginService","row":1,"phone":"longh1248@gmail.com","proxy":"http://103.84.95.54:7890","err":"Client network socket disconnected before secure TLS connection was established","msg":"ACCOUNT_PROCESS_ERROR"}
{"level":30,"time":"2026-03-05T08:23:50.424Z","logId":1772619286844,"logger":"LoginService","msg":"LOGIN summary: success=0 alreadyOk=0 relogin=0 fail=1"}
{"level":30,"time":"2026-03-05T08:24:50.293Z","logId":1772619286844,"logger":"LoginService","msg":"Initializing background workers..."}
{"level":30,"time":"2026-03-05T08:24:50.293Z","logId":1772619286844,"logger":"FriendWorker","msg":"FriendWorker starting..."}
{"level":30,"time":"2026-03-05T08:24:50.293Z","logId":1772619286844,"logger":"NotificationWorker","msg":"NotificationWorker starting..."}
{"level":30,"time":"2026-03-05T08:24:50.293Z","logId":1772619286844,"logger":"FeedWorker","msg":"FeedWorker starting..."}
{"level":30,"time":"2026-03-05T08:24:50.293Z","logId":1772619286844,"logger":"SurfWorker","msg":"SurfWorker starting..."}
{"level":50,"time":"2026-03-05T08:24:50.603Z","logId":1772619286844,"logger":"LoginService","row":1,"phone":"longh1248@gmail.com","proxy":"http://103.84.95.54:7890","err":"Client network socket disconnected before secure TLS connection was established","msg":"ACCOUNT_PROCESS_ERROR"}
{"level":30,"time":"2026-03-05T08:24:50.603Z","logId":1772619286844,"logger":"LoginService","msg":"LOGIN summary: success=0 alreadyOk=0 relogin=0 fail=1"}
{"level":30,"time":"2026-03-05T08:25:50.299Z","logId":1772619286844,"logger":"LoginService","msg":"Initializing background workers..."}
{"level":30,"time":"2026-03-05T08:25:50.299Z","logId":1772619286844,"logger":"FriendWorker","msg":"FriendWorker starting..."}
{"level":30,"time":"2026-03-05T08:25:50.299Z","logId":1772619286844,"logger":"NotificationWorker","msg":"NotificationWorker starting..."}
{"level":30,"time":"2026-03-05T08:25:50.299Z","logId":1772619286844,"logger":"FeedWorker","msg":"FeedWorker starting..."}
{"level":30,"time":"2026-03-05T08:25:50.299Z","logId":1772619286844,"logger":"SurfWorker","msg":"SurfWorker starting..."}
{"level":50,"time":"2026-03-05T08:25:50.444Z","logId":1772619286844,"logger":"LoginService","row":1,"phone":"longh1248@gmail.com","proxy":"http://103.84.95.54:7890","err":"Client network socket disconnected before secure TLS connection was established","msg":"ACCOUNT_PROCESS_ERROR"}
{"level":30,"time":"2026-03-05T08:25:50.444Z","logId":1772619286844,"logger":"LoginService","msg":"LOGIN summary: success=0 alreadyOk=0 relogin=0 fail=1"}
{"level":30,"time":"2026-03-05T08:26:50.315Z","logId":1772619286844,"logger":"LoginService","msg":"Initializing background workers..."}
{"level":30,"time":"2026-03-05T08:26:50.315Z","logId":1772619286844,"logger":"FriendWorker","msg":"FriendWorker starting..."}
{"level":30,"time":"2026-03-05T08:26:50.315Z","logId":1772619286844,"logger":"NotificationWorker","msg":"NotificationWorker starting..."}
{"level":30,"time":"2026-03-05T08:26:50.315Z","logId":1772619286844,"logger":"FeedWorker","msg":"FeedWorker starting..."}
{"level":30,"time":"2026-03-05T08:26:50.315Z","logId":1772619286844,"logger":"SurfWorker","msg":"SurfWorker starting..."}
{"level":50,"time":"2026-03-05T08:26:50.546Z","logId":1772619286844,"logger":"LoginService","row":1,"phone":"longh1248@gmail.com","proxy":"http://103.84.95.54:7890","err":"Client network socket disconnected before secure TLS connection was established","msg":"ACCOUNT_PROCESS_ERROR"}
{"level":30,"time":"2026-03-05T08:26:50.546Z","logId":1772619286844,"logger":"LoginService","msg":"LOGIN summary: success=0 alreadyOk=0 relogin=0 fail=1"}
{"level":30,"time":"2026-03-05T08:27:50.314Z","logId":1772619286844,"logger":"LoginService","msg":"Initializing background workers..."}
{"level":30,"time":"2026-03-05T08:27:50.314Z","logId":1772619286844,"logger":"FriendWorker","msg":"FriendWorker starting..."}
{"level":30,"time":"2026-03-05T08:27:50.314Z","logId":1772619286844,"logger":"NotificationWorker","msg":"NotificationWorker starting..."}
{"level":30,"time":"2026-03-05T08:27:50.314Z","logId":1772619286844,"logger":"FeedWorker","msg":"FeedWorker starting..."}
{"level":30,"time":"2026-03-05T08:27:50.314Z","logId":1772619286844,"logger":"SurfWorker","msg":"SurfWorker starting..."}
{"level":50,"time":"2026-03-05T08:27:50.461Z","logId":1772619286844,"logger":"LoginService","row":1,"phone":"longh1248@gmail.com","proxy":"http://103.84.95.54:7890","err":"Client network socket disconnected before secure TLS connection was established","msg":"ACCOUNT_PROCESS_ERROR"}
{"level":30,"time":"2026-03-05T08:27:50.461Z","logId":1772619286844,"logger":"LoginService","msg":"LOGIN summary: success=0 alreadyOk=0 relogin=0 fail=1"}
{"level":30,"time":"2026-03-05T08:28:50.330Z","logId":1772619286844,"logger":"LoginService","msg":"Initializing background workers..."}
{"level":30,"time":"2026-03-05T08:28:50.330Z","logId":1772619286844,"logger":"FriendWorker","msg":"FriendWorker starting..."}
{"level":30,"time":"2026-03-05T08:28:50.330Z","logId":1772619286844,"logger":"NotificationWorker","msg":"NotificationWorker starting..."}
{"level":30,"time":"2026-03-05T08:28:50.330Z","logId":1772619286844,"logger":"FeedWorker","msg":"FeedWorker starting..."}
{"level":30,"time":"2026-03-05T08:28:50.330Z","logId":1772619286844,"logger":"SurfWorker","msg":"SurfWorker starting..."}
{"level":50,"time":"2026-03-05T08:28:51.123Z","logId":1772619286844,"logger":"LoginService","row":1,"phone":"longh1248@gmail.com","proxy":"http://103.84.95.54:7890","err":"Client network socket disconnected before secure TLS connection was established","msg":"ACCOUNT_PROCESS_ERROR"}
{"level":30,"time":"2026-03-05T08:28:51.123Z","logId":1772619286844,"logger":"LoginService","msg":"LOGIN summary: success=0 alreadyOk=0 relogin=0 fail=1"}
{"level":30,"time":"2026-03-05T08:29:50.338Z","logId":1772619286844,"logger":"LoginService","msg":"Initializing background workers..."}
{"level":30,"time":"2026-03-05T08:29:50.338Z","logId":1772619286844,"logger":"FriendWorker","msg":"FriendWorker starting..."}
{"level":30,"time":"2026-03-05T08:29:50.338Z","logId":1772619286844,"logger":"NotificationWorker","msg":"NotificationWorker starting..."}
{"level":30,"time":"2026-03-05T08:29:50.338Z","logId":1772619286844,"logger":"FeedWorker","msg":"FeedWorker starting..."}
{"level":30,"time":"2026-03-05T08:29:50.338Z","logId":1772619286844,"logger":"SurfWorker","msg":"SurfWorker starting..."}
{"level":50,"time":"2026-03-05T08:29:51.047Z","logId":1772619286844,"logger":"LoginService","row":1,"phone":"longh1248@gmail.com","proxy":"http://103.84.95.54:7890","err":"Client network socket disconnected before secure TLS connection was established","msg":"ACCOUNT_PROCESS_ERROR"}
{"level":30,"time":"2026-03-05T08:29:51.047Z","logId":1772619286844,"logger":"LoginService","msg":"LOGIN summary: success=0 alreadyOk=0 relogin=0 fail=1"}
{"level":30,"time":"2026-03-05T08:30:50.339Z","logId":1772619286844,"logger":"LoginService","msg":"Initializing background workers..."}
{"level":30,"time":"2026-03-05T08:30:50.339Z","logId":1772619286844,"logger":"FriendWorker","msg":"FriendWorker starting..."}
{"level":30,"time":"2026-03-05T08:30:50.339Z","logId":1772619286844,"logger":"NotificationWorker","msg":"NotificationWorker starting..."}
{"level":30,"time":"2026-03-05T08:30:50.339Z","logId":1772619286844,"logger":"FeedWorker","msg":"FeedWorker starting..."}
{"level":30,"time":"2026-03-05T08:30:50.339Z","logId":1772619286844,"logger":"SurfWorker","msg":"SurfWorker starting..."}
{"level":50,"time":"2026-03-05T08:30:50.461Z","logId":1772619286844,"logger":"LoginService","row":1,"phone":"longh1248@gmail.com","proxy":"http://103.84.95.54:7890","err":"Client network socket disconnected before secure TLS connection was established","msg":"ACCOUNT_PROCESS_ERROR"}
{"level":30,"time":"2026-03-05T08:30:50.461Z","logId":1772619286844,"logger":"LoginService","msg":"LOGIN summary: success=0 alreadyOk=0 relogin=0 fail=1"}
{"level":30,"time":"2026-03-05T08:31:50.340Z","logId":1772619286844,"logger":"LoginService","msg":"Initializing background workers..."}
{"level":30,"time":"2026-03-05T08:31:50.340Z","logId":1772619286844,"logger":"FriendWorker","msg":"FriendWorker starting..."}
{"level":30,"time":"2026-03-05T08:31:50.340Z","logId":1772619286844,"logger":"NotificationWorker","msg":"NotificationWorker starting..."}
{"level":30,"time":"2026-03-05T08:31:50.340Z","logId":1772619286844,"logger":"FeedWorker","msg":"FeedWorker starting..."}
{"level":30,"time":"2026-03-05T08:31:50.340Z","logId":1772619286844,"logger":"SurfWorker","msg":"SurfWorker starting..."}
{"level":50,"time":"2026-03-05T08:31:51.003Z","logId":1772619286844,"logger":"LoginService","row":1,"phone":"longh1248@gmail.com","proxy":"http://103.84.95.54:7890","err":"Client network socket disconnected before secure TLS connection was established","msg":"ACCOUNT_PROCESS_ERROR"}
{"level":30,"time":"2026-03-05T08:31:51.003Z","logId":1772619286844,"logger":"LoginService","msg":"LOGIN summary: success=0 alreadyOk=0 relogin=0 fail=1"}
{"level":30,"time":"2026-03-05T08:32:50.342Z","logId":1772619286844,"logger":"LoginService","msg":"Initializing background workers..."}
{"level":30,"time":"2026-03-05T08:32:50.342Z","logId":1772619286844,"logger":"FriendWorker","msg":"FriendWorker starting..."}
{"level":30,"time":"2026-03-05T08:32:50.342Z","logId":1772619286844,"logger":"NotificationWorker","msg":"NotificationWorker starting..."}
{"level":30,"time":"2026-03-05T08:32:50.342Z","logId":1772619286844,"logger":"FeedWorker","msg":"FeedWorker starting..."}
{"level":30,"time":"2026-03-05T08:32:50.342Z","logId":1772619286844,"logger":"SurfWorker","msg":"SurfWorker starting..."}
{"level":50,"time":"2026-03-05T08:32:50.493Z","logId":1772619286844,"logger":"LoginService","row":1,"phone":"longh1248@gmail.com","proxy":"http://103.84.95.54:7890","err":"Client network socket disconnected before secure TLS connection was established","msg":"ACCOUNT_PROCESS_ERROR"}
{"level":30,"time":"2026-03-05T08:32:50.493Z","logId":1772619286844,"logger":"LoginService","msg":"LOGIN summary: success=0 alreadyOk=0 relogin=0 fail=1"}
{"level":30,"time":"2026-03-05T08:33:50.352Z","logId":1772619286844,"logger":"LoginService","msg":"Initializing background workers..."}
{"level":30,"time":"2026-03-05T08:33:50.352Z","logId":1772619286844,"logger":"FriendWorker","msg":"FriendWorker starting..."}
{"level":30,"time":"2026-03-05T08:33:50.352Z","logId":1772619286844,"logger":"NotificationWorker","msg":"NotificationWorker starting..."}
{"level":30,"time":"2026-03-05T08:33:50.352Z","logId":1772619286844,"logger":"FeedWorker","msg":"FeedWorker starting..."}
{"level":30,"time":"2026-03-05T08:33:50.352Z","logId":1772619286844,"logger":"SurfWorker","msg":"SurfWorker starting..."}
{"level":30,"time":"2026-03-05T08:34:06.013Z","logId":1772619286844,"logger":"LoginService","msg":"LOGIN summary: success=1 alreadyOk=0 relogin=1 fail=0"}
{"level":30,"time":"2026-03-05T08:34:50.360Z","logId":1772619286844,"logger":"LoginService","msg":"Initializing background workers..."}
{"level":30,"time":"2026-03-05T08:34:50.360Z","logId":1772619286844,"logger":"FriendWorker","msg":"FriendWorker starting..."}
{"level":30,"time":"2026-03-05T08:34:50.360Z","logId":1772619286844,"logger":"NotificationWorker","msg":"NotificationWorker starting..."}
{"level":30,"time":"2026-03-05T08:34:50.360Z","logId":1772619286844,"logger":"FeedWorker","msg":"FeedWorker starting..."}
{"level":30,"time":"2026-03-05T08:34:50.360Z","logId":1772619286844,"logger":"SurfWorker","msg":"SurfWorker starting..."}
{"level":50,"time":"2026-03-05T08:34:50.569Z","logId":1772619286844,"logger":"LoginService","row":1,"phone":"longh1248@gmail.com","proxy":"http://103.84.95.54:7890","err":"Client network socket disconnected before secure TLS connection was established","msg":"ACCOUNT_PROCESS_ERROR"}
{"level":30,"time":"2026-03-05T08:34:50.569Z","logId":1772619286844,"logger":"LoginService","msg":"LOGIN summary: success=0 alreadyOk=0 relogin=0 fail=1"}
{"level":30,"time":"2026-03-05T08:35:50.375Z","logId":1772619286844,"logger":"LoginService","msg":"Initializing background workers..."}
{"level":30,"time":"2026-03-05T08:35:50.375Z","logId":1772619286844,"logger":"FriendWorker","msg":"FriendWorker starting..."}
{"level":30,"time":"2026-03-05T08:35:50.375Z","logId":1772619286844,"logger":"NotificationWorker","msg":"NotificationWorker starting..."}
{"level":30,"time":"2026-03-05T08:35:50.375Z","logId":1772619286844,"logger":"FeedWorker","msg":"FeedWorker starting..."}
{"level":30,"time":"2026-03-05T08:35:50.375Z","logId":1772619286844,"logger":"SurfWorker","msg":"SurfWorker starting..."}
{"level":30,"time":"2026-03-05T08:35:51.410Z","logId":1772619286844,"logger":"LoginService","msg":"LOGIN summary: success=1 alreadyOk=0 relogin=1 fail=0"}
{"level":30,"time":"2026-03-05T08:36:50.392Z","logId":1772619286844,"logger":"LoginService","msg":"Initializing background workers..."}
{"level":30,"time":"2026-03-05T08:36:50.392Z","logId":1772619286844,"logger":"FriendWorker","msg":"FriendWorker starting..."}
{"level":30,"time":"2026-03-05T08:36:50.392Z","logId":1772619286844,"logger":"NotificationWorker","msg":"NotificationWorker starting..."}
{"level":30,"time":"2026-03-05T08:36:50.392Z","logId":1772619286844,"logger":"FeedWorker","msg":"FeedWorker starting..."}
{"level":30,"time":"2026-03-05T08:36:50.392Z","logId":1772619286844,"logger":"SurfWorker","msg":"SurfWorker starting..."}
{"level":30,"time":"2026-03-05T08:36:50.900Z","logId":1772619286844,"logger":"LoginService","msg":"LOGIN summary: success=1 alreadyOk=0 relogin=1 fail=0"}
{"level":30,"time":"2026-03-05T08:37:50.403Z","logId":1772619286844,"logger":"LoginService","msg":"Initializing background workers..."}
{"level":30,"time":"2026-03-05T08:37:50.403Z","logId":1772619286844,"logger":"FriendWorker","msg":"FriendWorker starting..."}
{"level":30,"time":"2026-03-05T08:37:50.403Z","logId":1772619286844,"logger":"NotificationWorker","msg":"NotificationWorker starting..."}
{"level":30,"time":"2026-03-05T08:37:50.403Z","logId":1772619286844,"logger":"FeedWorker","msg":"FeedWorker starting..."}
{"level":30,"time":"2026-03-05T08:37:50.403Z","logId":1772619286844,"logger":"SurfWorker","msg":"SurfWorker starting..."}
{"level":50,"time":"2026-03-05T08:37:50.655Z","logId":1772619286844,"logger":"LoginService","row":1,"phone":"longh1248@gmail.com","proxy":"http://103.84.95.54:7890","err":"Client network socket disconnected before secure TLS connection was established","msg":"ACCOUNT_PROCESS_ERROR"}
{"level":30,"time":"2026-03-05T08:37:50.655Z","logId":1772619286844,"logger":"LoginService","msg":"LOGIN summary: success=0 alreadyOk=0 relogin=0 fail=1"}
{"level":30,"time":"2026-03-05T08:38:50.405Z","logId":1772619286844,"logger":"LoginService","msg":"Initializing background workers..."}
{"level":30,"time":"2026-03-05T08:38:50.405Z","logId":1772619286844,"logger":"FriendWorker","msg":"FriendWorker starting..."}
{"level":30,"time":"2026-03-05T08:38:50.405Z","logId":1772619286844,"logger":"NotificationWorker","msg":"NotificationWorker starting..."}
{"level":30,"time":"2026-03-05T08:38:50.405Z","logId":1772619286844,"logger":"FeedWorker","msg":"FeedWorker starting..."}
{"level":30,"time":"2026-03-05T08:38:50.405Z","logId":1772619286844,"logger":"SurfWorker","msg":"SurfWorker starting..."}
{"level":30,"time":"2026-03-05T08:38:51.310Z","logId":1772619286844,"logger":"LoginService","msg":"LOGIN summary: success=1 alreadyOk=0 relogin=1 fail=0"}
{"level":30,"time":"2026-03-05T08:39:50.415Z","logId":1772619286844,"logger":"LoginService","msg":"Initializing background workers..."}
{"level":30,"time":"2026-03-05T08:39:50.415Z","logId":1772619286844,"logger":"FriendWorker","msg":"FriendWorker starting..."}
{"level":30,"time":"2026-03-05T08:39:50.415Z","logId":1772619286844,"logger":"NotificationWorker","msg":"NotificationWorker starting..."}
{"level":30,"time":"2026-03-05T08:39:50.415Z","logId":1772619286844,"logger":"FeedWorker","msg":"FeedWorker starting..."}
{"level":30,"time":"2026-03-05T08:39:50.415Z","logId":1772619286844,"logger":"SurfWorker","msg":"SurfWorker starting..."}
{"level":30,"time":"2026-03-05T08:39:52.846Z","logId":1772619286844,"logger":"LoginService","msg":"LOGIN summary: success=1 alreadyOk=0 relogin=0 fail=0"}
{"level":30,"time":"2026-03-05T08:40:50.415Z","logId":1772619286844,"logger":"LoginService","msg":"Initializing background workers..."}
{"level":30,"time":"2026-03-05T08:40:50.416Z","logId":1772619286844,"logger":"FriendWorker","msg":"FriendWorker starting..."}
{"level":30,"time":"2026-03-05T08:40:50.416Z","logId":1772619286844,"logger":"NotificationWorker","msg":"NotificationWorker starting..."}
{"level":30,"time":"2026-03-05T08:40:50.416Z","logId":1772619286844,"logger":"FeedWorker","msg":"FeedWorker starting..."}
{"level":30,"time":"2026-03-05T08:40:50.416Z","logId":1772619286844,"logger":"SurfWorker","msg":"SurfWorker starting..."}
{"level":50,"time":"2026-03-05T08:40:50.678Z","logId":1772619286844,"logger":"LoginService","row":1,"phone":"longh1248@gmail.com","proxy":"http://103.84.95.54:7890","err":"Client network socket disconnected before secure TLS connection was established","msg":"ACCOUNT_PROCESS_ERROR"}
{"level":30,"time":"2026-03-05T08:40:50.678Z","logId":1772619286844,"logger":"LoginService","msg":"LOGIN summary: success=0 alreadyOk=0 relogin=0 fail=1"}
{"level":30,"time":"2026-03-05T08:41:50.424Z","logId":1772619286844,"logger":"LoginService","msg":"Initializing background workers..."}
{"level":30,"time":"2026-03-05T08:41:50.425Z","logId":1772619286844,"logger":"FriendWorker","msg":"FriendWorker starting..."}
{"level":30,"time":"2026-03-05T08:41:50.425Z","logId":1772619286844,"logger":"NotificationWorker","msg":"NotificationWorker starting..."}
{"level":30,"time":"2026-03-05T08:41:50.425Z","logId":1772619286844,"logger":"FeedWorker","msg":"FeedWorker starting..."}
{"level":30,"time":"2026-03-05T08:41:50.425Z","logId":1772619286844,"logger":"SurfWorker","msg":"SurfWorker starting..."}
{"level":50,"time":"2026-03-05T08:41:50.547Z","logId":1772619286844,"logger":"LoginService","row":1,"phone":"longh1248@gmail.com","proxy":"http://103.84.95.54:7890","err":"Client network socket disconnected before secure TLS connection was established","msg":"ACCOUNT_PROCESS_ERROR"}
{"level":30,"time":"2026-03-05T08:41:50.547Z","logId":1772619286844,"logger":"LoginService","msg":"LOGIN summary: success=0 alreadyOk=0 relogin=0 fail=1"}
{"level":30,"time":"2026-03-05T08:42:50.434Z","logId":1772619286844,"logger":"LoginService","msg":"Initializing background workers..."}
{"level":30,"time":"2026-03-05T08:42:50.434Z","logId":1772619286844,"logger":"FriendWorker","msg":"FriendWorker starting..."}
{"level":30,"time":"2026-03-05T08:42:50.434Z","logId":1772619286844,"logger":"NotificationWorker","msg":"NotificationWorker starting..."}
{"level":30,"time":"2026-03-05T08:42:50.434Z","logId":1772619286844,"logger":"FeedWorker","msg":"FeedWorker starting..."}
{"level":30,"time":"2026-03-05T08:42:50.434Z","logId":1772619286844,"logger":"SurfWorker","msg":"SurfWorker starting..."}
{"level":50,"time":"2026-03-05T08:42:51.565Z","logId":1772619286844,"logger":"LoginService","row":1,"phone":"longh1248@gmail.com","proxy":"http://103.84.95.54:7890","err":"Client network socket disconnected before secure TLS connection was established","msg":"ACCOUNT_PROCESS_ERROR"}
{"level":30,"time":"2026-03-05T08:42:51.565Z","logId":1772619286844,"logger":"LoginService","msg":"LOGIN summary: success=0 alreadyOk=0 relogin=0 fail=1"}
{"level":30,"time":"2026-03-05T08:43:50.450Z","logId":1772619286844,"logger":"LoginService","msg":"Initializing background workers..."}
{"level":30,"time":"2026-03-05T08:43:50.450Z","logId":1772619286844,"logger":"FriendWorker","msg":"FriendWorker starting..."}
{"level":30,"time":"2026-03-05T08:43:50.450Z","logId":1772619286844,"logger":"NotificationWorker","msg":"NotificationWorker starting..."}
{"level":30,"time":"2026-03-05T08:43:50.450Z","logId":1772619286844,"logger":"FeedWorker","msg":"FeedWorker starting..."}
{"level":30,"time":"2026-03-05T08:43:50.450Z","logId":1772619286844,"logger":"SurfWorker","msg":"SurfWorker starting..."}
{"level":30,"time":"2026-03-05T08:43:50.975Z","logId":1772619286844,"logger":"LoginService","msg":"LOGIN summary: success=1 alreadyOk=0 relogin=1 fail=0"}
{"level":30,"time":"2026-03-05T08:44:50.465Z","logId":1772619286844,"logger":"LoginService","msg":"Initializing background workers..."}
{"level":30,"time":"2026-03-05T08:44:50.466Z","logId":1772619286844,"logger":"FriendWorker","msg":"FriendWorker starting..."}
{"level":30,"time":"2026-03-05T08:44:50.466Z","logId":1772619286844,"logger":"NotificationWorker","msg":"NotificationWorker starting..."}
{"level":30,"time":"2026-03-05T08:44:50.466Z","logId":1772619286844,"logger":"FeedWorker","msg":"FeedWorker starting..."}
{"level":30,"time":"2026-03-05T08:44:50.466Z","logId":1772619286844,"logger":"SurfWorker","msg":"SurfWorker starting..."}
{"level":30,"time":"2026-03-05T08:44:51.379Z","logId":1772619286844,"logger":"LoginService","msg":"LOGIN summary: success=1 alreadyOk=0 relogin=1 fail=0"}
{"level":30,"time":"2026-03-05T08:45:50.468Z","logId":1772619286844,"logger":"LoginService","msg":"Initializing background workers..."}
{"level":30,"time":"2026-03-05T08:45:50.468Z","logId":1772619286844,"logger":"FriendWorker","msg":"FriendWorker starting..."}
{"level":30,"time":"2026-03-05T08:45:50.468Z","logId":1772619286844,"logger":"NotificationWorker","msg":"NotificationWorker starting..."}
{"level":30,"time":"2026-03-05T08:45:50.468Z","logId":1772619286844,"logger":"FeedWorker","msg":"FeedWorker starting..."}
{"level":30,"time":"2026-03-05T08:45:50.468Z","logId":1772619286844,"logger":"SurfWorker","msg":"SurfWorker starting..."}
{"level":30,"time":"2026-03-05T08:45:51.098Z","logId":1772619286844,"logger":"LoginService","msg":"LOGIN summary: success=1 alreadyOk=0 relogin=0 fail=0"}
{"level":30,"time":"2026-03-05T08:46:50.470Z","logId":1772619286844,"logger":"LoginService","msg":"Initializing background workers..."}
{"level":30,"time":"2026-03-05T08:46:50.470Z","logId":1772619286844,"logger":"FriendWorker","msg":"FriendWorker starting..."}
{"level":30,"time":"2026-03-05T08:46:50.470Z","logId":1772619286844,"logger":"NotificationWorker","msg":"NotificationWorker starting..."}
{"level":30,"time":"2026-03-05T08:46:50.470Z","logId":1772619286844,"logger":"FeedWorker","msg":"FeedWorker starting..."}
{"level":30,"time":"2026-03-05T08:46:50.470Z","logId":1772619286844,"logger":"SurfWorker","msg":"SurfWorker starting..."}
{"level":30,"time":"2026-03-05T08:46:52.628Z","logId":1772619286844,"logger":"LoginService","msg":"LOGIN summary: success=1 alreadyOk=0 relogin=1 fail=0"}
{"level":30,"time":"2026-03-05T08:47:50.486Z","logId":1772619286844,"logger":"LoginService","msg":"Initializing background workers..."}
{"level":30,"time":"2026-03-05T08:47:50.486Z","logId":1772619286844,"logger":"FriendWorker","msg":"FriendWorker starting..."}
{"level":30,"time":"2026-03-05T08:47:50.486Z","logId":1772619286844,"logger":"NotificationWorker","msg":"NotificationWorker starting..."}
{"level":30,"time":"2026-03-05T08:47:50.486Z","logId":1772619286844,"logger":"FeedWorker","msg":"FeedWorker starting..."}
{"level":30,"time":"2026-03-05T08:47:50.486Z","logId":1772619286844,"logger":"SurfWorker","msg":"SurfWorker starting..."}
{"level":30,"time":"2026-03-05T08:47:51.994Z","logId":1772619286844,"logger":"LoginService","msg":"LOGIN summary: success=1 alreadyOk=0 relogin=0 fail=0"}
{"level":30,"time":"2026-03-05T08:48:50.490Z","logId":1772619286844,"logger":"LoginService","msg":"Initializing background workers..."}
{"level":30,"time":"2026-03-05T08:48:50.490Z","logId":1772619286844,"logger":"FriendWorker","msg":"FriendWorker starting..."}
{"level":30,"time":"2026-03-05T08:48:50.490Z","logId":1772619286844,"logger":"NotificationWorker","msg":"NotificationWorker starting..."}
{"level":30,"time":"2026-03-05T08:48:50.490Z","logId":1772619286844,"logger":"FeedWorker","msg":"FeedWorker starting..."}
{"level":30,"time":"2026-03-05T08:48:50.490Z","logId":1772619286844,"logger":"SurfWorker","msg":"SurfWorker starting..."}
{"level":30,"time":"2026-03-05T08:48:51.025Z","logId":1772619286844,"logger":"LoginService","msg":"LOGIN summary: success=1 alreadyOk=0 relogin=1 fail=0"}
{"level":30,"time":"2026-03-05T08:49:50.500Z","logId":1772619286844,"logger":"LoginService","msg":"Initializing background workers..."}
{"level":30,"time":"2026-03-05T08:49:50.500Z","logId":1772619286844,"logger":"FriendWorker","msg":"FriendWorker starting..."}
{"level":30,"time":"2026-03-05T08:49:50.500Z","logId":1772619286844,"logger":"NotificationWorker","msg":"NotificationWorker starting..."}
{"level":30,"time":"2026-03-05T08:49:50.500Z","logId":1772619286844,"logger":"FeedWorker","msg":"FeedWorker starting..."}
{"level":30,"time":"2026-03-05T08:49:50.500Z","logId":1772619286844,"logger":"SurfWorker","msg":"SurfWorker starting..."}
{"level":30,"time":"2026-03-05T08:49:51.035Z","logId":1772619286844,"logger":"LoginService","msg":"LOGIN summary: success=1 alreadyOk=0 relogin=1 fail=0"}
{"level":30,"time":"2026-03-05T08:50:50.504Z","logId":1772619286844,"logger":"LoginService","msg":"Initializing background workers..."}
{"level":30,"time":"2026-03-05T08:50:50.504Z","logId":1772619286844,"logger":"FriendWorker","msg":"FriendWorker starting..."}
{"level":30,"time":"2026-03-05T08:50:50.504Z","logId":1772619286844,"logger":"NotificationWorker","msg":"NotificationWorker starting..."}
{"level":30,"time":"2026-03-05T08:50:50.504Z","logId":1772619286844,"logger":"FeedWorker","msg":"FeedWorker starting..."}
{"level":30,"time":"2026-03-05T08:50:50.504Z","logId":1772619286844,"logger":"SurfWorker","msg":"SurfWorker starting..."}
{"level":50,"time":"2026-03-05T08:50:50.646Z","logId":1772619286844,"logger":"LoginService","row":1,"phone":"longh1248@gmail.com","proxy":"http://103.84.95.54:7890","err":"Client network socket disconnected before secure TLS connection was established","msg":"ACCOUNT_PROCESS_ERROR"}
{"level":30,"time":"2026-03-05T08:50:50.646Z","logId":1772619286844,"logger":"LoginService","msg":"LOGIN summary: success=0 alreadyOk=0 relogin=0 fail=1"}
{"level":30,"time":"2026-03-05T08:51:50.516Z","logId":1772619286844,"logger":"LoginService","msg":"Initializing background workers..."}
{"level":30,"time":"2026-03-05T08:51:50.517Z","logId":1772619286844,"logger":"FriendWorker","msg":"FriendWorker starting..."}
{"level":30,"time":"2026-03-05T08:51:50.517Z","logId":1772619286844,"logger":"NotificationWorker","msg":"NotificationWorker starting..."}
{"level":30,"time":"2026-03-05T08:51:50.517Z","logId":1772619286844,"logger":"FeedWorker","msg":"FeedWorker starting..."}
{"level":30,"time":"2026-03-05T08:51:50.517Z","logId":1772619286844,"logger":"SurfWorker","msg":"SurfWorker starting..."}
{"level":50,"time":"2026-03-05T08:51:50.657Z","logId":1772619286844,"logger":"LoginService","row":1,"phone":"longh1248@gmail.com","proxy":"http://103.84.95.54:7890","err":"Client network socket disconnected before secure TLS connection was established","msg":"ACCOUNT_PROCESS_ERROR"}
{"level":30,"time":"2026-03-05T08:51:50.657Z","logId":1772619286844,"logger":"LoginService","msg":"LOGIN summary: success=0 alreadyOk=0 relogin=0 fail=1"}
{"level":30,"time":"2026-03-05T08:52:50.520Z","logId":1772619286844,"logger":"LoginService","msg":"Initializing background workers..."}
{"level":30,"time":"2026-03-05T08:52:50.521Z","logId":1772619286844,"logger":"FriendWorker","msg":"FriendWorker starting..."}
{"level":30,"time":"2026-03-05T08:52:50.521Z","logId":1772619286844,"logger":"NotificationWorker","msg":"NotificationWorker starting..."}
{"level":30,"time":"2026-03-05T08:52:50.521Z","logId":1772619286844,"logger":"FeedWorker","msg":"FeedWorker starting..."}
{"level":30,"time":"2026-03-05T08:52:50.521Z","logId":1772619286844,"logger":"SurfWorker","msg":"SurfWorker starting..."}
{"level":30,"time":"2026-03-05T08:52:51.253Z","logId":1772619286844,"logger":"LoginService","msg":"LOGIN summary: success=1 alreadyOk=0 relogin=1 fail=0"}
{"level":30,"time":"2026-03-05T08:53:50.529Z","logId":1772619286844,"logger":"LoginService","msg":"Initializing background workers..."}
{"level":30,"time":"2026-03-05T08:53:50.529Z","logId":1772619286844,"logger":"FriendWorker","msg":"FriendWorker starting..."}
{"level":30,"time":"2026-03-05T08:53:50.529Z","logId":1772619286844,"logger":"NotificationWorker","msg":"NotificationWorker starting..."}
{"level":30,"time":"2026-03-05T08:53:50.529Z","logId":1772619286844,"logger":"FeedWorker","msg":"FeedWorker starting..."}
{"level":30,"time":"2026-03-05T08:53:50.529Z","logId":1772619286844,"logger":"SurfWorker","msg":"SurfWorker starting..."}
{"level":30,"time":"2026-03-05T08:53:51.076Z","logId":1772619286844,"logger":"LoginService","msg":"LOGIN summary: success=1 alreadyOk=0 relogin=0 fail=0"}
{"level":30,"time":"2026-03-05T08:54:50.531Z","logId":1772619286844,"logger":"LoginService","msg":"Initializing background workers..."}
{"level":30,"time":"2026-03-05T08:54:50.532Z","logId":1772619286844,"logger":"FriendWorker","msg":"FriendWorker starting..."}
{"level":30,"time":"2026-03-05T08:54:50.532Z","logId":1772619286844,"logger":"NotificationWorker","msg":"NotificationWorker starting..."}
{"level":30,"time":"2026-03-05T08:54:50.532Z","logId":1772619286844,"logger":"FeedWorker","msg":"FeedWorker starting..."}
{"level":30,"time":"2026-03-05T08:54:50.532Z","logId":1772619286844,"logger":"SurfWorker","msg":"SurfWorker starting..."}
{"level":30,"time":"2026-03-05T08:54:51.100Z","logId":1772619286844,"logger":"LoginService","msg":"LOGIN summary: success=1 alreadyOk=0 relogin=1 fail=0"}
{"level":30,"time":"2026-03-05T08:55:50.533Z","logId":1772619286844,"logger":"LoginService","msg":"Initializing background workers..."}
{"level":30,"time":"2026-03-05T08:55:50.533Z","logId":1772619286844,"logger":"FriendWorker","msg":"FriendWorker starting..."}
{"level":30,"time":"2026-03-05T08:55:50.533Z","logId":1772619286844,"logger":"NotificationWorker","msg":"NotificationWorker starting..."}
{"level":30,"time":"2026-03-05T08:55:50.533Z","logId":1772619286844,"logger":"FeedWorker","msg":"FeedWorker starting..."}
{"level":30,"time":"2026-03-05T08:55:50.533Z","logId":1772619286844,"logger":"SurfWorker","msg":"SurfWorker starting..."}
{"level":50,"time":"2026-03-05T08:55:52.110Z","logId":1772619286844,"logger":"LoginService","row":1,"phone":"longh1248@gmail.com","proxy":"http://103.84.95.54:7890","err":"Client network socket disconnected before secure TLS connection was established","msg":"ACCOUNT_PROCESS_ERROR"}
{"level":30,"time":"2026-03-05T08:55:52.110Z","logId":1772619286844,"logger":"LoginService","msg":"LOGIN summary: success=0 alreadyOk=0 relogin=0 fail=1"}
{"level":30,"time":"2026-03-05T08:56:50.540Z","logId":1772619286844,"logger":"LoginService","msg":"Initializing background workers..."}
{"level":30,"time":"2026-03-05T08:56:50.540Z","logId":1772619286844,"logger":"FriendWorker","msg":"FriendWorker starting..."}
{"level":30,"time":"2026-03-05T08:56:50.540Z","logId":1772619286844,"logger":"NotificationWorker","msg":"NotificationWorker starting..."}
{"level":30,"time":"2026-03-05T08:56:50.540Z","logId":1772619286844,"logger":"FeedWorker","msg":"FeedWorker starting..."}
{"level":30,"time":"2026-03-05T08:56:50.540Z","logId":1772619286844,"logger":"SurfWorker","msg":"SurfWorker starting..."}
{"level":30,"time":"2026-03-05T08:56:51.335Z","logId":1772619286844,"logger":"LoginService","msg":"LOGIN summary: success=1 alreadyOk=0 relogin=1 fail=0"}
{"level":30,"time":"2026-03-05T08:57:50.540Z","logId":1772619286844,"logger":"LoginService","msg":"Initializing background workers..."}
{"level":30,"time":"2026-03-05T08:57:50.540Z","logId":1772619286844,"logger":"FriendWorker","msg":"FriendWorker starting..."}
{"level":30,"time":"2026-03-05T08:57:50.540Z","logId":1772619286844,"logger":"NotificationWorker","msg":"NotificationWorker starting..."}
{"level":30,"time":"2026-03-05T08:57:50.540Z","logId":1772619286844,"logger":"FeedWorker","msg":"FeedWorker starting..."}
{"level":30,"time":"2026-03-05T08:57:50.540Z","logId":1772619286844,"logger":"SurfWorker","msg":"SurfWorker starting..."}
{"level":30,"time":"2026-03-05T08:57:51.018Z","logId":1772619286844,"logger":"LoginService","msg":"LOGIN summary: success=1 alreadyOk=0 relogin=1 fail=0"}
{"level":30,"time":"2026-03-05T08:58:50.551Z","logId":1772619286844,"logger":"LoginService","msg":"Initializing background workers..."}
{"level":30,"time":"2026-03-05T08:58:50.551Z","logId":1772619286844,"logger":"FriendWorker","msg":"FriendWorker starting..."}
{"level":30,"time":"2026-03-05T08:58:50.551Z","logId":1772619286844,"logger":"NotificationWorker","msg":"NotificationWorker starting..."}
{"level":30,"time":"2026-03-05T08:58:50.551Z","logId":1772619286844,"logger":"FeedWorker","msg":"FeedWorker starting..."}
{"level":30,"time":"2026-03-05T08:58:50.551Z","logId":1772619286844,"logger":"SurfWorker","msg":"SurfWorker starting..."}
{"level":30,"time":"2026-03-05T08:58:51.044Z","logId":1772619286844,"logger":"LoginService","msg":"LOGIN summary: success=1 alreadyOk=0 relogin=1 fail=0"}
{"level":30,"time":"2026-03-05T08:59:50.557Z","logId":1772619286844,"logger":"LoginService","msg":"Initializing background workers..."}
{"level":30,"time":"2026-03-05T08:59:50.557Z","logId":1772619286844,"logger":"FriendWorker","msg":"FriendWorker starting..."}
{"level":30,"time":"2026-03-05T08:59:50.557Z","logId":1772619286844,"logger":"NotificationWorker","msg":"NotificationWorker starting..."}
{"level":30,"time":"2026-03-05T08:59:50.557Z","logId":1772619286844,"logger":"FeedWorker","msg":"FeedWorker starting..."}
{"level":30,"time":"2026-03-05T08:59:50.557Z","logId":1772619286844,"logger":"SurfWorker","msg":"SurfWorker starting..."}
{"level":50,"time":"2026-03-05T08:59:50.929Z","logId":1772619286844,"logger":"LoginService","row":1,"phone":"longh1248@gmail.com","proxy":"http://103.84.95.54:7890","err":"Client network socket disconnected before secure TLS connection was established","msg":"ACCOUNT_PROCESS_ERROR"}
{"level":30,"time":"2026-03-05T08:59:50.930Z","logId":1772619286844,"logger":"LoginService","msg":"LOGIN summary: success=0 alreadyOk=0 relogin=0 fail=1"}
{"level":30,"time":"2026-03-05T09:00:50.573Z","logId":1772619286844,"logger":"LoginService","msg":"Initializing background workers..."}
{"level":30,"time":"2026-03-05T09:00:50.573Z","logId":1772619286844,"logger":"FriendWorker","msg":"FriendWorker starting..."}
{"level":30,"time":"2026-03-05T09:00:50.573Z","logId":1772619286844,"logger":"NotificationWorker","msg":"NotificationWorker starting..."}
{"level":30,"time":"2026-03-05T09:00:50.573Z","logId":1772619286844,"logger":"FeedWorker","msg":"FeedWorker starting..."}
{"level":30,"time":"2026-03-05T09:00:50.573Z","logId":1772619286844,"logger":"SurfWorker","msg":"SurfWorker starting..."}
{"level":30,"time":"2026-03-05T09:00:51.911Z","logId":1772619286844,"logger":"LoginService","msg":"LOGIN summary: success=1 alreadyOk=0 relogin=1 fail=0"}
{"level":30,"time":"2026-03-05T09:01:50.579Z","logId":1772619286844,"logger":"LoginService","msg":"Initializing background workers..."}
{"level":30,"time":"2026-03-05T09:01:50.579Z","logId":1772619286844,"logger":"FriendWorker","msg":"FriendWorker starting..."}
{"level":30,"time":"2026-03-05T09:01:50.579Z","logId":1772619286844,"logger":"NotificationWorker","msg":"NotificationWorker starting..."}
{"level":30,"time":"2026-03-05T09:01:50.579Z","logId":1772619286844,"logger":"FeedWorker","msg":"FeedWorker starting..."}
{"level":30,"time":"2026-03-05T09:01:50.579Z","logId":1772619286844,"logger":"SurfWorker","msg":"SurfWorker starting..."}
{"level":30,"time":"2026-03-05T09:01:51.113Z","logId":1772619286844,"logger":"LoginService","msg":"LOGIN summary: success=1 alreadyOk=0 relogin=0 fail=0"}
{"level":30,"time":"2026-03-05T09:02:50.591Z","logId":1772619286844,"logger":"LoginService","msg":"Initializing background workers..."}
{"level":30,"time":"2026-03-05T09:02:50.591Z","logId":1772619286844,"logger":"FriendWorker","msg":"FriendWorker starting..."}
{"level":30,"time":"2026-03-05T09:02:50.591Z","logId":1772619286844,"logger":"NotificationWorker","msg":"NotificationWorker starting..."}
{"level":30,"time":"2026-03-05T09:02:50.591Z","logId":1772619286844,"logger":"FeedWorker","msg":"FeedWorker starting..."}
{"level":30,"time":"2026-03-05T09:02:50.591Z","logId":1772619286844,"logger":"SurfWorker","msg":"SurfWorker starting..."}
{"level":30,"time":"2026-03-05T09:02:51.352Z","logId":1772619286844,"logger":"LoginService","msg":"LOGIN summary: success=1 alreadyOk=0 relogin=1 fail=0"}
{"level":30,"time":"2026-03-05T09:03:50.596Z","logId":1772619286844,"logger":"LoginService","msg":"Initializing background workers..."}
{"level":30,"time":"2026-03-05T09:03:50.596Z","logId":1772619286844,"logger":"FriendWorker","msg":"FriendWorker starting..."}
{"level":30,"time":"2026-03-05T09:03:50.596Z","logId":1772619286844,"logger":"NotificationWorker","msg":"NotificationWorker starting..."}
{"level":30,"time":"2026-03-05T09:03:50.596Z","logId":1772619286844,"logger":"FeedWorker","msg":"FeedWorker starting..."}
{"level":30,"time":"2026-03-05T09:03:50.596Z","logId":1772619286844,"logger":"SurfWorker","msg":"SurfWorker starting..."}
{"level":50,"time":"2026-03-05T09:03:51.896Z","logId":1772619286844,"logger":"LoginService","row":1,"phone":"longh1248@gmail.com","proxy":"http://103.84.95.54:7890","err":"Client network socket disconnected before secure TLS connection was established","msg":"ACCOUNT_PROCESS_ERROR"}
{"level":30,"time":"2026-03-05T09:03:51.896Z","logId":1772619286844,"logger":"LoginService","msg":"LOGIN summary: success=0 alreadyOk=0 relogin=0 fail=1"}
{"level":30,"time":"2026-03-05T09:04:50.599Z","logId":1772619286844,"logger":"LoginService","msg":"Initializing background workers..."}
{"level":30,"time":"2026-03-05T09:04:50.599Z","logId":1772619286844,"logger":"FriendWorker","msg":"FriendWorker starting..."}
{"level":30,"time":"2026-03-05T09:04:50.599Z","logId":1772619286844,"logger":"NotificationWorker","msg":"NotificationWorker starting..."}
{"level":30,"time":"2026-03-05T09:04:50.599Z","logId":1772619286844,"logger":"FeedWorker","msg":"FeedWorker starting..."}
{"level":30,"time":"2026-03-05T09:04:50.599Z","logId":1772619286844,"logger":"SurfWorker","msg":"SurfWorker starting..."}
{"level":30,"time":"2026-03-05T09:04:51.089Z","logId":1772619286844,"logger":"LoginService","msg":"LOGIN summary: success=1 alreadyOk=0 relogin=1 fail=0"}
{"level":30,"time":"2026-03-05T09:05:50.605Z","logId":1772619286844,"logger":"LoginService","msg":"Initializing background workers..."}
{"level":30,"time":"2026-03-05T09:05:50.605Z","logId":1772619286844,"logger":"FriendWorker","msg":"FriendWorker starting..."}
{"level":30,"time":"2026-03-05T09:05:50.605Z","logId":1772619286844,"logger":"NotificationWorker","msg":"NotificationWorker starting..."}
{"level":30,"time":"2026-03-05T09:05:50.605Z","logId":1772619286844,"logger":"FeedWorker","msg":"FeedWorker starting..."}
{"level":30,"time":"2026-03-05T09:05:50.605Z","logId":1772619286844,"logger":"SurfWorker","msg":"SurfWorker starting..."}
{"level":50,"time":"2026-03-05T09:05:50.875Z","logId":1772619286844,"logger":"LoginService","row":1,"phone":"longh1248@gmail.com","proxy":"http://103.84.95.54:7890","err":"Client network socket disconnected before secure TLS connection was established","msg":"ACCOUNT_PROCESS_ERROR"}
{"level":30,"time":"2026-03-05T09:05:50.875Z","logId":1772619286844,"logger":"LoginService","msg":"LOGIN summary: success=0 alreadyOk=0 relogin=0 fail=1"}
{"level":30,"time":"2026-03-05T09:06:50.611Z","logId":1772619286844,"logger":"LoginService","msg":"Initializing background workers..."}
{"level":30,"time":"2026-03-05T09:06:50.612Z","logId":1772619286844,"logger":"FriendWorker","msg":"FriendWorker starting..."}
{"level":30,"time":"2026-03-05T09:06:50.612Z","logId":1772619286844,"logger":"NotificationWorker","msg":"NotificationWorker starting..."}
{"level":30,"time":"2026-03-05T09:06:50.612Z","logId":1772619286844,"logger":"FeedWorker","msg":"FeedWorker starting..."}
{"level":30,"time":"2026-03-05T09:06:50.612Z","logId":1772619286844,"logger":"SurfWorker","msg":"SurfWorker starting..."}
{"level":30,"time":"2026-03-05T09:06:51.559Z","logId":1772619286844,"logger":"LoginService","msg":"LOGIN summary: success=1 alreadyOk=0 relogin=1 fail=0"}
{"level":30,"time":"2026-03-05T09:07:50.615Z","logId":1772619286844,"logger":"LoginService","msg":"Initializing background workers..."}
{"level":30,"time":"2026-03-05T09:07:50.615Z","logId":1772619286844,"logger":"FriendWorker","msg":"FriendWorker starting..."}
{"level":30,"time":"2026-03-05T09:07:50.615Z","logId":1772619286844,"logger":"NotificationWorker","msg":"NotificationWorker starting..."}
{"level":30,"time":"2026-03-05T09:07:50.615Z","logId":1772619286844,"logger":"FeedWorker","msg":"FeedWorker starting..."}
{"level":30,"time":"2026-03-05T09:07:50.615Z","logId":1772619286844,"logger":"SurfWorker","msg":"SurfWorker starting..."}
{"level":30,"time":"2026-03-05T09:07:51.310Z","logId":1772619286844,"logger":"LoginService","msg":"LOGIN summary: success=1 alreadyOk=0 relogin=0 fail=0"}
{"level":30,"time":"2026-03-05T09:08:50.627Z","logId":1772619286844,"logger":"LoginService","msg":"Initializing background workers..."}
{"level":30,"time":"2026-03-05T09:08:50.627Z","logId":1772619286844,"logger":"FriendWorker","msg":"FriendWorker starting..."}
{"level":30,"time":"2026-03-05T09:08:50.627Z","logId":1772619286844,"logger":"NotificationWorker","msg":"NotificationWorker starting..."}
{"level":30,"time":"2026-03-05T09:08:50.627Z","logId":1772619286844,"logger":"FeedWorker","msg":"FeedWorker starting..."}
{"level":30,"time":"2026-03-05T09:08:50.627Z","logId":1772619286844,"logger":"SurfWorker","msg":"SurfWorker starting..."}
{"level":50,"time":"2026-03-05T09:08:51.096Z","logId":1772619286844,"logger":"LoginService","row":1,"phone":"longh1248@gmail.com","proxy":"http://103.84.95.54:7890","err":"Client network socket disconnected before secure TLS connection was established","msg":"ACCOUNT_PROCESS_ERROR"}
{"level":30,"time":"2026-03-05T09:08:51.096Z","logId":1772619286844,"logger":"LoginService","msg":"LOGIN summary: success=0 alreadyOk=0 relogin=0 fail=1"}
{"level":30,"time":"2026-03-05T09:09:50.633Z","logId":1772619286844,"logger":"LoginService","msg":"Initializing background workers..."}
{"level":30,"time":"2026-03-05T09:09:50.633Z","logId":1772619286844,"logger":"FriendWorker","msg":"FriendWorker starting..."}
{"level":30,"time":"2026-03-05T09:09:50.633Z","logId":1772619286844,"logger":"NotificationWorker","msg":"NotificationWorker starting..."}
{"level":30,"time":"2026-03-05T09:09:50.633Z","logId":1772619286844,"logger":"FeedWorker","msg":"FeedWorker starting..."}
{"level":30,"time":"2026-03-05T09:09:50.633Z","logId":1772619286844,"logger":"SurfWorker","msg":"SurfWorker starting..."}
{"level":30,"time":"2026-03-05T09:09:51.986Z","logId":1772619286844,"logger":"LoginService","msg":"LOGIN summary: success=1 alreadyOk=0 relogin=1 fail=0"}
{"level":30,"time":"2026-03-05T09:10:50.634Z","logId":1772619286844,"logger":"LoginService","msg":"Initializing background workers..."}
{"level":30,"time":"2026-03-05T09:10:50.634Z","logId":1772619286844,"logger":"FriendWorker","msg":"FriendWorker starting..."}
{"level":30,"time":"2026-03-05T09:10:50.634Z","logId":1772619286844,"logger":"NotificationWorker","msg":"NotificationWorker starting..."}
{"level":30,"time":"2026-03-05T09:10:50.634Z","logId":1772619286844,"logger":"FeedWorker","msg":"FeedWorker starting..."}
{"level":30,"time":"2026-03-05T09:10:50.634Z","logId":1772619286844,"logger":"SurfWorker","msg":"SurfWorker starting..."}
{"level":50,"time":"2026-03-05T09:10:50.756Z","logId":1772619286844,"logger":"LoginService","row":1,"phone":"longh1248@gmail.com","proxy":"http://103.84.95.54:7890","err":"Client network socket disconnected before secure TLS connection was established","msg":"ACCOUNT_PROCESS_ERROR"}
{"level":30,"time":"2026-03-05T09:10:50.757Z","logId":1772619286844,"logger":"LoginService","msg":"LOGIN summary: success=0 alreadyOk=0 relogin=0 fail=1"}
{"level":30,"time":"2026-03-05T09:11:50.643Z","logId":1772619286844,"logger":"LoginService","msg":"Initializing background workers..."}
{"level":30,"time":"2026-03-05T09:11:50.643Z","logId":1772619286844,"logger":"FriendWorker","msg":"FriendWorker starting..."}
{"level":30,"time":"2026-03-05T09:11:50.643Z","logId":1772619286844,"logger":"NotificationWorker","msg":"NotificationWorker starting..."}
{"level":30,"time":"2026-03-05T09:11:50.643Z","logId":1772619286844,"logger":"FeedWorker","msg":"FeedWorker starting..."}
{"level":30,"time":"2026-03-05T09:11:50.643Z","logId":1772619286844,"logger":"SurfWorker","msg":"SurfWorker starting..."}
{"level":50,"time":"2026-03-05T09:11:50.834Z","logId":1772619286844,"logger":"LoginService","row":1,"phone":"longh1248@gmail.com","proxy":"http://103.84.95.54:7890","err":"read ECONNRESET","msg":"ACCOUNT_PROCESS_ERROR"}
{"level":30,"time":"2026-03-05T09:11:50.834Z","logId":1772619286844,"logger":"LoginService","msg":"LOGIN summary: success=0 alreadyOk=0 relogin=0 fail=1"}
{"level":30,"time":"2026-03-05T09:12:50.647Z","logId":1772619286844,"logger":"LoginService","msg":"Initializing background workers..."}
{"level":30,"time":"2026-03-05T09:12:50.647Z","logId":1772619286844,"logger":"FriendWorker","msg":"FriendWorker starting..."}
{"level":30,"time":"2026-03-05T09:12:50.647Z","logId":1772619286844,"logger":"NotificationWorker","msg":"NotificationWorker starting..."}
{"level":30,"time":"2026-03-05T09:12:50.647Z","logId":1772619286844,"logger":"FeedWorker","msg":"FeedWorker starting..."}
{"level":30,"time":"2026-03-05T09:12:50.647Z","logId":1772619286844,"logger":"SurfWorker","msg":"SurfWorker starting..."}
{"level":50,"time":"2026-03-05T09:12:51.506Z","logId":1772619286844,"logger":"LoginService","row":1,"phone":"longh1248@gmail.com","proxy":"http://103.84.95.54:7890","err":"read ECONNRESET","msg":"ACCOUNT_PROCESS_ERROR"}
{"level":30,"time":"2026-03-05T09:12:51.506Z","logId":1772619286844,"logger":"LoginService","msg":"LOGIN summary: success=0 alreadyOk=0 relogin=0 fail=1"}
{"level":30,"time":"2026-03-05T09:13:50.652Z","logId":1772619286844,"logger":"LoginService","msg":"Initializing background workers..."}
{"level":30,"time":"2026-03-05T09:13:50.652Z","logId":1772619286844,"logger":"FriendWorker","msg":"FriendWorker starting..."}
{"level":30,"time":"2026-03-05T09:13:50.652Z","logId":1772619286844,"logger":"NotificationWorker","msg":"NotificationWorker starting..."}
{"level":30,"time":"2026-03-05T09:13:50.652Z","logId":1772619286844,"logger":"FeedWorker","msg":"FeedWorker starting..."}
{"level":30,"time":"2026-03-05T09:13:50.652Z","logId":1772619286844,"logger":"SurfWorker","msg":"SurfWorker starting..."}
{"level":50,"time":"2026-03-05T09:13:50.831Z","logId":1772619286844,"logger":"LoginService","row":1,"phone":"longh1248@gmail.com","proxy":"http://103.84.95.54:7890","err":"read ECONNRESET","msg":"ACCOUNT_PROCESS_ERROR"}
{"level":30,"time":"2026-03-05T09:13:50.831Z","logId":1772619286844,"logger":"LoginService","msg":"LOGIN summary: success=0 alreadyOk=0 relogin=0 fail=1"}
{"level":30,"time":"2026-03-05T09:14:50.661Z","logId":1772619286844,"logger":"LoginService","msg":"Initializing background workers..."}
{"level":30,"time":"2026-03-05T09:14:50.661Z","logId":1772619286844,"logger":"FriendWorker","msg":"FriendWorker starting..."}
{"level":30,"time":"2026-03-05T09:14:50.661Z","logId":1772619286844,"logger":"NotificationWorker","msg":"NotificationWorker starting..."}
{"level":30,"time":"2026-03-05T09:14:50.661Z","logId":1772619286844,"logger":"FeedWorker","msg":"FeedWorker starting..."}
{"level":30,"time":"2026-03-05T09:14:50.661Z","logId":1772619286844,"logger":"SurfWorker","msg":"SurfWorker starting..."}
{"level":50,"time":"2026-03-05T09:14:53.348Z","logId":1772619286844,"logger":"LoginService","row":1,"phone":"longh1248@gmail.com","proxy":"http://103.84.95.54:7890","err":"read ECONNRESET","msg":"ACCOUNT_PROCESS_ERROR"}
{"level":30,"time":"2026-03-05T09:14:53.348Z","logId":1772619286844,"logger":"LoginService","msg":"LOGIN summary: success=0 alreadyOk=0 relogin=0 fail=1"}
{"level":30,"time":"2026-03-05T09:15:50.670Z","logId":1772619286844,"logger":"LoginService","msg":"Initializing background workers..."}
{"level":30,"time":"2026-03-05T09:15:50.670Z","logId":1772619286844,"logger":"FriendWorker","msg":"FriendWorker starting..."}
{"level":30,"time":"2026-03-05T09:15:50.670Z","logId":1772619286844,"logger":"NotificationWorker","msg":"NotificationWorker starting..."}
{"level":30,"time":"2026-03-05T09:15:50.670Z","logId":1772619286844,"logger":"FeedWorker","msg":"FeedWorker starting..."}
{"level":30,"time":"2026-03-05T09:15:50.670Z","logId":1772619286844,"logger":"SurfWorker","msg":"SurfWorker starting..."}
{"level":50,"time":"2026-03-05T09:15:50.864Z","logId":1772619286844,"logger":"LoginService","row":1,"phone":"longh1248@gmail.com","proxy":"http://103.84.95.54:7890","err":"read ECONNRESET","msg":"ACCOUNT_PROCESS_ERROR"}
{"level":30,"time":"2026-03-05T09:15:50.864Z","logId":1772619286844,"logger":"LoginService","msg":"LOGIN summary: success=0 alreadyOk=0 relogin=0 fail=1"}
{"level":30,"time":"2026-03-05T09:16:50.677Z","logId":1772619286844,"logger":"LoginService","msg":"Initializing background workers..."}
{"level":30,"time":"2026-03-05T09:16:50.678Z","logId":1772619286844,"logger":"FriendWorker","msg":"FriendWorker starting..."}
{"level":30,"time":"2026-03-05T09:16:50.678Z","logId":1772619286844,"logger":"NotificationWorker","msg":"NotificationWorker starting..."}
{"level":30,"time":"2026-03-05T09:16:50.678Z","logId":1772619286844,"logger":"FeedWorker","msg":"FeedWorker starting..."}
{"level":30,"time":"2026-03-05T09:16:50.678Z","logId":1772619286844,"logger":"SurfWorker","msg":"SurfWorker starting..."}
{"level":50,"time":"2026-03-05T09:16:50.833Z","logId":1772619286844,"logger":"LoginService","row":1,"phone":"longh1248@gmail.com","proxy":"http://103.84.95.54:7890","err":"Client network socket disconnected before secure TLS connection was established","msg":"ACCOUNT_PROCESS_ERROR"}
{"level":30,"time":"2026-03-05T09:16:50.833Z","logId":1772619286844,"logger":"LoginService","msg":"LOGIN summary: success=0 alreadyOk=0 relogin=0 fail=1"}
{"level":30,"time":"2026-03-05T09:17:50.691Z","logId":1772619286844,"logger":"LoginService","msg":"Initializing background workers..."}
{"level":30,"time":"2026-03-05T09:17:50.691Z","logId":1772619286844,"logger":"FriendWorker","msg":"FriendWorker starting..."}
{"level":30,"time":"2026-03-05T09:17:50.691Z","logId":1772619286844,"logger":"NotificationWorker","msg":"NotificationWorker starting..."}
{"level":30,"time":"2026-03-05T09:17:50.691Z","logId":1772619286844,"logger":"FeedWorker","msg":"FeedWorker starting..."}
{"level":30,"time":"2026-03-05T09:17:50.691Z","logId":1772619286844,"logger":"SurfWorker","msg":"SurfWorker starting..."}
{"level":30,"time":"2026-03-05T09:17:51.597Z","logId":1772619286844,"logger":"LoginService","msg":"LOGIN summary: success=1 alreadyOk=0 relogin=1 fail=0"}
{"level":30,"time":"2026-03-05T09:18:50.692Z","logId":1772619286844,"logger":"LoginService","msg":"Initializing background workers..."}
{"level":30,"time":"2026-03-05T09:18:50.692Z","logId":1772619286844,"logger":"FriendWorker","msg":"FriendWorker starting..."}
{"level":30,"time":"2026-03-05T09:18:50.692Z","logId":1772619286844,"logger":"NotificationWorker","msg":"NotificationWorker starting..."}
{"level":30,"time":"2026-03-05T09:18:50.692Z","logId":1772619286844,"logger":"FeedWorker","msg":"FeedWorker starting..."}
{"level":30,"time":"2026-03-05T09:18:50.692Z","logId":1772619286844,"logger":"SurfWorker","msg":"SurfWorker starting..."}
{"level":50,"time":"2026-03-05T09:18:50.926Z","logId":1772619286844,"logger":"LoginService","row":1,"phone":"longh1248@gmail.com","proxy":"http://103.84.95.54:7890","err":"read ECONNRESET","msg":"ACCOUNT_PROCESS_ERROR"}
{"level":30,"time":"2026-03-05T09:18:50.926Z","logId":1772619286844,"logger":"LoginService","msg":"LOGIN summary: success=0 alreadyOk=0 relogin=0 fail=1"}
{"level":30,"time":"2026-03-05T09:19:50.707Z","logId":1772619286844,"logger":"LoginService","msg":"Initializing background workers..."}
{"level":30,"time":"2026-03-05T09:19:50.708Z","logId":1772619286844,"logger":"FriendWorker","msg":"FriendWorker starting..."}
{"level":30,"time":"2026-03-05T09:19:50.708Z","logId":1772619286844,"logger":"NotificationWorker","msg":"NotificationWorker starting..."}
{"level":30,"time":"2026-03-05T09:19:50.708Z","logId":1772619286844,"logger":"FeedWorker","msg":"FeedWorker starting..."}
{"level":30,"time":"2026-03-05T09:19:50.708Z","logId":1772619286844,"logger":"SurfWorker","msg":"SurfWorker starting..."}
{"level":50,"time":"2026-03-05T09:19:51.133Z","logId":1772619286844,"logger":"LoginService","row":1,"phone":"longh1248@gmail.com","proxy":"http://103.84.95.54:7890","err":"Client network socket disconnected before secure TLS connection was established","msg":"ACCOUNT_PROCESS_ERROR"}
{"level":30,"time":"2026-03-05T09:19:51.133Z","logId":1772619286844,"logger":"LoginService","msg":"LOGIN summary: success=0 alreadyOk=0 relogin=0 fail=1"}
{"level":30,"time":"2026-03-05T09:20:50.710Z","logId":1772619286844,"logger":"LoginService","msg":"Initializing background workers..."}
{"level":30,"time":"2026-03-05T09:20:50.710Z","logId":1772619286844,"logger":"FriendWorker","msg":"FriendWorker starting..."}
{"level":30,"time":"2026-03-05T09:20:50.710Z","logId":1772619286844,"logger":"NotificationWorker","msg":"NotificationWorker starting..."}
{"level":30,"time":"2026-03-05T09:20:50.710Z","logId":1772619286844,"logger":"FeedWorker","msg":"FeedWorker starting..."}
{"level":30,"time":"2026-03-05T09:20:50.710Z","logId":1772619286844,"logger":"SurfWorker","msg":"SurfWorker starting..."}
{"level":30,"time":"2026-03-05T09:20:51.323Z","logId":1772619286844,"logger":"LoginService","msg":"LOGIN summary: success=1 alreadyOk=0 relogin=1 fail=0"}
{"level":30,"time":"2026-03-05T09:21:50.718Z","logId":1772619286844,"logger":"LoginService","msg":"Initializing background workers..."}
{"level":30,"time":"2026-03-05T09:21:50.718Z","logId":1772619286844,"logger":"FriendWorker","msg":"FriendWorker starting..."}
{"level":30,"time":"2026-03-05T09:21:50.718Z","logId":1772619286844,"logger":"NotificationWorker","msg":"NotificationWorker starting..."}
{"level":30,"time":"2026-03-05T09:21:50.718Z","logId":1772619286844,"logger":"FeedWorker","msg":"FeedWorker starting..."}
{"level":30,"time":"2026-03-05T09:21:50.718Z","logId":1772619286844,"logger":"SurfWorker","msg":"SurfWorker starting..."}
{"level":50,"time":"2026-03-05T09:21:50.949Z","logId":1772619286844,"logger":"LoginService","row":1,"phone":"longh1248@gmail.com","proxy":"http://103.84.95.54:7890","err":"Client network socket disconnected before secure TLS connection was established","msg":"ACCOUNT_PROCESS_ERROR"}
{"level":30,"time":"2026-03-05T09:21:50.949Z","logId":1772619286844,"logger":"LoginService","msg":"LOGIN summary: success=0 alreadyOk=0 relogin=0 fail=1"}
{"level":30,"time":"2026-03-05T09:22:50.726Z","logId":1772619286844,"logger":"LoginService","msg":"Initializing background workers..."}
{"level":30,"time":"2026-03-05T09:22:50.726Z","logId":1772619286844,"logger":"FriendWorker","msg":"FriendWorker starting..."}
{"level":30,"time":"2026-03-05T09:22:50.726Z","logId":1772619286844,"logger":"NotificationWorker","msg":"NotificationWorker starting..."}
{"level":30,"time":"2026-03-05T09:22:50.726Z","logId":1772619286844,"logger":"FeedWorker","msg":"FeedWorker starting..."}
{"level":30,"time":"2026-03-05T09:22:50.726Z","logId":1772619286844,"logger":"SurfWorker","msg":"SurfWorker starting..."}
{"level":50,"time":"2026-03-05T09:22:50.854Z","logId":1772619286844,"logger":"LoginService","row":1,"phone":"longh1248@gmail.com","proxy":"http://103.84.95.54:7890","err":"Client network socket disconnected before secure TLS connection was established","msg":"ACCOUNT_PROCESS_ERROR"}
{"level":30,"time":"2026-03-05T09:22:50.854Z","logId":1772619286844,"logger":"LoginService","msg":"LOGIN summary: success=0 alreadyOk=0 relogin=0 fail=1"}
{"level":30,"time":"2026-03-05T09:23:50.743Z","logId":1772619286844,"logger":"LoginService","msg":"Initializing background workers..."}
{"level":30,"time":"2026-03-05T09:23:50.743Z","logId":1772619286844,"logger":"FriendWorker","msg":"FriendWorker starting..."}
{"level":30,"time":"2026-03-05T09:23:50.744Z","logId":1772619286844,"logger":"NotificationWorker","msg":"NotificationWorker starting..."}
{"level":30,"time":"2026-03-05T09:23:50.744Z","logId":1772619286844,"logger":"FeedWorker","msg":"FeedWorker starting..."}
{"level":30,"time":"2026-03-05T09:23:50.744Z","logId":1772619286844,"logger":"SurfWorker","msg":"SurfWorker starting..."}
{"level":50,"time":"2026-03-05T09:23:50.865Z","logId":1772619286844,"logger":"LoginService","row":1,"phone":"longh1248@gmail.com","proxy":"http://103.84.95.54:7890","err":"Client network socket disconnected before secure TLS connection was established","msg":"ACCOUNT_PROCESS_ERROR"}
{"level":30,"time":"2026-03-05T09:23:50.865Z","logId":1772619286844,"logger":"LoginService","msg":"LOGIN summary: success=0 alreadyOk=0 relogin=0 fail=1"}
{"level":30,"time":"2026-03-05T09:24:50.747Z","logId":1772619286844,"logger":"LoginService","msg":"Initializing background workers..."}
{"level":30,"time":"2026-03-05T09:24:50.747Z","logId":1772619286844,"logger":"FriendWorker","msg":"FriendWorker starting..."}
{"level":30,"time":"2026-03-05T09:24:50.747Z","logId":1772619286844,"logger":"NotificationWorker","msg":"NotificationWorker starting..."}
{"level":30,"time":"2026-03-05T09:24:50.747Z","logId":1772619286844,"logger":"FeedWorker","msg":"FeedWorker starting..."}
{"level":30,"time":"2026-03-05T09:24:50.747Z","logId":1772619286844,"logger":"SurfWorker","msg":"SurfWorker starting..."}
{"level":30,"time":"2026-03-05T09:24:51.433Z","logId":1772619286844,"logger":"LoginService","msg":"LOGIN summary: success=1 alreadyOk=0 relogin=1 fail=0"}
{"level":30,"time":"2026-03-05T09:25:50.750Z","logId":1772619286844,"logger":"LoginService","msg":"Initializing background workers..."}
{"level":30,"time":"2026-03-05T09:25:50.750Z","logId":1772619286844,"logger":"FriendWorker","msg":"FriendWorker starting..."}
{"level":30,"time":"2026-03-05T09:25:50.750Z","logId":1772619286844,"logger":"NotificationWorker","msg":"NotificationWorker starting..."}
{"level":30,"time":"2026-03-05T09:25:50.750Z","logId":1772619286844,"logger":"FeedWorker","msg":"FeedWorker starting..."}
{"level":30,"time":"2026-03-05T09:25:50.750Z","logId":1772619286844,"logger":"SurfWorker","msg":"SurfWorker starting..."}
{"level":30,"time":"2026-03-05T09:25:51.279Z","logId":1772619286844,"logger":"LoginService","msg":"LOGIN summary: success=1 alreadyOk=0 relogin=1 fail=0"}
{"level":30,"time":"2026-03-05T09:26:50.765Z","logId":1772619286844,"logger":"LoginService","msg":"Initializing background workers..."}
{"level":30,"time":"2026-03-05T09:26:50.765Z","logId":1772619286844,"logger":"FriendWorker","msg":"FriendWorker starting..."}
{"level":30,"time":"2026-03-05T09:26:50.765Z","logId":1772619286844,"logger":"NotificationWorker","msg":"NotificationWorker starting..."}
{"level":30,"time":"2026-03-05T09:26:50.765Z","logId":1772619286844,"logger":"FeedWorker","msg":"FeedWorker starting..."}
{"level":30,"time":"2026-03-05T09:26:50.765Z","logId":1772619286844,"logger":"SurfWorker","msg":"SurfWorker starting..."}
{"level":30,"time":"2026-03-05T09:26:51.329Z","logId":1772619286844,"logger":"LoginService","msg":"LOGIN summary: success=1 alreadyOk=0 relogin=1 fail=0"}
{"level":30,"time":"2026-03-05T09:27:50.767Z","logId":1772619286844,"logger":"LoginService","msg":"Initializing background workers..."}
{"level":30,"time":"2026-03-05T09:27:50.767Z","logId":1772619286844,"logger":"FriendWorker","msg":"FriendWorker starting..."}
{"level":30,"time":"2026-03-05T09:27:50.767Z","logId":1772619286844,"logger":"NotificationWorker","msg":"NotificationWorker starting..."}
{"level":30,"time":"2026-03-05T09:27:50.767Z","logId":1772619286844,"logger":"FeedWorker","msg":"FeedWorker starting..."}
{"level":30,"time":"2026-03-05T09:27:50.767Z","logId":1772619286844,"logger":"SurfWorker","msg":"SurfWorker starting..."}
{"level":30,"time":"2026-03-05T09:27:53.103Z","logId":1772619286844,"logger":"LoginService","msg":"LOGIN summary: success=1 alreadyOk=0 relogin=1 fail=0"}
{"level":30,"time":"2026-03-05T09:28:50.773Z","logId":1772619286844,"logger":"LoginService","msg":"Initializing background workers..."}
{"level":30,"time":"2026-03-05T09:28:50.773Z","logId":1772619286844,"logger":"FriendWorker","msg":"FriendWorker starting..."}
{"level":30,"time":"2026-03-05T09:28:50.773Z","logId":1772619286844,"logger":"NotificationWorker","msg":"NotificationWorker starting..."}
{"level":30,"time":"2026-03-05T09:28:50.773Z","logId":1772619286844,"logger":"FeedWorker","msg":"FeedWorker starting..."}
{"level":30,"time":"2026-03-05T09:28:50.773Z","logId":1772619286844,"logger":"SurfWorker","msg":"SurfWorker starting..."}
{"level":50,"time":"2026-03-05T09:28:50.954Z","logId":1772619286844,"logger":"LoginService","row":1,"phone":"longh1248@gmail.com","proxy":"http://103.84.95.54:7890","err":"read ECONNRESET","msg":"ACCOUNT_PROCESS_ERROR"}
{"level":30,"time":"2026-03-05T09:28:50.954Z","logId":1772619286844,"logger":"LoginService","msg":"LOGIN summary: success=0 alreadyOk=0 relogin=0 fail=1"}
{"level":30,"time":"2026-03-05T09:29:50.775Z","logId":1772619286844,"logger":"LoginService","msg":"Initializing background workers..."}
{"level":30,"time":"2026-03-05T09:29:50.775Z","logId":1772619286844,"logger":"FriendWorker","msg":"FriendWorker starting..."}
{"level":30,"time":"2026-03-05T09:29:50.775Z","logId":1772619286844,"logger":"NotificationWorker","msg":"NotificationWorker starting..."}
{"level":30,"time":"2026-03-05T09:29:50.775Z","logId":1772619286844,"logger":"FeedWorker","msg":"FeedWorker starting..."}
{"level":30,"time":"2026-03-05T09:29:50.775Z","logId":1772619286844,"logger":"SurfWorker","msg":"SurfWorker starting..."}
{"level":50,"time":"2026-03-05T09:29:51.100Z","logId":1772619286844,"logger":"LoginService","row":1,"phone":"longh1248@gmail.com","proxy":"http://103.84.95.54:7890","err":"read ECONNRESET","msg":"ACCOUNT_PROCESS_ERROR"}
{"level":30,"time":"2026-03-05T09:29:51.100Z","logId":1772619286844,"logger":"LoginService","msg":"LOGIN summary: success=0 alreadyOk=0 relogin=0 fail=1"}
{"level":30,"time":"2026-03-05T09:30:50.789Z","logId":1772619286844,"logger":"LoginService","msg":"Initializing background workers..."}
{"level":30,"time":"2026-03-05T09:30:50.789Z","logId":1772619286844,"logger":"FriendWorker","msg":"FriendWorker starting..."}
{"level":30,"time":"2026-03-05T09:30:50.789Z","logId":1772619286844,"logger":"NotificationWorker","msg":"NotificationWorker starting..."}
{"level":30,"time":"2026-03-05T09:30:50.789Z","logId":1772619286844,"logger":"FeedWorker","msg":"FeedWorker starting..."}
{"level":30,"time":"2026-03-05T09:30:50.789Z","logId":1772619286844,"logger":"SurfWorker","msg":"SurfWorker starting..."}
{"level":50,"time":"2026-03-05T09:30:51.035Z","logId":1772619286844,"logger":"LoginService","row":1,"phone":"longh1248@gmail.com","proxy":"http://103.84.95.54:7890","err":"Client network socket disconnected before secure TLS connection was established","msg":"ACCOUNT_PROCESS_ERROR"}
{"level":30,"time":"2026-03-05T09:30:51.035Z","logId":1772619286844,"logger":"LoginService","msg":"LOGIN summary: success=0 alreadyOk=0 relogin=0 fail=1"}
{"level":30,"time":"2026-03-05T09:31:50.791Z","logId":1772619286844,"logger":"LoginService","msg":"Initializing background workers..."}
{"level":30,"time":"2026-03-05T09:31:50.791Z","logId":1772619286844,"logger":"FriendWorker","msg":"FriendWorker starting..."}
{"level":30,"time":"2026-03-05T09:31:50.791Z","logId":1772619286844,"logger":"NotificationWorker","msg":"NotificationWorker starting..."}
{"level":30,"time":"2026-03-05T09:31:50.791Z","logId":1772619286844,"logger":"FeedWorker","msg":"FeedWorker starting..."}
{"level":30,"time":"2026-03-05T09:31:50.791Z","logId":1772619286844,"logger":"SurfWorker","msg":"SurfWorker starting..."}
{"level":50,"time":"2026-03-05T09:31:50.998Z","logId":1772619286844,"logger":"LoginService","row":1,"phone":"longh1248@gmail.com","proxy":"http://103.84.95.54:7890","err":"read ECONNRESET","msg":"ACCOUNT_PROCESS_ERROR"}
{"level":30,"time":"2026-03-05T09:31:50.998Z","logId":1772619286844,"logger":"LoginService","msg":"LOGIN summary: success=0 alreadyOk=0 relogin=0 fail=1"}
{"level":30,"time":"2026-03-05T09:32:50.792Z","logId":1772619286844,"logger":"LoginService","msg":"Initializing background workers..."}
{"level":30,"time":"2026-03-05T09:32:50.792Z","logId":1772619286844,"logger":"FriendWorker","msg":"FriendWorker starting..."}
{"level":30,"time":"2026-03-05T09:32:50.792Z","logId":1772619286844,"logger":"NotificationWorker","msg":"NotificationWorker starting..."}
{"level":30,"time":"2026-03-05T09:32:50.792Z","logId":1772619286844,"logger":"FeedWorker","msg":"FeedWorker starting..."}
{"level":30,"time":"2026-03-05T09:32:50.792Z","logId":1772619286844,"logger":"SurfWorker","msg":"SurfWorker starting..."}
{"level":50,"time":"2026-03-05T09:32:50.958Z","logId":1772619286844,"logger":"LoginService","row":1,"phone":"longh1248@gmail.com","proxy":"http://103.84.95.54:7890","err":"Client network socket disconnected before secure TLS connection was established","msg":"ACCOUNT_PROCESS_ERROR"}
{"level":30,"time":"2026-03-05T09:32:50.958Z","logId":1772619286844,"logger":"LoginService","msg":"LOGIN summary: success=0 alreadyOk=0 relogin=0 fail=1"}
{"level":30,"time":"2026-03-05T09:33:50.809Z","logId":1772619286844,"logger":"LoginService","msg":"Initializing background workers..."}
{"level":30,"time":"2026-03-05T09:33:50.809Z","logId":1772619286844,"logger":"FriendWorker","msg":"FriendWorker starting..."}
{"level":30,"time":"2026-03-05T09:33:50.809Z","logId":1772619286844,"logger":"NotificationWorker","msg":"NotificationWorker starting..."}
{"level":30,"time":"2026-03-05T09:33:50.809Z","logId":1772619286844,"logger":"FeedWorker","msg":"FeedWorker starting..."}
{"level":30,"time":"2026-03-05T09:33:50.809Z","logId":1772619286844,"logger":"SurfWorker","msg":"SurfWorker starting..."}
{"level":30,"time":"2026-03-05T09:33:51.354Z","logId":1772619286844,"logger":"LoginService","msg":"LOGIN summary: success=1 alreadyOk=0 relogin=1 fail=0"}
{"level":30,"time":"2026-03-05T09:34:50.813Z","logId":1772619286844,"logger":"LoginService","msg":"Initializing background workers..."}
{"level":30,"time":"2026-03-05T09:34:50.813Z","logId":1772619286844,"logger":"FriendWorker","msg":"FriendWorker starting..."}
{"level":30,"time":"2026-03-05T09:34:50.813Z","logId":1772619286844,"logger":"NotificationWorker","msg":"NotificationWorker starting..."}
{"level":30,"time":"2026-03-05T09:34:50.813Z","logId":1772619286844,"logger":"FeedWorker","msg":"FeedWorker starting..."}
{"level":30,"time":"2026-03-05T09:34:50.813Z","logId":1772619286844,"logger":"SurfWorker","msg":"SurfWorker starting..."}
{"level":30,"time":"2026-03-05T09:34:51.316Z","logId":1772619286844,"logger":"LoginService","msg":"LOGIN summary: success=1 alreadyOk=0 relogin=1 fail=0"}
{"level":30,"time":"2026-03-05T09:35:50.814Z","logId":1772619286844,"logger":"LoginService","msg":"Initializing background workers..."}
{"level":30,"time":"2026-03-05T09:35:50.814Z","logId":1772619286844,"logger":"FriendWorker","msg":"FriendWorker starting..."}
{"level":30,"time":"2026-03-05T09:35:50.814Z","logId":1772619286844,"logger":"NotificationWorker","msg":"NotificationWorker starting..."}
{"level":30,"time":"2026-03-05T09:35:50.814Z","logId":1772619286844,"logger":"FeedWorker","msg":"FeedWorker starting..."}
{"level":30,"time":"2026-03-05T09:35:50.814Z","logId":1772619286844,"logger":"SurfWorker","msg":"SurfWorker starting..."}
{"level":30,"time":"2026-03-05T09:35:51.332Z","logId":1772619286844,"logger":"LoginService","msg":"LOGIN summary: success=1 alreadyOk=0 relogin=1 fail=0"}
{"level":30,"time":"2026-03-05T09:36:50.823Z","logId":1772619286844,"logger":"LoginService","msg":"Initializing background workers..."}
{"level":30,"time":"2026-03-05T09:36:50.823Z","logId":1772619286844,"logger":"FriendWorker","msg":"FriendWorker starting..."}
{"level":30,"time":"2026-03-05T09:36:50.823Z","logId":1772619286844,"logger":"NotificationWorker","msg":"NotificationWorker starting..."}
{"level":30,"time":"2026-03-05T09:36:50.823Z","logId":1772619286844,"logger":"FeedWorker","msg":"FeedWorker starting..."}
{"level":30,"time":"2026-03-05T09:36:50.823Z","logId":1772619286844,"logger":"SurfWorker","msg":"SurfWorker starting..."}
{"level":50,"time":"2026-03-05T09:36:51.107Z","logId":1772619286844,"logger":"LoginService","row":1,"phone":"longh1248@gmail.com","proxy":"http://103.84.95.54:7890","err":"Client network socket disconnected before secure TLS connection was established","msg":"ACCOUNT_PROCESS_ERROR"}
{"level":30,"time":"2026-03-05T09:36:51.108Z","logId":1772619286844,"logger":"LoginService","msg":"LOGIN summary: success=0 alreadyOk=0 relogin=0 fail=1"}
{"level":30,"time":"2026-03-05T09:37:50.847Z","logId":1772619286844,"logger":"LoginService","msg":"Initializing background workers..."}
{"level":30,"time":"2026-03-05T09:37:50.847Z","logId":1772619286844,"logger":"FriendWorker","msg":"FriendWorker starting..."}
{"level":30,"time":"2026-03-05T09:37:50.847Z","logId":1772619286844,"logger":"NotificationWorker","msg":"NotificationWorker starting..."}
{"level":30,"time":"2026-03-05T09:37:50.847Z","logId":1772619286844,"logger":"FeedWorker","msg":"FeedWorker starting..."}
{"level":30,"time":"2026-03-05T09:37:50.847Z","logId":1772619286844,"logger":"SurfWorker","msg":"SurfWorker starting..."}
{"level":50,"time":"2026-03-05T09:37:52.000Z","logId":1772619286844,"logger":"LoginService","row":1,"phone":"longh1248@gmail.com","proxy":"http://103.84.95.54:7890","err":"Client network socket disconnected before secure TLS connection was established","msg":"ACCOUNT_PROCESS_ERROR"}
{"level":30,"time":"2026-03-05T09:37:52.000Z","logId":1772619286844,"logger":"LoginService","msg":"LOGIN summary: success=0 alreadyOk=0 relogin=0 fail=1"}
{"level":30,"time":"2026-03-05T09:38:50.861Z","logId":1772619286844,"logger":"LoginService","msg":"Initializing background workers..."}
{"level":30,"time":"2026-03-05T09:38:50.861Z","logId":1772619286844,"logger":"FriendWorker","msg":"FriendWorker starting..."}
{"level":30,"time":"2026-03-05T09:38:50.861Z","logId":1772619286844,"logger":"NotificationWorker","msg":"NotificationWorker starting..."}
{"level":30,"time":"2026-03-05T09:38:50.861Z","logId":1772619286844,"logger":"FeedWorker","msg":"FeedWorker starting..."}
{"level":30,"time":"2026-03-05T09:38:50.861Z","logId":1772619286844,"logger":"SurfWorker","msg":"SurfWorker starting..."}
{"level":50,"time":"2026-03-05T09:38:51.063Z","logId":1772619286844,"logger":"LoginService","row":1,"phone":"longh1248@gmail.com","proxy":"http://103.84.95.54:7890","err":"read ECONNRESET","msg":"ACCOUNT_PROCESS_ERROR"}
{"level":30,"time":"2026-03-05T09:38:51.063Z","logId":1772619286844,"logger":"LoginService","msg":"LOGIN summary: success=0 alreadyOk=0 relogin=0 fail=1"}
{"level":30,"time":"2026-03-05T09:39:50.873Z","logId":1772619286844,"logger":"LoginService","msg":"Initializing background workers..."}
{"level":30,"time":"2026-03-05T09:39:50.873Z","logId":1772619286844,"logger":"FriendWorker","msg":"FriendWorker starting..."}
{"level":30,"time":"2026-03-05T09:39:50.873Z","logId":1772619286844,"logger":"NotificationWorker","msg":"NotificationWorker starting..."}
{"level":30,"time":"2026-03-05T09:39:50.873Z","logId":1772619286844,"logger":"FeedWorker","msg":"FeedWorker starting..."}
{"level":30,"time":"2026-03-05T09:39:50.873Z","logId":1772619286844,"logger":"SurfWorker","msg":"SurfWorker starting..."}
{"level":50,"time":"2026-03-05T09:39:51.076Z","logId":1772619286844,"logger":"LoginService","row":1,"phone":"longh1248@gmail.com","proxy":"http://103.84.95.54:7890","err":"Client network socket disconnected before secure TLS connection was established","msg":"ACCOUNT_PROCESS_ERROR"}
{"level":30,"time":"2026-03-05T09:39:51.076Z","logId":1772619286844,"logger":"LoginService","msg":"LOGIN summary: success=0 alreadyOk=0 relogin=0 fail=1"}
